,X_r,Decision,best_r_quality,top_quality,OC,mean_input,P5_input,P95_input,KG,DL,HP_names,HP_vars,file_number
0,[31.46791938],False,62.91880420095306,73.89196795766347,10.973163756710406,[39.80462713 13.56006792],[36.98105737  3.11361716],[42.05660344 41.48776346],"[array([[ 0.19040993, 38.11807559,  6.23671366]]), 5.929914087198966]","[0, 0.05205735802305523]","['rbf.variance', 'rbf.lengthscale', 'Gaussian_noise.variance']","[1.06972813e+04 6.66666667e+01 2.34966254e+01 6.66666667e+01
 2.50050000e+00]",1
