,X_r,OC,KG,DL,HP_names,HP_vars,file_number
0,[41.40669437],[[1.51656881]],"[array([[51.38241426, 31.19665176]]), 54.95670722704723]","[nan, nan]","['rbf.variance', 'rbf.lengthscale', 'Gaussian_noise.variance']",[2.44299400e+04 5.35199084e+01 5.95811746e+01 1.00446091e-02],1710
1,[37.80457324],[[0.56342399]],"[array([[37.88842903, 88.40461452]]), 52.302675119796994]","[nan, nan]","['rbf.variance', 'rbf.lengthscale', 'Gaussian_noise.variance']",[24429.83385678    58.36134007    60.4331908     34.32390981],1710
2,[38.40254287],[[0.18864053]],"[array([[38.41867396, 18.02101268]]), 52.61931854588407]","[nan, nan]","['rbf.variance', 'rbf.lengthscale', 'Gaussian_noise.variance']",[24429.76681691    54.37050451    59.78456383    26.86855994],1710
3,[38.25183066],[[0.26518458]],"[array([[38.24691792, 99.99996974]]), 53.24348143202548]","[nan, nan]","['rbf.variance', 'rbf.lengthscale', 'Gaussian_noise.variance']",[17575.22760252    49.97127905    55.9214627     18.58060724],1710
4,[38.88540188],[[0.02973384]],"[array([[ 0.74978542, 95.13544251]]), 53.86910841996384]","[nan, nan]","['rbf.variance', 'rbf.lengthscale', 'Gaussian_noise.variance']",[12474.68218708    44.36565207    47.16551502    28.00982706],1710
5,[38.94842872],[[0.01901578]],"[array([[38.95202551, 64.49481598]]), 53.11198700885673]","[nan, nan]","['rbf.variance', 'rbf.lengthscale', 'Gaussian_noise.variance']",[12775.13432393    46.2946888     49.52690176    29.76935748],1710
