,X_r,OC,KG,DL,HP_names,HP_vars,file_number
0,[22.41778362],[[29.05582097]],"[array([[ 2.78300712, 38.89866717]]), 116.10888967670253]","[nan, nan]","['rbf.variance', 'rbf.lengthscale', 'Gaussian_noise.variance']",[1.15273241e+04 4.24294404e+01 3.27061972e+01 1.51913529e-05],1988
1,[34.28511311],[[5.5428173]],"[array([[20.51003687, 39.94874886]]), 83.81041026892517]","[nan, nan]","['rbf.variance', 'rbf.lengthscale', 'Gaussian_noise.variance']",[1.04752383e+04 3.57374174e+01 3.63317544e+01 1.00000000e-03],1988
