,X_r,OC,KG,DL,HP_names,HP_vars,file_number
0,[22.78045931],[[28.33046955]],"[array([[7.03798148e-07, 3.96321767e+01]]), 63.88977088608623]","[nan, nan]","['rbf.variance', 'rbf.lengthscale', 'Gaussian_noise.variance']",[1.46498958e+04 4.44247165e+01 5.72894014e+01 8.38600908e-05],1730
1,[28.04091144],[[17.80985602]],"[array([[22.61984728, 40.0797741 ]]), 58.210422650010976]","[nan, nan]","['rbf.variance', 'rbf.lengthscale', 'Gaussian_noise.variance']",[1.33056624e+04 4.39014392e+01 4.98821204e+01 1.00000000e-03],1730
2,[30.20928561],[[13.4771026]],"[array([[30.1756293 ,  1.09807518]]), 52.54560937883858]","[nan, nan]","['rbf.variance', 'rbf.lengthscale', 'Gaussian_noise.variance']",[13304.67199405    42.52185581    52.0678831     20.22306436],1730
3,[30.20545102],[[13.48475301]],"[array([[30.20142251, 39.89548049]]), 51.53921350363154]","[nan, nan]","['rbf.variance', 'rbf.lengthscale', 'Gaussian_noise.variance']",[13304.59881907    43.77700788    52.53804416    20.42723173],1730
4,[30.33841731],[[13.2195177]],"[array([[30.34454122, 90.61883647]]), 54.01313832248038]","[nan, nan]","['rbf.variance', 'rbf.lengthscale', 'Gaussian_noise.variance']",[13304.56369267    43.0066338     50.43551248    22.85477329],1730
5,[30.48367466],[[12.92988515]],"[array([[30.46244768, 73.98271368]]), 54.319269891523454]","[nan, nan]","['rbf.variance', 'rbf.lengthscale', 'Gaussian_noise.variance']",[12274.93365028    42.61614315    51.06266709    19.80466429],1730
