,X_r,OC,KG,DL,HP_names,HP_vars,file_number
0,[35.07736754],[[4.14336599]],"[array([[18.0682916 , 24.43614737]]), 83.67731540586017]","[nan, nan]","['rbf.variance', 'rbf.lengthscale', 'Gaussian_noise.variance']",[3.64573406e+04 6.40701777e+01 5.16002955e+01 1.00000000e-03],1624
1,[31.85601649],[[10.20438403]],"[array([[31.76172719,  7.79122869]]), 78.46015685160157]","[nan, nan]","['rbf.variance', 'rbf.lengthscale', 'Gaussian_noise.variance']",[3.64568400e+04 6.70185597e+01 5.21417155e+01 2.40218219e+01],1624
2,[32.34742434],[[9.23703597]],"[array([[5.23575679, 0.62134354]]), 78.85900825346842]","[nan, nan]","['rbf.variance', 'rbf.lengthscale', 'Gaussian_noise.variance']",[3.64567646e+04 6.98209013e+01 5.16115064e+01 1.78814719e+01],1624
3,[36.34059871],[[2.17797109]],"[array([[92.81759834, 72.09614115]]), 79.32586457182191]","[nan, nan]","['rbf.variance', 'rbf.lengthscale', 'Gaussian_noise.variance']",[3.64567626e+04 6.25680146e+01 5.00233814e+01 1.35445392e+01],1624
4,[37.08791448],[[1.24365364]],"[array([[64.26082253, 37.55008508]]), 68.52772893028754]","[nan, nan]","['rbf.variance', 'rbf.lengthscale', 'Gaussian_noise.variance']",[1.69942775e+04 5.18468455e+01 3.28428528e+01 7.42818099e+00],1624
5,[32.79694302],[[8.35927203]],"[array([[32.79090595, 98.19516345]]), 75.90690072734006]","[nan, nan]","['rbf.variance', 'rbf.lengthscale', 'Gaussian_noise.variance']",[17223.909991      51.3067316     37.78699717    23.32513244],1624
6,[32.94178441],[[8.07833464]],"[array([[32.93946536, 53.94498114]]), 74.86478691714896]","[nan, nan]","['rbf.variance', 'rbf.lengthscale', 'Gaussian_noise.variance']",[16167.12142501    51.10650741    37.71920378    21.25797712],1624
7,[34.2314837],[[5.64076823]],"[array([[55.07139066, 56.51780327]]), 67.0613336184031]","[nan, nan]","['rbf.variance', 'rbf.lengthscale', 'Gaussian_noise.variance']",[1.61669923e+04 5.11359490e+01 3.48886927e+01 1.24179405e+01],1624
