,X_r,OC,KG,DL,HP_names,HP_vars,file_number
0,[35.8493544],[[2.8935442]],"[array([[26.902076  , 43.61210794]]), 74.38701690850613]","[nan, nan]","['rbf.variance', 'rbf.lengthscale', 'Gaussian_noise.variance']",[1.73898485e+04 4.90605851e+01 4.16523013e+01 1.39204369e-04],1815
1,[38.7279775],[[0.06675339]],"[array([[38.60959637, 10.39022687]]), 66.5264966759937]","[nan, nan]","['rbf.variance', 'rbf.lengthscale', 'Gaussian_noise.variance']",[17385.11370037    43.67810545    44.73382547    43.97549243],1815
2,[47.14541807],[[15.39276817]],"[array([[60.18081956, 41.05121852]]), 74.6423023631123]","[nan, nan]","['rbf.variance', 'rbf.lengthscale', 'Gaussian_noise.variance']",[1.07987714e+04 4.10933239e+01 2.45869923e+01 1.00000000e-03],1815
3,[45.30657985],[[10.11608453]],"[array([[ 0.19917874, 39.03972174]]), 71.84685306275219]","[nan, nan]","['rbf.variance', 'rbf.lengthscale', 'Gaussian_noise.variance']",[1.33609539e+04 3.64994141e+01 3.32466931e+01 1.00000000e-03],1815
