,X_r,OC,KG,DL,HP_names,HP_vars,file_number
0,[0.00136265],[[73.88866271]],"[array([[ 0.51763675, 36.74601313]]), 37.955168108148186]","[nan, nan]","['rbf.variance', 'rbf.lengthscale', 'Gaussian_noise.variance']",[1.17436632e+04 5.01591484e+01 3.90870954e+01 3.73425035e+00],1660
1,[43.40332324],[[5.2383078]],"[array([[30.86089029, 35.14882123]]), 24.096671468599617]","[nan, nan]","['rbf.variance', 'rbf.lengthscale', 'Gaussian_noise.variance']",[1.17426162e+04 4.46339238e+01 3.77993232e+01 6.19021570e-01],1660
2,[25.44392393],[[23.00354674]],"[array([[19.39949816, 34.59263545]]), 80.5263678120899]","[nan, nan]","['rbf.variance', 'rbf.lengthscale', 'Gaussian_noise.variance']",[6.96450467e+03 2.41397697e+01 3.08082384e+01 1.00000000e-03],1660
3,[31.43469149],[[11.03830201]],"[array([[42.2889569 , 34.17399942]]), 70.54969699055621]","[nan, nan]","['rbf.variance', 'rbf.lengthscale', 'Gaussian_noise.variance']",[6.96448545e+03 1.95527380e+01 3.22062247e+01 9.84917536e-03],1660
4,[33.1052882],[[7.76252329]],"[array([[33.11373991, 94.91501942]]), 58.86394279638566]","[nan, nan]","['rbf.variance', 'rbf.lengthscale', 'Gaussian_noise.variance']",[10243.19274565    45.08584992    34.51832254   271.68319691],1660
5,[32.85824186],[[8.2402488]],"[array([[32.85170079, 29.1735312 ]]), 57.88784868235172]","[nan, nan]","['rbf.variance', 'rbf.lengthscale', 'Gaussian_noise.variance']",[11206.58029479    47.24306529    38.66236817   260.60541699],1660
6,[87.99077076],[[137.86370029]],"[array([[88.04265304, 80.20675449]]), 193.41027843797636]","[nan, nan]","['rbf.variance', 'rbf.lengthscale', 'Gaussian_noise.variance']",[1.08539600e+04 7.44305346e+00 1.97244481e+03 1.00000000e-03],1660
7,[90.53403737],[[145.49350014]],"[array([[90.94094275, 96.28467095]]), 186.8225424232712]","[nan, nan]","['rbf.variance', 'rbf.lengthscale', 'Gaussian_noise.variance']",[4.73003850e+03 4.12149902e+00 1.17788272e+03 1.00000000e-03],1660
