,X_r,OC,KG,DL,HP_names,HP_vars,file_number
0,[37.68855606],[[0.65736336]],"[array([[57.84949948, 41.59102147]]), 63.487457639055414]","[nan, nan]","['rbf.variance', 'rbf.lengthscale', 'Gaussian_noise.variance']",[1.14265856e+04 3.23568004e+01 4.76513497e+01 1.00000000e-03],1959
1,[41.61561765],[[1.81281933]],"[array([[ 9.57922768, 36.2979823 ]]), 71.55895111643952]","[nan, nan]","['rbf.variance', 'rbf.lengthscale', 'Gaussian_noise.variance']",[1.37924639e+04 3.94188063e+01 4.43847865e+01 1.00000000e-03],1959
