,X_r,OC,KG,DL,HP_names,HP_vars,file_number
0,[31.93399615],[[10.0504481]],"[array([[15.22531078, 35.89352201]]), 31.777235822131857]","[nan, nan]","['rbf.variance', 'rbf.lengthscale', 'Gaussian_noise.variance']",[4.51365079e+04 9.47906509e+01 6.41097496e+01 4.30975471e-05],1739
1,[26.89649722],[[20.09845285]],"[array([[ 5.63757526, 39.58307136]]), 35.75828117544486]","[nan, nan]","['rbf.variance', 'rbf.lengthscale', 'Gaussian_noise.variance']",[2.31715682e+04 8.26669538e+01 4.84475725e+01 1.00000000e-03],1739
2,[30.76786952],[[12.36365718]],"[array([[30.77128492, 88.37754376]]), 36.179437050488666]","[nan, nan]","['rbf.variance', 'rbf.lengthscale', 'Gaussian_noise.variance']",[23171.07639173    68.82306799    52.66856513    24.24555491],1739
3,[30.90385669],[[12.09296068]],"[array([[30.9027132 , 45.53882933]]), 37.03187802222998]","[nan, nan]","['rbf.variance', 'rbf.lengthscale', 'Gaussian_noise.variance']",[18407.90712805    63.81106933    50.70482384    21.23547094],1739
4,[30.62311974],[[12.651977]],"[array([[3.05966706e+01, 6.00504624e-05]]), 41.424957546024345]","[nan, nan]","['rbf.variance', 'rbf.lengthscale', 'Gaussian_noise.variance']",[18407.61694863    59.21013182    48.74895408    57.58790641],1739
5,[32.30607276],[[9.31816313]],"[array([[32.29995927, 56.71444367]]), 38.034162468670786]","[nan, nan]","['rbf.variance', 'rbf.lengthscale', 'Gaussian_noise.variance']",[18384.71626968    66.78050889    43.4497779    114.26842858],1739
