,X_r,OC,KG,DL,HP_names,HP_vars,file_number
0,[33.35064727],[[7.29160349]],"[array([[23.35254622, 40.0198599 ]]), 114.57811977628778]","[nan, nan]","['rbf.variance', 'rbf.lengthscale', 'Gaussian_noise.variance']",[6.16590906e+03 2.41107207e+01 2.24289962e+01 1.00000000e-02],1984
1,[39.51434165],[[0.03063372]],"[array([[99.99999825, 41.13185024]]), 94.93533497617152]","[nan, nan]","['rbf.variance', 'rbf.lengthscale', 'Gaussian_noise.variance']",[5.56526151e+03 2.15686451e+01 2.25391595e+01 1.00000000e-03],1984
