,X_r,OC,KG,DL,HP_names,HP_vars,file_number
0,[10.93323017],[[52.02492784]],"[array([[ 0.60645473, 41.05247093]]), 89.17434392896122]","[nan, nan]","['rbf.variance', 'rbf.lengthscale', 'Gaussian_noise.variance']",[5.04823355e+03 5.20905064e+01 1.80437573e+01 1.02143999e-02],1926
1,[36.5575328],[[1.88596273]],"[array([[23.92281683, 44.93800289]]), 39.833840102998735]","[nan, nan]","['rbf.variance', 'rbf.lengthscale', 'Gaussian_noise.variance']",[4677.7512248    43.16283202   29.45185597  301.1288008 ],1926
