,X_r,OC,KG,DL,HP_names,HP_vars,file_number
0,[28.57478114],[[16.74241244]],"[array([[14.50051819, 36.98965589]]), 94.02577162653814]","[nan, nan]","['rbf.variance', 'rbf.lengthscale', 'Gaussian_noise.variance']",[3.03039051e+04 3.37493886e+01 6.01580016e+01 1.79402196e-04],1780
1,[34.20307843],[[5.69278899]],"[array([[10.67953865, 36.03137918]]), 70.73377434221405]","[nan, nan]","['rbf.variance', 'rbf.lengthscale', 'Gaussian_noise.variance']",[3.03038992e+04 3.05845555e+01 6.28282773e+01 1.00050608e-02],1780
2,[35.03502891],[[4.21555683]],"[array([[97.56385988, 37.62960156]]), 66.55791560391614]","[nan, nan]","['rbf.variance', 'rbf.lengthscale', 'Gaussian_noise.variance']",[3.03038951e+04 3.01767396e+01 6.50525925e+01 9.68525025e-03],1780
3,[35.08008367],[[4.1387464]],"[array([[61.90001157, 38.84539072]]), 72.57296196777604]","[nan, nan]","['rbf.variance', 'rbf.lengthscale', 'Gaussian_noise.variance']",[2.09614402e+04 2.53676943e+01 6.14745250e+01 1.00000000e-03],1780
4,[35.04436836],[[4.19960377]],"[array([[35.38681362, 60.50337559]]), 39.87303929106335]","[nan, nan]","['rbf.variance', 'rbf.lengthscale', 'Gaussian_noise.variance']",[16111.80370832    45.85043151    27.84956346   138.26169512],1780
5,[34.87728508],[[4.48736977]],"[array([[34.86687717, 50.77822172]]), 56.83748355766563]","[nan, nan]","['rbf.variance', 'rbf.lengthscale', 'Gaussian_noise.variance']",[21883.67963823    37.94343718    55.54422535   198.67578327],1780
