,X_r,OC,KG,DL,HP_names,HP_vars,file_number
0,[37.98778471],[[0.42873009]],"[array([[ 0.04852827, 46.94896862]]), 55.653583646638225]","[nan, nan]","['rbf.variance', 'rbf.lengthscale', 'Gaussian_noise.variance']",[2.19120373e+04 4.65482934e+01 5.57014259e+01 2.20187546e+00],157
1,[40.9974837],[[1.00919141]],"[array([[21.89782034, 40.21538767]]), 48.393561000401746]","[nan, nan]","['rbf.variance', 'rbf.lengthscale', 'Gaussian_noise.variance']",[2.19120470e+04 4.59242606e+01 5.58659044e+01 1.24072988e+00],157
2,[36.45588212],[[2.02082254]],"[array([[99.88689789, 41.60508914]]), 54.08637816733295]","[nan, nan]","['rbf.variance', 'rbf.lengthscale', 'Gaussian_noise.variance']",[2.19120258e+04 4.61681698e+01 5.27487430e+01 6.68208810e+00],157
3,[37.9674864],[[0.44281303]],"[array([[82.35065096, 41.77137091]]), 54.973967220134206]","[nan, nan]","['rbf.variance', 'rbf.lengthscale', 'Gaussian_noise.variance']",[2.19119686e+04 4.94148300e+01 3.74735215e+01 1.48808426e+01],157
4,[38.28149232],[[0.24913803]],"[array([[38.29412129, 11.31250099]]), 59.47983767199626]","[nan, nan]","['rbf.variance', 'rbf.lengthscale', 'Gaussian_noise.variance']",[21909.20174343    46.42198322    37.68342873    32.56154372],157
5,[38.3429623],[[0.21741041]],"[array([[38.35985324,  4.82298608]]), 59.28354464643026]","[nan, nan]","['rbf.variance', 'rbf.lengthscale', 'Gaussian_noise.variance']",[16478.22703317    45.12375758    36.12565145    28.27703876],157
6,[37.85440176],[[0.52511597]],"[array([[ 0.97560464, 28.44344221]]), 55.993021139434596]","[nan, nan]","['rbf.variance', 'rbf.lengthscale', 'Gaussian_noise.variance']",[14840.30939888    45.6179177     33.333783     109.35488784],157
7,[37.55470645],[[0.77380572]],"[array([[37.54916276, 31.5682515 ]]), 55.12772730682364]","[nan, nan]","['rbf.variance', 'rbf.lengthscale', 'Gaussian_noise.variance']",[14804.63722202    45.84540811    35.21947696   112.59239122],157
8,[37.79569182],[[0.57038175]],"[array([[37.80857603, 78.81574964]]), 56.51756483719444]","[nan, nan]","['rbf.variance', 'rbf.lengthscale', 'Gaussian_noise.variance']",[14162.42697717    45.19952855    33.53080707    85.50251081],157
9,[38.10590554],[[0.35101696]],"[array([[38.13715847, 59.92814294]]), 58.0451697702791]","[nan, nan]","['rbf.variance', 'rbf.lengthscale', 'Gaussian_noise.variance']",[12988.75245748    44.38719725    30.56853753    62.05181672],157
