,X_r,OC,KG,DL,HP_names,HP_vars,file_number
0,[31.87121764],[[10.17436515]],"[array([[51.1457106 , 37.99667417]]), 49.32680997086105]","[nan, nan]","['rbf.variance', 'rbf.lengthscale', 'Gaussian_noise.variance']",[1.35023648e+04 3.30461561e+01 3.25653882e+01 5.45658887e-04],1741
1,[40.94802259],[[0.95458391]],"[array([[38.85560241, 37.11695647]]), 64.37021644795678]","[nan, nan]","['rbf.variance', 'rbf.lengthscale', 'Gaussian_noise.variance']",[1.85037741e+04 3.45783186e+01 4.04575896e+01 1.00000000e-03],1741
2,[39.68362184],[[0.07257326]],"[array([[57.94919026, 36.46435959]]), 64.92111060816349]","[nan, nan]","['rbf.variance', 'rbf.lengthscale', 'Gaussian_noise.variance']",[2.77463474e+04 4.05591642e+01 4.69699812e+01 1.00000000e-03],1741
3,[45.02526477],[[9.34419437]],"[array([[19.57367178, 39.62892893]]), 71.97116593697397]","[nan, nan]","['rbf.variance', 'rbf.lengthscale', 'Gaussian_noise.variance']",[2.77463365e+04 2.06035834e+01 3.81389840e+01 3.41508277e-03],1741
4,[37.68343005],[[0.66166531]],"[array([[37.67404603, 84.44736547]]), 63.15266406867527]","[nan, nan]","['rbf.variance', 'rbf.lengthscale', 'Gaussian_noise.variance']",[13242.95845768    34.27497896    34.29155132   123.36042798],1741
5,[37.0975107],[[1.23304775]],"[array([[37.09538392, 66.3993617 ]]), 59.86010894281909]","[nan, nan]","['rbf.variance', 'rbf.lengthscale', 'Gaussian_noise.variance']",[13113.29602749    37.58571924    35.29323317   166.25282974],1741
