,X_r,OC,KG,DL,HP_names,HP_vars,file_number
0,[35.37698463],[[3.64253114]],"[array([[16.23199262, 36.98705561]]), 85.6318127471893]","[nan, nan]","['rbf.variance', 'rbf.lengthscale', 'Gaussian_noise.variance']",[15709.37860501    52.66707519    36.03510528    68.30575452],1948
1,[41.77609735],[[2.05682621]],"[array([[ 0.37791282, 29.88197157]]), 74.40943598947119]","[nan, nan]","['rbf.variance', 'rbf.lengthscale', 'Gaussian_noise.variance']",[15706.14550329    50.678235      37.8298917     80.98809194],1948
