,X_r,OC,KG,DL,HP_names,HP_vars,file_number
0,[29.48367884],[[14.92585613]],"[array([[22.8051627 , 40.54291973]]), 70.16722886592348]","[nan, nan]","['rbf.variance', 'rbf.lengthscale', 'Gaussian_noise.variance']",[1.14044259e+04 3.33050708e+01 3.59585339e+01 9.90911333e-03],1930
1,[31.26298421],[[11.37904222]],"[array([[31.22482509, 88.9719922 ]]), 54.78014499746725]","[nan, nan]","['rbf.variance', 'rbf.lengthscale', 'Gaussian_noise.variance']",[12118.87122492    40.17161265    37.20538164   109.54271796],1930
