,X_r,OC,KG,DL,HP_names,HP_vars,file_number
0,[41.23629928],[[1.29337747]],"[array([[ 6.89015738, 43.0096697 ]]), 69.31433900828539]","[nan, nan]","['rbf.variance', 'rbf.lengthscale', 'Gaussian_noise.variance']",[8.07609181e+03 3.40181862e+01 2.62217135e+01 1.00278727e-02],1778
1,[41.45194659],[[1.57864598]],"[array([[52.27697854, 54.81456411]]), 61.20960482472275]","[nan, nan]","['rbf.variance', 'rbf.lengthscale', 'Gaussian_noise.variance']",[8.07607112e+03 4.22301350e+01 2.33922660e+01 9.91120006e-03],1778
2,[41.99268816],[[2.40807054]],"[array([[ 7.11765827, 32.70231283]]), 59.39084127469827]","[nan, nan]","['rbf.variance', 'rbf.lengthscale', 'Gaussian_noise.variance']",[8.44760111e+03 4.55106085e+01 2.31092466e+01 8.31381234e+00],1778
3,[42.18857996],[[2.74666689]],"[array([[63.7639047 , 24.90849639]]), 65.14001792600297]","[nan, nan]","['rbf.variance', 'rbf.lengthscale', 'Gaussian_noise.variance']",[8254.92480181   35.34827756   31.40598575   11.65364182],1778
4,[43.73382155],[[6.01552975]],"[array([[44.14561686, 35.66563692]]), 72.9775703706519]","[nan, nan]","['rbf.variance', 'rbf.lengthscale', 'Gaussian_noise.variance']",[1.10601672e+04 3.47284414e+01 3.88111097e+01 7.96759322e+00],1778
5,[42.33687435],[[3.01570344]],"[array([[42.31588081,  0.46856127]]), 53.154346671881214]","[nan, nan]","['rbf.variance', 'rbf.lengthscale', 'Gaussian_noise.variance']",[9241.28421333   41.4010413    34.86090216   67.4940738 ],1778
