,X_r,OC,KG,DL,HP_names,HP_vars,file_number
0,[35.27782744],[[3.80625688]],"[array([[ 0.36193875, 41.16022161]]), 63.83897580711677]","[nan, nan]","['rbf.variance', 'rbf.lengthscale', 'Gaussian_noise.variance']",[2.10728623e+04 6.11469987e+01 4.00060622e+01 7.11914134e-04],187
1,[37.44334266],[[0.87708463]],"[array([[36.96824791, 14.16701503]]), 59.53263336019942]","[nan, nan]","['rbf.variance', 'rbf.lengthscale', 'Gaussian_noise.variance']",[3.71794171e+04 7.32951462e+01 4.78981426e+01 1.00000000e-03],187
2,[37.01389478],[[1.32673256]],"[array([[92.76309922,  0.38810325]]), 60.481771770589866]","[nan, nan]","['rbf.variance', 'rbf.lengthscale', 'Gaussian_noise.variance']",[37158.99213168    65.69377862    42.34232902    49.04854163],187
3,[37.80499639],[[0.56309346]],"[array([[17.84050175,  0.12348373]]), 57.23571874467627]","[nan, nan]","['rbf.variance', 'rbf.lengthscale', 'Gaussian_noise.variance']",[28242.17240854    67.64284353    43.03655277    64.25148913],187
