,X_r,OC,KG,DL,HP_names,HP_vars,file_number
0,[20.7361428],[[32.41910237]],"[array([[ 0.17172847, 38.36813309]]), 67.23971047487026]","[nan, nan]","['rbf.variance', 'rbf.lengthscale', 'Gaussian_noise.variance']",[2.74239700e+04 6.65080466e+01 4.29362160e+01 3.93114542e-04],1788
1,[36.51029104],[[1.94819751]],"[array([[20.75912088, 48.09133345]]), 48.416641040616625]","[nan, nan]","['rbf.variance', 'rbf.lengthscale', 'Gaussian_noise.variance']",[2.74243053e+04 4.76768971e+01 6.45334366e+01 1.01001303e-03],1788
2,[35.39120026],[[3.61923076]],"[array([[35.09256802, 17.41729734]]), 47.72266589321789]","[nan, nan]","['rbf.variance', 'rbf.lengthscale', 'Gaussian_noise.variance']",[3.48046925e+04 5.33180390e+01 6.71624756e+01 1.00000000e-03],1788
3,[35.89417246],[[2.8253915]],"[array([[35.8517874 , 91.17258031]]), 46.48353022811472]","[nan, nan]","['rbf.variance', 'rbf.lengthscale', 'Gaussian_noise.variance']",[3.48046828e+04 5.25827360e+01 7.02999521e+01 1.16129749e+01],1788
4,[35.76373938],[[3.02521485]],"[array([[35.76674662, 61.20901175]]), 46.53283109187057]","[nan, nan]","['rbf.variance', 'rbf.lengthscale', 'Gaussian_noise.variance']",[3.48046773e+04 5.34749914e+01 6.98497515e+01 9.28650152e+00],1788
5,[35.73831464],[[3.06468263]],"[array([[35.73839099, 89.59137028]]), 46.34835474458201]","[nan, nan]","['rbf.variance', 'rbf.lengthscale', 'Gaussian_noise.variance']",[3.48046772e+04 5.37931991e+01 7.03109951e+01 7.18935798e+00],1788
