,X_r,OC,KG,DL,HP_names,HP_vars,file_number
0,[5.71002594],[[62.47133629]],"[array([[ 0.5536366 , 34.23164796]]), 77.40212237195591]","[nan, nan]","['rbf.variance', 'rbf.lengthscale', 'Gaussian_noise.variance']",[2.34222154e+04 7.51651627e+01 3.94341913e+01 1.00000000e-02],1675
1,[30.52304777],[[12.85140205]],"[array([[97.0065239 , 98.23853853]]), 42.77052882603357]","[nan, nan]","['rbf.variance', 'rbf.lengthscale', 'Gaussian_noise.variance']",[15366.16890003    55.61979889    46.80362822   433.42626111],1675
2,[31.49160479],[[10.92546347]],"[array([[ 9.83672719, 34.61731599]]), 70.05832994462845]","[nan, nan]","['rbf.variance', 'rbf.lengthscale', 'Gaussian_noise.variance']",[1.53661733e+04 4.91302229e+01 3.43205946e+01 1.00709587e-02],1675
3,[31.78608451],[[10.34255243]],"[array([[31.77275444, 91.23686001]]), 52.5387941233781]","[nan, nan]","['rbf.variance', 'rbf.lengthscale', 'Gaussian_noise.variance']",[17643.9192256     55.52670264    44.32918634   163.61238992],1675
4,[32.71592915],[[8.5168464]],"[array([[61.33916627, 39.09537016]]), 62.26039842113223]","[nan, nan]","['rbf.variance', 'rbf.lengthscale', 'Gaussian_noise.variance']",[14300.26918716    50.01942198    36.42301149    54.2165056 ],1675
5,[29.86334068],[[14.16757671]],"[array([[29.84535275, 48.70976324]]), 48.886827768481204]","[nan, nan]","['rbf.variance', 'rbf.lengthscale', 'Gaussian_noise.variance']",[16753.77838636    53.74817061    46.1743965    155.13070593],1675
6,[29.88173401],[[14.13085268]],"[array([[29.89162907, 36.95405629]]), 51.10428317574615]","[nan, nan]","['rbf.variance', 'rbf.lengthscale', 'Gaussian_noise.variance']",[16728.13281102    53.02877586    45.09502344   116.63311612],1675
7,[30.23702264],[[13.42176659]],"[array([[30.20961954, 31.95656743]]), 57.87780943332293]","[nan, nan]","['rbf.variance', 'rbf.lengthscale', 'Gaussian_noise.variance']",[15587.11299072    49.97391588    39.90684187    75.37017446],1675
