,X_r,OC,KG,DL,HP_names,HP_vars,file_number
0,[0.0019623],[[73.88746344]],"[array([[0.0315474 , 0.09581543]]), 37.88518741949659]","[nan, nan]","['rbf.variance', 'rbf.lengthscale', 'Gaussian_noise.variance']",[11028.22441605  7949.06274188    84.80460029   848.63271642],1796
1,[0.0019623],[[73.88746344]],"[array([[0.03841026, 2.13365403]]), 38.83238214164479]","[nan, nan]","['rbf.variance', 'rbf.lengthscale', 'Gaussian_noise.variance']",[11027.56038552  7949.01088877    87.5583945    799.61610957],1796
2,[0.0019623],[[73.88746344]],"[array([[4.97667863e-02, 6.91957077e+01]]), 47.71469756024881]","[nan, nan]","['rbf.variance', 'rbf.lengthscale', 'Gaussian_noise.variance']",[9309.72793695  271.73029811   75.77272445  666.59131228],1796
3,[41.75385524],[[2.02217027]],"[array([[96.34209462, 21.62061658]]), 53.22133587627482]","[nan, nan]","['rbf.variance', 'rbf.lengthscale', 'Gaussian_noise.variance']",[4113.80588896   40.31057454   40.79301967  499.11260021],1796
4,[42.87467996],[[4.07720732]],"[array([[45.31330085, 42.10786744]]), 84.5576568752921]","[nan, nan]","['rbf.variance', 'rbf.lengthscale', 'Gaussian_noise.variance']",[1.01129016e+04 2.47101847e+01 4.23512164e+01 4.89470346e-09],1796
5,[39.77774773],[[0.1036659]],"[array([[41.13715284, 43.85173763]]), 76.13711127101061]","[nan, nan]","['rbf.variance', 'rbf.lengthscale', 'Gaussian_noise.variance']",[1.07857881e+04 2.56968166e+01 4.42125965e+01 1.00000000e-03],1796
