,X_r,OC,KG,DL,HP_names,HP_vars,file_number
0,[44.92779724],[[9.07995191]],"[array([[44.40618538, 42.21519786]]), 87.16609964877647]","[nan, nan]","['rbf.variance', 'rbf.lengthscale', 'Gaussian_noise.variance']",[6.47920441e+03 2.38302232e+01 2.61332905e+01 9.98180790e-03],1736
1,[46.03770728],[[12.17512075]],"[array([[ 0.04447595, 39.37275477]]), 83.8289696556374]","[nan, nan]","['rbf.variance', 'rbf.lengthscale', 'Gaussian_noise.variance']",[6.81355519e+03 2.54830793e+01 2.85593060e+01 1.00000000e-03],1736
2,[45.94858047],[[11.9206803]],"[array([[55.11670493, 39.44911874]]), 80.97006249585563]","[nan, nan]","['rbf.variance', 'rbf.lengthscale', 'Gaussian_noise.variance']",[6.22846847e+03 2.51845054e+01 2.85515828e+01 1.00000000e-03],1736
3,[44.80812305],[[8.75794846]],"[array([[45.16700928, 23.93662208]]), 79.86493475012273]","[nan, nan]","['rbf.variance', 'rbf.lengthscale', 'Gaussian_noise.variance']",[5.68076928e+03 2.34447124e+01 2.84118318e+01 1.00000000e-03],1736
4,[41.50801244],[[1.65716893]],"[array([[41.50523919, 13.30411822]]), 78.9364460570888]","[nan, nan]","['rbf.variance', 'rbf.lengthscale', 'Gaussian_noise.variance']",[6940.87087683   30.86074724   26.27438577   13.26254517],1736
5,[41.71214694],[[1.95790613]],"[array([[41.70241356, 74.59398285]]), 79.66713654392495]","[nan, nan]","['rbf.variance', 'rbf.lengthscale', 'Gaussian_noise.variance']",[7.25968092e+03 3.13052906e+01 2.54015940e+01 5.65958306e+00],1736
