,X_r,OC,KG,DL,HP_names,HP_vars,file_number
0,[37.60861768],[[0.72588244]],"[array([[48.82188046, 42.35441704]]), 55.72962697285701]","[nan, nan]","['rbf.variance', 'rbf.lengthscale', 'Gaussian_noise.variance']",[8.17285776e+03 3.88685577e+01 2.73977270e+01 9.97376858e-03],1777
1,[46.07042361],[[12.26872525]],"[array([[75.14080157, 39.57656181]]), 75.24037265630788]","[nan, nan]","['rbf.variance', 'rbf.lengthscale', 'Gaussian_noise.variance']",[6.84731290e+03 3.96734796e+01 1.88193930e+01 1.00000000e-03],1777
2,[41.13906082],[[1.17358998]],"[array([[28.43271216, 40.67312112]]), 83.89517414202005]","[nan, nan]","['rbf.variance', 'rbf.lengthscale', 'Gaussian_noise.variance']",[6.84731734e+03 3.11264157e+01 2.40172739e+01 9.99106465e-03],1777
3,[42.0024425],[[2.42446782]],"[array([[42.01370427, 52.19160597]]), 75.75157876636605]","[nan, nan]","['rbf.variance', 'rbf.lengthscale', 'Gaussian_noise.variance']",[6967.68526014   32.64898014   24.61156983   27.87214274],1777
4,[42.34331568],[[3.02763125]],"[array([[42.32835559, 63.77680464]]), 76.32182904024131]","[nan, nan]","['rbf.variance', 'rbf.lengthscale', 'Gaussian_noise.variance']",[6961.24655401   32.70000359   24.69079382   19.43041646],1777
5,[42.54117892],[[3.40356767]],"[array([[42.52858454, 22.08265119]]), 76.37269512049087]","[nan, nan]","['rbf.variance', 'rbf.lengthscale', 'Gaussian_noise.variance']",[6644.82808155   31.94533876   25.02077422   15.91500778],1777
