,X_r,OC,KG,DL,HP_names,HP_vars,file_number
0,[9.19594295],[[55.49950212]],"[array([[7.76395842e-03, 4.17619769e+01]]), 97.59621420953903]","[nan, nan]","['rbf.variance', 'rbf.lengthscale', 'Gaussian_noise.variance']",[1.20596311e+04 5.20115425e+01 3.38855044e+01 2.33255270e-04],1634
1,[34.25349866],[[5.600517]],"[array([[37.46933408, 38.99742321]]), 74.02673843462435]","[nan, nan]","['rbf.variance', 'rbf.lengthscale', 'Gaussian_noise.variance']",[6.75986347e+03 3.59126160e+01 2.58452531e+01 1.00000000e-03],1634
2,[38.7153266],[[0.07035801]],"[array([[57.92283405, 42.33386634]]), 76.63104074278421]","[nan, nan]","['rbf.variance', 'rbf.lengthscale', 'Gaussian_noise.variance']",[5855.45137375   37.00675085   20.20574826    9.48007856],1634
3,[32.63097117],[[8.68240488]],"[array([[32.6388897 , 86.29585977]]), 75.94331801747008]","[nan, nan]","['rbf.variance', 'rbf.lengthscale', 'Gaussian_noise.variance']",[8458.43548306   32.79240879   32.42220914   19.08136345],1634
4,[32.3590894],[[9.21416089]],"[array([[32.36629206,  9.68284503]]), 75.69565782328951]","[nan, nan]","['rbf.variance', 'rbf.lengthscale', 'Gaussian_noise.variance']",[7899.37071402   34.42235309   30.26414795   17.69195182],1634
5,[33.24838704],[[7.48740417]],"[array([[15.5237431 , 40.66705104]]), 76.12286009245256]","[nan, nan]","['rbf.variance', 'rbf.lengthscale', 'Gaussian_noise.variance']",[6068.30429207   27.0158443    23.49626802   20.91696543],1634
6,[36.58488787],[[1.85028082]],"[array([[36.64116806, 64.61726323]]), 74.96156460982385]","[nan, nan]","['rbf.variance', 'rbf.lengthscale', 'Gaussian_noise.variance']",[5944.77046581   25.48865248   23.8295721    10.9916143 ],1634
7,[36.0109705],[[2.65037046]],"[array([[36.03098032, 27.89798598]]), 74.43964779040711]","[nan, nan]","['rbf.variance', 'rbf.lengthscale', 'Gaussian_noise.variance']",[5388.34359158   24.67603515   22.48244012   13.05628654],1634
