,X_r,OC,KG,DL,HP_names,HP_vars,file_number
0,[48.93798242],[[20.7163436]],"[array([[99.99999973, 40.92223666]]), 92.64816990209246]","[nan, nan]","['rbf.variance', 'rbf.lengthscale', 'Gaussian_noise.variance']",[12787.24750397    49.04313332    24.06943501    38.64400819],1713
1,[40.01023439],[[0.20436949]],"[array([[56.42289401, 32.86988907]]), 82.87248834244984]","[nan, nan]","['rbf.variance', 'rbf.lengthscale', 'Gaussian_noise.variance']",[22909.38369268    48.48287186    34.05673191    32.40450351],1713
2,[38.49798016],[[0.1466712]],"[array([[1.27699793e-02, 4.52128524e+01]]), 78.83039924313957]","[nan, nan]","['rbf.variance', 'rbf.lengthscale', 'Gaussian_noise.variance']",[2.29089118e+04 4.76779788e+01 3.47789466e+01 1.44885521e+01],1713
3,[39.9937205],[[0.19609194]],"[array([[39.97098368, 65.86386213]]), 85.33313142912839]","[nan, nan]","['rbf.variance', 'rbf.lengthscale', 'Gaussian_noise.variance']",[2.29049557e+04 3.82621373e+01 3.70001633e+01 2.18527645e+01],1713
4,[39.83280402],[[0.12443582]],"[array([[62.09357159, 26.33876471]]), 70.93609724082344]","[nan, nan]","['rbf.variance', 'rbf.lengthscale', 'Gaussian_noise.variance']",[1.87067830e+04 4.26300590e+01 2.89138884e+01 1.00000000e-03],1713
5,[40.06809703],[[0.23473025]],"[array([[40.06930927, 31.6353937 ]]), 71.07394421268813]","[nan, nan]","['rbf.variance', 'rbf.lengthscale', 'Gaussian_noise.variance']",[2.43932775e+04 4.62429249e+01 3.16066837e+01 1.00000000e-03],1713
