,X_r,OC,KG,DL,HP_names,HP_vars,file_number
0,[39.51493914],[[0.03075048]],"[array([[31.59052882, 50.81403792]]), 62.58499777978932]","[nan, nan]","['rbf.variance', 'rbf.lengthscale', 'Gaussian_noise.variance']",[2.99836774e+04 6.55696231e+01 5.26188185e+01 1.32688764e+00],1627
1,[46.18715508],[[12.60356212]],"[array([[14.08576103, 24.36832032]]), 44.729846271533575]","[nan, nan]","['rbf.variance', 'rbf.lengthscale', 'Gaussian_noise.variance']",[13461.52774739    44.88178935    43.53981144    28.88263312],1627
2,[45.05294074],[[9.41953884]],"[array([[86.93151749, 27.42218731]]), 67.25792001860762]","[nan, nan]","['rbf.variance', 'rbf.lengthscale', 'Gaussian_noise.variance']",[1.34615271e+04 4.19240493e+01 3.07331083e+01 1.00231982e-02],1627
3,[43.83125545],[[6.25140297]],"[array([[14.58197752, 29.89725046]]), 60.15608053427266]","[nan, nan]","['rbf.variance', 'rbf.lengthscale', 'Gaussian_noise.variance']",[9.77096467e+03 3.97874293e+01 2.87978962e+01 1.00000000e-03],1627
4,[44.37542691],[[7.61866328]],"[array([[44.12970841, 55.33074756]]), 55.039721813013976]","[nan, nan]","['rbf.variance', 'rbf.lengthscale', 'Gaussian_noise.variance']",[1.13162042e+04 4.05306972e+01 3.19720923e+01 1.00000000e-03],1627
5,[43.34022615],[[5.09418144]],"[array([[43.32042445, 68.30656196]]), 60.58039926114671]","[nan, nan]","['rbf.variance', 'rbf.lengthscale', 'Gaussian_noise.variance']",[11306.36500005    45.68384118    31.55864026    31.27591516],1627
6,[43.96578516],[[6.58178186]],"[array([[43.5196617,  0.1245621]]), 64.81923925509703]","[nan, nan]","['rbf.variance', 'rbf.lengthscale', 'Gaussian_noise.variance']",[12754.85677464    47.01801682    32.01539187    26.12609992],1627
7,[44.06043567],[[6.81735806]],"[array([[44.0707099 , 58.76629794]]), 65.282513256713]","[nan, nan]","['rbf.variance', 'rbf.lengthscale', 'Gaussian_noise.variance']",[14667.46822095    48.60923466    34.96654156    25.27491684],1627
