,X_r,OC,KG,DL,HP_names,HP_vars,file_number
0,[36.84154273],[[1.5286692]],"[array([[29.75388968, 38.06851319]]), 95.98187510638573]","[nan, nan]","['rbf.variance', 'rbf.lengthscale', 'Gaussian_noise.variance']",[1.83196672e+04 3.53830920e+01 3.92265102e+01 1.00000000e-02],1647
1,[42.27031953],[[2.89363172]],"[array([[47.5760302, 37.3748476]]), 87.5397772675562]","[nan, nan]","['rbf.variance', 'rbf.lengthscale', 'Gaussian_noise.variance']",[2.11661166e+04 2.89444086e+01 5.33954796e+01 1.00000000e-03],1647
2,[38.79822054],[[0.04843716]],"[array([[ 0.36179099, 33.53205518]]), 77.3347277901641]","[nan, nan]","['rbf.variance', 'rbf.lengthscale', 'Gaussian_noise.variance']",[18148.66529963    33.89714253    44.78657277   144.23504603],1647
3,[38.82384797],[[0.04247427]],"[array([[3.88239287e+01, 7.15802371e-05]]), 77.24181485337331]","[nan, nan]","['rbf.variance', 'rbf.lengthscale', 'Gaussian_noise.variance']",[18112.64034464    33.94947319    47.04648528   130.96156882],1647
4,[99.99814992],[[173.88583774]],"[array([[99.99999451, 99.99987097]]), 62.76594742146563]","[nan, nan]","['rbf.variance', 'rbf.lengthscale', 'Gaussian_noise.variance']",[10244.56216345  3286.39672227    14.79388419  2962.80451519],1647
5,[35.50157214],[[3.4398472]],"[array([[35.52388545, 94.14815764]]), 81.01703200421338]","[nan, nan]","['rbf.variance', 'rbf.lengthscale', 'Gaussian_noise.variance']",[21753.55932663    44.6833998     41.85924853   243.18593797],1647
6,[35.57189138],[[3.32700812]],"[array([[35.56371171, 82.17842755]]), 80.9463465985963]","[nan, nan]","['rbf.variance', 'rbf.lengthscale', 'Gaussian_noise.variance']",[21753.07287053    44.41709819    42.76129834   210.62633798],1647
7,[36.36888739],[[2.13900504]],"[array([[36.36713679, 72.70665948]]), 80.57479120925967]","[nan, nan]","['rbf.variance', 'rbf.lengthscale', 'Gaussian_noise.variance']",[20954.72891698    43.37807983    41.34553087   169.66403131],1647
