,X_r,OC,KG,DL,HP_names,HP_vars,file_number
0,[34.94724592],[[4.36627589]],"[array([[99.90973546, 37.52029571]]), 58.432178603538105]","[nan, nan]","['rbf.variance', 'rbf.lengthscale', 'Gaussian_noise.variance']",[1.70621801e+04 4.33993258e+01 4.79056702e+01 1.70456733e-03],1755
1,[36.326194],[[2.19791219]],"[array([[54.4885758 , 31.64557689]]), 59.41389419856448]","[nan, nan]","['rbf.variance', 'rbf.lengthscale', 'Gaussian_noise.variance']",[1.59155849e+04 4.87799306e+01 4.02085479e+01 1.00000000e-03],1755
2,[39.8506118],[[0.13156233]],"[array([[ 4.88965161, 60.72153017]]), 61.072272326892644]","[nan, nan]","['rbf.variance', 'rbf.lengthscale', 'Gaussian_noise.variance']",[1.37249864e+04 5.01489446e+01 3.31084842e+01 1.00000000e-03],1755
3,[39.95095961],[[0.17545749]],"[array([[39.94954197, 12.88747036]]), 60.135631322002865]","[nan, nan]","['rbf.variance', 'rbf.lengthscale', 'Gaussian_noise.variance']",[1.31956954e+04 5.03727376e+01 3.36658273e+01 1.00000000e-03],1755
4,[40.15291536],[[0.28305027]],"[array([[40.27297701, 65.98315859]]), 60.67695701728887]","[nan, nan]","['rbf.variance', 'rbf.lengthscale', 'Gaussian_noise.variance']",[1.31955147e+04 5.17491913e+01 3.38831839e+01 5.99071380e-09],1755
5,[40.28340909],[[0.36623927]],"[array([[40.27322083, 46.52879125]]), 62.06115077510674]","[nan, nan]","['rbf.variance', 'rbf.lengthscale', 'Gaussian_noise.variance']",[1.56561727e+04 5.58557608e+01 3.35222605e+01 1.00000000e-03],1755
