,X_r,OC,KG,DL,HP_names,HP_vars,file_number
0,[0.00084297],[[73.88970222]],"[array([[7.87371843e-03, 3.83084152e+01]]), 25.009159203127794]","[nan, nan]","['rbf.variance', 'rbf.lengthscale', 'Gaussian_noise.variance']",[10870.83800615  7654.95072396    64.44839573  3769.85369857],1760
1,[0.00084297],[[73.88970222]],"[array([[ 0.0329575 , 25.50972008]]), 22.01744922570218]","[nan, nan]","['rbf.variance', 'rbf.lengthscale', 'Gaussian_noise.variance']",[12737.66075269  1614.76271819    69.49920674  3331.66316645],1760
2,[39.93818107],[[0.16951525]],"[array([[40.17689499,  2.94077509]]), 66.69287514434703]","[nan, nan]","['rbf.variance', 'rbf.lengthscale', 'Gaussian_noise.variance']",[17134.71745769    40.66308148    45.05545295   372.6790943 ],1760
3,[39.78465394],[[0.10616672]],"[array([[39.76954671,  4.38695854]]), 66.48974713765433]","[nan, nan]","['rbf.variance', 'rbf.lengthscale', 'Gaussian_noise.variance']",[21730.70265937    45.92396517    50.54541971   312.98502577],1760
4,[40.34780536],[[0.41123619]],"[array([[99.74064356, 99.47108715]]), 65.21106180405975]","[nan, nan]","['rbf.variance', 'rbf.lengthscale', 'Gaussian_noise.variance']",[15540.58718423    42.95002205    41.47655564   382.0255494 ],1760
5,[39.35838926],[[0.00780597]],"[array([[6.83462571e-02, 7.47173795e+01]]), 66.64054225063704]","[nan, nan]","['rbf.variance', 'rbf.lengthscale', 'Gaussian_noise.variance']",[16173.96919801    46.55365647    38.80742874   373.46956167],1760
