,X_r,OC,KG,DL,HP_names,HP_vars,file_number
0,[43.25945507],[[4.91178602]],"[array([[28.96642079, 38.87614499]]), 84.4129351970389]","[nan, nan]","['rbf.variance', 'rbf.lengthscale', 'Gaussian_noise.variance']",[1.60348344e+04 3.68741387e+01 3.65753255e+01 1.01184777e-02],1769
1,[44.90903927],[[9.02929903]],"[array([[ 0.15906498, 33.73129371]]), 79.42086294168999]","[nan, nan]","['rbf.variance', 'rbf.lengthscale', 'Gaussian_noise.variance']",[1.60348284e+04 3.63495979e+01 3.95813989e+01 1.00230144e-02],1769
2,[41.8451993],[[2.16619056]],"[array([[4.18762432e+01, 5.78180129e-05]]), 71.6244279595794]","[nan, nan]","['rbf.variance', 'rbf.lengthscale', 'Gaussian_noise.variance']",[15866.31023319    41.16482127    47.83030878   126.78649026],1769
3,[44.69640119],[[8.45990559]],"[array([[58.95457835, 40.55775195]]), 79.33336081414552]","[nan, nan]","['rbf.variance', 'rbf.lengthscale', 'Gaussian_noise.variance']",[1.58663107e+04 3.79136995e+01 4.08924907e+01 9.99739344e-03],1769
4,[42.08455923],[[2.5644452]],"[array([[23.76902042, 39.04063227]]), 100.6286415994817]","[nan, nan]","['rbf.variance', 'rbf.lengthscale', 'Gaussian_noise.variance']",[1.58662801e+04 1.46966477e+01 4.08251100e+01 6.56041728e-03],1769
5,[34.75257177],[[4.70527592]],"[array([[34.77602828, 10.36198983]]), 55.87654839356507]","[nan, nan]","['rbf.variance', 'rbf.lengthscale', 'Gaussian_noise.variance']",[30109.62327432    59.58106164    62.43441072   338.62315523],1769
