,X_r,OC,KG,DL,HP_names,HP_vars,file_number
0,[34.05782119],[[5.9602581]],"[array([[99.99970643, 50.78421119]]), 48.12134431721577]","[nan, nan]","['rbf.variance', 'rbf.lengthscale', 'Gaussian_noise.variance']",[34095.34520274    67.45866844    59.51669988    99.62742566],159
1,[34.84913388],[[4.53633213]],"[array([[34.44968437, 94.47137312]]), 49.039480636029886]","[nan, nan]","['rbf.variance', 'rbf.lengthscale', 'Gaussian_noise.variance']",[54637.07084892    78.63772898    72.98307705    85.60501507],159
2,[34.99151066],[[4.29010219]],"[array([[34.98611165, 59.91761941]]), 49.52770225064192]","[nan, nan]","['rbf.variance', 'rbf.lengthscale', 'Gaussian_noise.variance']",[54637.05327237    79.398224      74.37159479    70.87429902],159
3,[34.73742158],[[4.73191902]],"[array([[34.72944324, 78.48432355]]), 46.04084919301081]","[nan, nan]","['rbf.variance', 'rbf.lengthscale', 'Gaussian_noise.variance']",[54637.03197786    80.49260766    75.68432219    78.69081106],159
4,[34.89693988],[[4.45326431]],"[array([[34.89312627, 53.75419557]]), 45.47920129721737]","[nan, nan]","['rbf.variance', 'rbf.lengthscale', 'Gaussian_noise.variance']",[48870.87315455    77.25925769    72.45904707    84.83417343],159
5,[35.00588469],[[4.26544183]],"[array([[34.98138053, 55.13427626]]), 46.0314795855764]","[nan, nan]","['rbf.variance', 'rbf.lengthscale', 'Gaussian_noise.variance']",[49559.11958774    78.2319377     72.57189659    73.1240012 ],159
6,[34.99611888],[[4.28219217]],"[array([[34.98276606, 56.2618568 ]]), 45.871052994596084]","[nan, nan]","['rbf.variance', 'rbf.lengthscale', 'Gaussian_noise.variance']",[49542.31372318    78.7018832     72.43400729    63.65508743],159
7,[96.83731785],[[164.40334155]],"[array([[96.05921276, 58.68820219]]), 289.89296111780754]","[nan, nan]","['rbf.variance', 'rbf.lengthscale', 'Gaussian_noise.variance']",[2.84484787e+04 2.66344017e+00 5.98917335e+03 1.00000000e-03],159
8,[98.00086942],[[167.89399626]],"[array([[97.95109053, 52.65949133]]), 191.20248059085426]","[nan, nan]","['rbf.variance', 'rbf.lengthscale', 'Gaussian_noise.variance']",[1.15444736e+04 1.67906930e+00 2.26491459e+03 1.00000000e-03],159
9,[98.89493092],[[170.57618076]],"[array([[98.89602233, 40.15643461]]), 187.0231050910817]","[nan, nan]","['rbf.variance', 'rbf.lengthscale', 'Gaussian_noise.variance']",[1.15444688e+04 8.31582774e-01 2.26492438e+03 1.00000000e-03],159
