,X_r,OC,KG,DL,HP_names,HP_vars,file_number
0,[1.26162472],[[71.36813875]],"[array([[ 0.65490047, 44.27211608]]), 92.54502695142048]","[nan, nan]","['rbf.variance', 'rbf.lengthscale', 'Gaussian_noise.variance']",[11994.28029192    51.91124954    26.96450891   132.68763731],1637
1,[33.2769742],[[7.43259765]],"[array([[21.97586306, 43.23383774]]), 41.339363057412505]","[nan, nan]","['rbf.variance', 'rbf.lengthscale', 'Gaussian_noise.variance']",[11102.03602542    42.56742607    28.85070716   132.10672973],1637
2,[32.01669511],[[9.88735826]],"[array([[45.33533711, 29.00663928]]), 46.314138640033306]","[nan, nan]","['rbf.variance', 'rbf.lengthscale', 'Gaussian_noise.variance']",[10350.9724476     43.12040379    27.11884161    71.31198242],1637
3,[33.74144034],[[6.55045286]],"[array([[1.26500331, 0.88475492]]), 49.953763031389784]","[nan, nan]","['rbf.variance', 'rbf.lengthscale', 'Gaussian_noise.variance']",[12357.95341866    46.49446679    31.64318993   124.2008987 ],1637
4,[33.82070929],[[6.40167211]],"[array([[99.833888  , 49.23525613]]), 49.19585273660294]","[nan, nan]","['rbf.variance', 'rbf.lengthscale', 'Gaussian_noise.variance']",[12222.84103603    46.62301235    33.25230581   114.75256449],1637
5,[36.58106236],[[1.85525516]],"[array([[56.75349982, 38.67225339]]), 59.676892583991346]","[nan, nan]","['rbf.variance', 'rbf.lengthscale', 'Gaussian_noise.variance']",[1.22228201e+04 3.60360406e+01 2.88876217e+01 1.01450606e-02],1637
6,[36.77245739],[[1.61284274]],"[array([[36.77787758, 80.51302765]]), 52.21172804036442]","[nan, nan]","['rbf.variance', 'rbf.lengthscale', 'Gaussian_noise.variance']",[12155.28895001    41.62618106    32.92857404   101.85393743],1637
7,[36.80753314],[[1.56988057]],"[array([[36.82203146, 26.1120556 ]]), 52.41506660395834]","[nan, nan]","['rbf.variance', 'rbf.lengthscale', 'Gaussian_noise.variance']",[12154.62890267    41.35050512    33.62252371    84.63237575],1637
