,X_r,OC,KG,DL,HP_names,HP_vars,file_number
0,[30.77049839],[[12.35842261]],"[array([[ 0.40082438, 43.73791911]]), 74.88543365528997]","[nan, nan]","['rbf.variance', 'rbf.lengthscale', 'Gaussian_noise.variance']",[6337.31986946   38.99940414   24.28109804  631.50896056],1678
1,[38.62654219],[[0.09826187]],"[array([[14.37959043, 39.73559438]]), 75.41717371185976]","[nan, nan]","['rbf.variance', 'rbf.lengthscale', 'Gaussian_noise.variance']",[6.33731540e+03 2.86297295e+01 1.93176147e+01 1.00504563e-02],1678
2,[40.62884248],[[0.63795069]],"[array([[59.55952746, 39.10842937]]), 66.85525415227536]","[nan, nan]","['rbf.variance', 'rbf.lengthscale', 'Gaussian_noise.variance']",[5.81222830e+03 2.98324952e+01 1.93373782e+01 1.00000000e-03],1678
3,[24.62067018],[[24.65004956]],"[array([[22.44054498, 40.19503224]]), 27.998963769833736]","[nan, nan]","['rbf.variance', 'rbf.lengthscale', 'Gaussian_noise.variance']",[6.19635855e+03 5.43603137e+01 1.12553499e+01 1.00000000e-03],1678
4,[30.17813218],[[13.53925932]],"[array([[98.93272541, 34.60382416]]), 41.49730098624528]","[nan, nan]","['rbf.variance', 'rbf.lengthscale', 'Gaussian_noise.variance']",[5854.05948665   43.42539255   12.56483769   59.78123328],1678
5,[34.77583858],[[4.66443008]],"[array([[34.77062377, 12.80896419]]), 47.631471247890524]","[nan, nan]","['rbf.variance', 'rbf.lengthscale', 'Gaussian_noise.variance']",[8066.02179942   43.62520162   19.84834749  161.94639421],1678
6,[30.11555611],[[13.66412447]],"[array([[35.56580975, 40.43367969]]), 50.9646773335096]","[nan, nan]","['rbf.variance', 'rbf.lengthscale', 'Gaussian_noise.variance']",[6.80186137e+03 2.38379122e+01 1.88455563e+01 1.00000000e-03],1678
7,[35.98591426],[[2.68759617]],"[array([[35.95874808, 13.57102411]]), 60.66050289872816]","[nan, nan]","['rbf.variance', 'rbf.lengthscale', 'Gaussian_noise.variance']",[8652.66681633   42.20292217   26.67403251  237.57031342],1678
