,X_r,OC,KG,DL,HP_names,HP_vars,file_number
0,[26.62473715],[[20.64195357]],"[array([[ 0.12727918, 36.88570639]]), 53.004724248919246]","[nan, nan]","['rbf.variance', 'rbf.lengthscale', 'Gaussian_noise.variance']",[10693.72247209    38.71976534    43.15521584   295.99062476],1823
1,[32.54609005],[[8.84811478]],"[array([[46.77611252, 68.28865193]]), 47.72251851750357]","[nan, nan]","['rbf.variance', 'rbf.lengthscale', 'Gaussian_noise.variance']",[10011.26931123    37.35518579    45.79803001   297.78579613],1823
2,[25.50584906],[[22.87969717]],"[array([[29.42745808, 52.6443912 ]]), 53.270925246125046]","[nan, nan]","['rbf.variance', 'rbf.lengthscale', 'Gaussian_noise.variance']",[1.00112672e+04 2.46889479e+01 4.23447539e+01 1.00664834e-02],1823
3,[31.95444463],[[10.01010579]],"[array([[3.28721036e+01, 3.13627911e-02]]), 46.795753849306216]","[nan, nan]","['rbf.variance', 'rbf.lengthscale', 'Gaussian_noise.variance']",[12797.45223802    40.16613885    52.3902134    158.71606504],1823
