,X_r,OC,KG,DL,HP_names,HP_vars,file_number
0,[35.31743508],[[3.74060837]],"[array([[35.77511494, 43.47394259]]), 72.80922234231647]","[nan, nan]","['rbf.variance', 'rbf.lengthscale', 'Gaussian_noise.variance']",[6.67434616e+03 3.51128845e+01 2.68677728e+01 4.36112272e-04],170
1,[36.7575973],[[1.63118311]],"[array([[ 0.34155267, 46.00052416]]), 64.71554810448227]","[nan, nan]","['rbf.variance', 'rbf.lengthscale', 'Gaussian_noise.variance']",[6715.19525689   36.05010728   28.29659469   37.63546981],170
2,[44.18938481],[[7.14226971]],"[array([[97.56689239, 40.34067437]]), 74.98521056239704]","[nan, nan]","['rbf.variance', 'rbf.lengthscale', 'Gaussian_noise.variance']",[8.02376217e+03 2.72849651e+01 3.96745463e+01 1.00000000e-03],170
3,[38.65997841],[[0.08721909]],"[array([[83.922986  , 22.59830259]]), 66.14354993584311]","[nan, nan]","['rbf.variance', 'rbf.lengthscale', 'Gaussian_noise.variance']",[8030.03180823   40.32801322   30.62556401   23.12477324],170
4,[37.59835749],[[0.73489731]],"[array([[37.58811236,  8.9534699 ]]), 65.04867005105848]","[nan, nan]","['rbf.variance', 'rbf.lengthscale', 'Gaussian_noise.variance']",[7120.44667826   41.12802739   28.09973626   23.27238425],170
5,[37.740034],[[0.61486907]],"[array([[37.75687676, 50.15722578]]), 65.5337702980778]","[nan, nan]","['rbf.variance', 'rbf.lengthscale', 'Gaussian_noise.variance']",[7131.06185759   41.18957342   28.85933707   18.07811374],170
