,X_r,OC,KG,DL,HP_names,HP_vars,file_number
0,[0.000735],[[73.88991819]],"[array([[99.99999502, 23.24852956]]), 48.63418885236098]","[nan, nan]","['rbf.variance', 'rbf.lengthscale', 'Gaussian_noise.variance']",[17607.11875939   183.97077845    42.96480865   279.6853104 ],1757
1,[26.41068409],[[21.07004904]],"[array([[8.25829843e-05, 5.84837571e+01]]), 52.44932520486282]","[nan, nan]","['rbf.variance', 'rbf.lengthscale', 'Gaussian_noise.variance']",[17606.9185681     66.17159272    42.34996172   168.85475266],1757
2,[33.31993717],[[7.35033148]],"[array([[24.69950332,  3.940933  ]]), 53.89517998501132]","[nan, nan]","['rbf.variance', 'rbf.lengthscale', 'Gaussian_noise.variance']",[14313.8530748     53.65776839    38.96248588   137.44109708],1757
3,[32.51297583],[[8.91284009]],"[array([[32.90040705, 69.38924955]]), 52.540446004993015]","[nan, nan]","['rbf.variance', 'rbf.lengthscale', 'Gaussian_noise.variance']",[13304.18323778    52.51856177    40.4053726    143.11561654],1757
4,[33.91119386],[[6.23256038]],"[array([[ 5.11022414, 80.00367759]]), 50.96730644977865]","[nan, nan]","['rbf.variance', 'rbf.lengthscale', 'Gaussian_noise.variance']",[13287.38268413    59.78126261    36.15728731   160.46600857],1757
5,[34.59576019],[[4.98276157]],"[array([[ 1.74851085, 99.12860303]]), 50.80134417100167]","[nan, nan]","['rbf.variance', 'rbf.lengthscale', 'Gaussian_noise.variance']",[11512.25666596    59.20624456    35.44383643   167.60974723],1757
