,X_r,OC,KG,DL,HP_names,HP_vars,file_number
0,[26.52390184],[[20.84361884]],"[array([[10.88469741, 38.99804959]]), 57.588863066650454]","[nan, nan]","['rbf.variance', 'rbf.lengthscale', 'Gaussian_noise.variance']",[2.16913695e+04 5.18531491e+01 3.88622617e+01 3.73594560e-04],1768
1,[32.20906522],[[9.50869713]],"[array([[38.31809941, 40.94183718]]), 57.92446651120625]","[nan, nan]","['rbf.variance', 'rbf.lengthscale', 'Gaussian_noise.variance']",[1.84621014e+04 4.64140536e+01 3.58039494e+01 1.00000000e-03],1768
2,[48.5494922],[[19.55643097]],"[array([[80.15012618, 38.83350491]]), 80.40764855177407]","[nan, nan]","['rbf.variance', 'rbf.lengthscale', 'Gaussian_noise.variance']",[1.84610974e+04 5.58484248e+01 2.42359765e+01 1.27733546e+01],1768
3,[37.86204382],[[0.51935046]],"[array([[94.85712696, 35.12162709]]), 67.47903305017687]","[nan, nan]","['rbf.variance', 'rbf.lengthscale', 'Gaussian_noise.variance']",[18459.19142032    43.89613408    36.30713423    33.18414668],1768
4,[36.45791938],[[2.01808514]],"[array([[36.43167793, 33.35503755]]), 66.52481355784133]","[nan, nan]","['rbf.variance', 'rbf.lengthscale', 'Gaussian_noise.variance']",[18454.65506821    40.38893348    36.79328692    42.55138288],1768
5,[37.92117735],[[0.47573208]],"[array([[37.93342588, 54.4302459 ]]), 68.69434960258653]","[nan, nan]","['rbf.variance', 'rbf.lengthscale', 'Gaussian_noise.variance']",[13633.51962941    37.30422137    34.60390861    22.10652169],1768
