,X_r,OC,KG,DL,HP_names,HP_vars,file_number
0,[43.59586319],[[5.68667991]],"[array([[24.74369271, 47.11548613]]), 71.15799631654627]","[nan, nan]","['rbf.variance', 'rbf.lengthscale', 'Gaussian_noise.variance']",[8.31880320e+03 3.26657017e+01 2.74799132e+01 9.99827770e-03],1781
1,[46.14038972],[[12.46926116]],"[array([[66.78863434, 40.94877879]]), 63.99452106287151]","[nan, nan]","['rbf.variance', 'rbf.lengthscale', 'Gaussian_noise.variance']",[8.31879626e+03 3.20356153e+01 3.01308085e+01 9.95001365e-03],1781
2,[35.35020903],[[3.68653636]],"[array([[30.99270202, 45.68179305]]), 38.26722763954778]","[nan, nan]","['rbf.variance', 'rbf.lengthscale', 'Gaussian_noise.variance']",[8.31878606e+03 3.55723442e+01 2.27951789e+01 1.00885901e-02],1781
3,[37.08764969],[[1.24394698]],"[array([[36.95371104, 45.40914113]]), 45.88824711912312]","[nan, nan]","['rbf.variance', 'rbf.lengthscale', 'Gaussian_noise.variance']",[7.98773704e+03 3.60263873e+01 2.29995650e+01 1.00000000e-03],1781
4,[38.57367723],[[0.11702914]],"[array([[ 7.08051334, 32.6531585 ]]), 48.519894041464106]","[nan, nan]","['rbf.variance', 'rbf.lengthscale', 'Gaussian_noise.variance']",[8.01361125e+03 3.43129677e+01 2.34042455e+01 1.96032436e+00],1781
5,[37.51114716],[[0.8135206]],"[array([[58.95406059, 37.21839719]]), 57.425918947999705]","[nan, nan]","['rbf.variance', 'rbf.lengthscale', 'Gaussian_noise.variance']",[8.01381627e+03 3.16003567e+01 2.41093732e+01 3.56608500e+00],1781
