,X_r,OC,KG,DL,HP_names,HP_vars,file_number
0,[38.8003381],[[0.04792993]],"[array([[3.58388578e-02, 5.20882511e+01]]), 53.42174340922003]","[nan, nan]","['rbf.variance', 'rbf.lengthscale', 'Gaussian_noise.variance']",[24676.72048902    50.28080406    48.10110875    37.01258617],1931
1,[37.73608103],[[0.61808656]],"[array([[0.25096654, 9.97031248]]), 56.495572649898826]","[nan, nan]","['rbf.variance', 'rbf.lengthscale', 'Gaussian_noise.variance']",[2.46730411e+04 5.52613745e+01 4.60995839e+01 2.44068858e+01],1931
