,X_r,OC,KG,DL,HP_names,HP_vars,file_number
0,[50.37084664],[[25.00610231]],"[array([[59.34728807, 31.93351024]]), 70.59317302359011]","[nan, nan]","['rbf.variance', 'rbf.lengthscale', 'Gaussian_noise.variance']",[1.52305634e+04 3.45887496e+01 5.04217206e+01 1.02808495e-05],1744
1,[40.28373737],[[0.36646211]],"[array([[ 0.12646935, 42.7779615 ]]), 68.74448363505168]","[nan, nan]","['rbf.variance', 'rbf.lengthscale', 'Gaussian_noise.variance']",[1.15516732e+04 3.75986737e+01 3.40702330e+01 1.00000000e-03],1744
2,[40.76078404],[[0.76128209]],"[array([[16.19078753, 41.18759858]]), 61.84543111910503]","[nan, nan]","['rbf.variance', 'rbf.lengthscale', 'Gaussian_noise.variance']",[1.07287601e+04 3.80223160e+01 3.39459644e+01 1.00000000e-03],1744
3,[40.21694524],[[0.32253003]],"[array([[69.97533621, 24.21265838]]), 62.48780433033043]","[nan, nan]","['rbf.variance', 'rbf.lengthscale', 'Gaussian_noise.variance']",[1.10058739e+04 3.99428683e+01 3.43649484e+01 1.00000000e-03],1744
4,[40.83130825],[[0.83158551]],"[array([[40.81092016, 53.02065291]]), 63.32433279696003]","[nan, nan]","['rbf.variance', 'rbf.lengthscale', 'Gaussian_noise.variance']",[13486.28391102    43.61858624    38.19329288    39.74026234],1744
5,[40.76715369],[[0.76750685]],"[array([[40.77658521, 92.10139138]]), 62.273498978169705]","[nan, nan]","['rbf.variance', 'rbf.lengthscale', 'Gaussian_noise.variance']",[13486.2986135     43.46495814    39.41057895    33.07480231],1744
