,X_r,OC,KG,DL,HP_names,HP_vars,file_number
0,[34.17876375],[[5.73739326]],"[array([[99.99999698, 34.12800794]]), 46.81432341917654]","[nan, nan]","['rbf.variance', 'rbf.lengthscale', 'Gaussian_noise.variance']",[13725.64655832    47.17836521    41.49177582   597.44570784],1724
1,[35.02854429],[[4.22664262]],"[array([[21.13498337,  0.15648566]]), 49.936622731740854]","[nan, nan]","['rbf.variance', 'rbf.lengthscale', 'Gaussian_noise.variance']",[15738.96406024    50.8037921     40.14021635   456.47801511],1724
2,[35.45431916],[[3.51631173]],"[array([[13.28858662, 30.24467213]]), 51.25595662215208]","[nan, nan]","['rbf.variance', 'rbf.lengthscale', 'Gaussian_noise.variance']",[15311.93381567    50.88928268    40.41487138   372.18829831],1724
3,[34.32643604],[[5.4675841]],"[array([[ 0.34971463, 13.04717964]]), 53.66114599945301]","[nan, nan]","['rbf.variance', 'rbf.lengthscale', 'Gaussian_noise.variance']",[15411.62507339    52.56925382    39.93216755   303.48137261],1724
4,[34.32877695],[[5.46332862]],"[array([[53.31914074, 67.15024808]]), 53.587246625709895]","[nan, nan]","['rbf.variance', 'rbf.lengthscale', 'Gaussian_noise.variance']",[14638.10854457    53.75742324    38.77530207   267.97478417],1724
5,[33.61667975],[[6.78573918]],"[array([[33.62253867, 94.15372034]]), 52.13185932897301]","[nan, nan]","['rbf.variance', 'rbf.lengthscale', 'Gaussian_noise.variance']",[15920.51285745    56.97292724    39.85924919   236.60178767],1724
