,X_r,OC,KG,DL,HP_names,HP_vars,file_number
0,[40.78177564],[[0.78189032]],"[array([[26.29207309, 19.79419231]]), 50.53314542670897]","[nan, nan]","['rbf.variance', 'rbf.lengthscale', 'Gaussian_noise.variance']",[22045.0532569     49.61296394    54.28534694   170.73585919],1793
1,[41.39920402],[[1.5064062]],"[array([[20.38163303, 31.15688262]]), 75.47936602198907]","[nan, nan]","['rbf.variance', 'rbf.lengthscale', 'Gaussian_noise.variance']",[1.61978402e+04 4.83391491e+01 3.35445798e+01 1.00000000e-03],1793
2,[42.09681921],[[2.58563883]],"[array([[78.43068771, 31.66426335]]), 71.96538053786676]","[nan, nan]","['rbf.variance', 'rbf.lengthscale', 'Gaussian_noise.variance']",[1.61978469e+04 4.84067281e+01 3.60471466e+01 1.00172700e-02],1793
3,[45.16714627],[[9.73185471]],"[array([[17.90035537, 31.25502939]]), 78.79241570797232]","[nan, nan]","['rbf.variance', 'rbf.lengthscale', 'Gaussian_noise.variance']",[1.49149680e+04 3.54036969e+01 4.50173189e+01 1.00000000e-03],1793
4,[44.40061454],[[7.68382009]],"[array([[44.34277983, 82.69212056]]), 83.01933143492838]","[nan, nan]","['rbf.variance', 'rbf.lengthscale', 'Gaussian_noise.variance']",[1.49149655e+04 3.68813347e+01 4.28905538e+01 4.69881104e-01],1793
5,[44.39730642],[[7.67525376]],"[array([[44.39696587, 36.77526281]]), 82.78511358749763]","[nan, nan]","['rbf.variance', 'rbf.lengthscale', 'Gaussian_noise.variance']",[1.28002342e+04 3.65727295e+01 4.07761055e+01 4.01070509e-01],1793
