,X_r,OC,KG,DL,HP_names,HP_vars,file_number
0,[39.68650496],[[0.07344299]],"[array([[ 8.85545961, 54.27543877]]), 52.39176126306244]","[nan, nan]","['rbf.variance', 'rbf.lengthscale', 'Gaussian_noise.variance']",[2.69551696e+04 6.00488796e+01 5.96881277e+01 1.25701272e-04],1635
1,[39.6596036],[[0.06553034]],"[array([[39.65777128, 68.41621087]]), 51.72666375492288]","[nan, nan]","['rbf.variance', 'rbf.lengthscale', 'Gaussian_noise.variance']",[2.69551448e+04 5.90842016e+01 6.43579252e+01 1.57622643e-05],1635
2,[38.81723575],[[0.04397599]],"[array([[38.84942572, 96.97148184]]), 48.96507026676573]","[nan, nan]","['rbf.variance', 'rbf.lengthscale', 'Gaussian_noise.variance']",[26954.99819159    63.15287404    53.08872798    31.56779904],1635
3,[39.41107881],[[0.01383048]],"[array([[39.42330114, 33.64001472]]), 48.348913127197804]","[nan, nan]","['rbf.variance', 'rbf.lengthscale', 'Gaussian_noise.variance']",[26948.91044689    62.73927835    55.12142772    30.14607915],1635
4,[44.00009434],[[6.66688181]],"[array([[59.03709197, 33.09168384]]), 65.49843773500676]","[nan, nan]","['rbf.variance', 'rbf.lengthscale', 'Gaussian_noise.variance']",[2.69488868e+04 5.06391246e+01 3.79225732e+01 7.38042909e-03],1635
5,[41.0399988],[[1.05730385]],"[array([[3.40936676e-02, 4.01777896e+01]]), 60.85891683090344]","[nan, nan]","['rbf.variance', 'rbf.lengthscale', 'Gaussian_noise.variance']",[1.28563145e+04 4.92074724e+01 3.78048776e+01 1.06014861e+01],1635
6,[41.16346607],[[1.20313177]],"[array([[41.14237694, 16.00837426]]), 60.944844832812905]","[nan, nan]","['rbf.variance', 'rbf.lengthscale', 'Gaussian_noise.variance']",[1.28562788e+04 4.83861067e+01 3.92095568e+01 1.01341036e+01],1635
7,[41.37001313],[[1.46710763]],"[array([[41.39008711, 33.18042429]]), 61.60038980385883]","[nan, nan]","['rbf.variance', 'rbf.lengthscale', 'Gaussian_noise.variance']",[1.28562437e+04 4.86844441e+01 3.84548284e+01 7.40595190e+00],1635
