,X_r,OC,KG,DL,HP_names,HP_vars,file_number
0,[5.99329151],[[61.90480516]],"[array([[7.21655833e-07, 3.79166723e+01]]), 101.67620267136198]","[nan, nan]","['rbf.variance', 'rbf.lengthscale', 'Gaussian_noise.variance']",[9.57961339e+03 6.69101689e+01 2.13583540e+01 1.00000000e-03],1974
1,[33.75624324],[[6.52262584]],"[array([[29.11030339, 34.7499743 ]]), 78.17115769224831]","[nan, nan]","['rbf.variance', 'rbf.lengthscale', 'Gaussian_noise.variance']",[7.74109777e+03 3.39941366e+01 2.72137634e+01 1.00000000e-03],1974
