,X_r,OC,KG,DL,HP_names,HP_vars,file_number
0,[31.07253029],[[11.75746027]],"[array([[14.70762257, 57.01936829]]), 61.95306812571802]","[nan, nan]","['rbf.variance', 'rbf.lengthscale', 'Gaussian_noise.variance']",[1.19967712e+04 3.66668054e+01 4.63381965e+01 1.66032823e-05],1651
1,[35.9487932],[[2.74307084]],"[array([[69.7426582 , 50.77819009]]), 48.01285872199444]","[nan, nan]","['rbf.variance', 'rbf.lengthscale', 'Gaussian_noise.variance']",[8.70749154e+03 3.28332519e+01 3.93037153e+01 1.00000000e-03],1651
2,[37.45665653],[[0.86443726]],"[array([[22.49126035, 46.36545308]]), 59.12170008978023]","[nan, nan]","['rbf.variance', 'rbf.lengthscale', 'Gaussian_noise.variance']",[9.96978189e+03 3.50438303e+01 4.05211840e+01 1.00000000e-03],1651
3,[38.73606559],[[0.06449779]],"[array([[57.7745716 , 40.00754256]]), 55.530206670838574]","[nan, nan]","['rbf.variance', 'rbf.lengthscale', 'Gaussian_noise.variance']",[1.31128920e+04 3.39839672e+01 5.22075687e+01 1.00000000e-03],1651
4,[38.45060026],[[0.1668701]],"[array([[38.44791375, 75.1550641 ]]), 59.19520357817619]","[nan, nan]","['rbf.variance', 'rbf.lengthscale', 'Gaussian_noise.variance']",[13111.97851035    40.18760605    43.34628501   119.63229544],1651
5,[39.46925599],[[0.02248183]],"[array([[39.41919701, 99.9998933 ]]), 66.88063719691498]","[nan, nan]","['rbf.variance', 'rbf.lengthscale', 'Gaussian_noise.variance']",[11899.99272903    37.92630348    37.80610025    74.47263952],1651
6,[39.52149228],[[0.03204315]],"[array([[39.51497409, 16.77535193]]), 66.95267851520217]","[nan, nan]","['rbf.variance', 'rbf.lengthscale', 'Gaussian_noise.variance']",[11864.60212752    38.41806926    38.76251149    66.22568017],1651
7,[39.77286187],[[0.10191494]],"[array([[39.78831306, 75.0530231 ]]), 69.36493014738181]","[nan, nan]","['rbf.variance', 'rbf.lengthscale', 'Gaussian_noise.variance']",[11861.2119659     37.94071366    39.9474211     52.12713454],1651
