,X_r,OC,KG,DL,HP_names,HP_vars,file_number
0,[27.85450454],[[18.18260496]],"[array([[32.79040696, 33.03191059]]), 26.208550060168072]","[nan, nan]","['rbf.variance', 'rbf.lengthscale', 'Gaussian_noise.variance']",[9672.8652342    46.35212052   41.81046698  114.95336854],1782
1,[33.27533583],[[7.4357369]],"[array([[ 0.3413325 , 58.55231578]]), 43.19351286579392]","[nan, nan]","['rbf.variance', 'rbf.lengthscale', 'Gaussian_noise.variance']",[9574.99738195   42.82508908   41.83092628  109.15636956],1782
2,[34.2803135],[[5.55156888]],"[array([[82.68348319, 97.50098378]]), 44.95865070252465]","[nan, nan]","['rbf.variance', 'rbf.lengthscale', 'Gaussian_noise.variance']",[8391.27820713   41.7744646    38.15479213   63.46729868],1782
3,[32.59824653],[[8.74625703]],"[array([[2.80102526e-08, 8.73979426e+01]]), 42.59087506175215]","[nan, nan]","['rbf.variance', 'rbf.lengthscale', 'Gaussian_noise.variance']",[10995.57077867    45.27723271    47.54206198    98.92855335],1782
4,[33.48274366],[[7.0397525]],"[array([[0.2608605, 3.2150088]]), 43.976863972220904]","[nan, nan]","['rbf.variance', 'rbf.lengthscale', 'Gaussian_noise.variance']",[9773.58311855   44.12554747   44.46738463   76.0707173 ],1782
5,[33.50509043],[[6.99727395]],"[array([[46.67495396,  0.6217387 ]]), 43.560273726489704]","[nan, nan]","['rbf.variance', 'rbf.lengthscale', 'Gaussian_noise.variance']",[9380.37011574   44.28816704   44.71190517   69.42955769],1782
