,X_r,OC,KG,DL,HP_names,HP_vars,file_number
0,[30.70987952],[[12.47914359]],"[array([[55.23912314, 36.23811143]]), 61.90408053787971]","[nan, nan]","['rbf.variance', 'rbf.lengthscale', 'Gaussian_noise.variance']",[2.37864604e+04 5.81566032e+01 5.38741178e+01 1.61287152e+01],1827
1,[29.42705131],[[15.03899018]],"[array([[29.80639789, 10.86952066]]), 61.6623021449624]","[nan, nan]","['rbf.variance', 'rbf.lengthscale', 'Gaussian_noise.variance']",[2.37865411e+04 5.84037280e+01 5.44246818e+01 9.15488586e+00],1827
2,[29.27960548],[[15.33360119]],"[array([[99.99999982, 39.39103785]]), 61.69589255210826]","[nan, nan]","['rbf.variance', 'rbf.lengthscale', 'Gaussian_noise.variance']",[2.37866048e+04 6.02351273e+01 5.54876756e+01 6.82241194e+00],1827
3,[26.99944846],[[19.89255988]],"[array([[13.87749036, 59.16846194]]), 62.69822948419674]","[nan, nan]","['rbf.variance', 'rbf.lengthscale', 'Gaussian_noise.variance']",[23787.19349861    38.03448757    62.11158866    36.24891083],1827
