,X_r,OC,KG,DL,HP_names,HP_vars,file_number
0,[40.56954785],[[0.58602591]],"[array([[36.22844136, 38.38433431]]), 74.32795212084628]","[nan, nan]","['rbf.variance', 'rbf.lengthscale', 'Gaussian_noise.variance']",[1.88310442e+04 4.38332980e+01 4.82266884e+01 3.18415328e-04],1759
1,[38.86993369],[[0.03272484]],"[array([[38.93353162, 87.66375621]]), 76.23831872676841]","[nan, nan]","['rbf.variance', 'rbf.lengthscale', 'Gaussian_noise.variance']",[2.04646474e+04 4.98907402e+01 4.59087580e+01 1.00000000e-03],1759
2,[39.04950454],[[0.00678359]],"[array([[38.9940576 , 59.43351199]]), 76.23080992739202]","[nan, nan]","['rbf.variance', 'rbf.lengthscale', 'Gaussian_noise.variance']",[2.04646177e+04 4.94548669e+01 4.52446144e+01 3.11309487e-06],1759
3,[39.09502388],[[0.0032828]],"[array([[39.0654329 , 38.75188929]]), 73.29914776936083]","[nan, nan]","['rbf.variance', 'rbf.lengthscale', 'Gaussian_noise.variance']",[20456.7284274     45.76434315    45.3765098     46.41240564],1759
4,[38.81926661],[[0.04351205]],"[array([[38.845917  , 66.73441735]]), 76.00084560611165]","[nan, nan]","['rbf.variance', 'rbf.lengthscale', 'Gaussian_noise.variance']",[16880.9426665     44.96563792    41.57599599    37.89409067],1759
5,[82.63475002],[[121.79563819]],"[array([[84.82820642, 82.10518438]]), 155.7232264718831]","[nan, nan]","['rbf.variance', 'rbf.lengthscale', 'Gaussian_noise.variance']",[1.09485213e+04 5.29892692e+00 3.98048078e+06 1.00000000e-03],1759
