,X_r,OC,KG,DL,HP_names,HP_vars,file_number
0,[12.40827466],[[49.07483885]],"[array([[5.50010496e-04, 3.95123279e+01]]), 81.86214271859585]","[nan, nan]","['rbf.variance', 'rbf.lengthscale', 'Gaussian_noise.variance']",[7.91986241e+03 4.84450355e+01 2.58075329e+01 1.00000000e-03],1691
1,[31.78405993],[[10.3465541]],"[array([[31.11167715, 43.69593493]]), 66.24404408038129]","[nan, nan]","['rbf.variance', 'rbf.lengthscale', 'Gaussian_noise.variance']",[7.91986608e+03 3.59487205e+01 2.84330336e+01 9.95297957e-03],1691
2,[34.77630374],[[4.66361435]],"[array([[18.25873314, 56.12916245]]), 61.06043219198816]","[nan, nan]","['rbf.variance', 'rbf.lengthscale', 'Gaussian_noise.variance']",[6928.7629594    37.34111789   25.41002796   31.00085369],1691
3,[33.24556989],[[7.49280817]],"[array([[33.22363492, 67.46134426]]), 59.659468678265426]","[nan, nan]","['rbf.variance', 'rbf.lengthscale', 'Gaussian_noise.variance']",[8463.33837677   40.45343787   29.92550309   30.11160246],1691
4,[32.99891602],[[7.9678166]],"[array([[33.0065987 ,  4.79469795]]), 59.85697522050913]","[nan, nan]","['rbf.variance', 'rbf.lengthscale', 'Gaussian_noise.variance']",[9543.76534146   42.36768726   31.97915537   22.46835828],1691
5,[31.99072848],[[9.93854818]],"[array([[31.93674222, 20.25514734]]), 59.645259302881634]","[nan, nan]","['rbf.variance', 'rbf.lengthscale', 'Gaussian_noise.variance']",[9536.29215217   39.93338088   33.16432754   26.50302783],1691
6,[32.28754193],[[9.35453681]],"[array([[32.28870911, 58.85654686]]), 63.771404193501795]","[nan, nan]","['rbf.variance', 'rbf.lengthscale', 'Gaussian_noise.variance']",[12060.73050796    36.70338494    38.70073509    84.28991122],1691
7,[36.96902674],[[1.37817234]],"[array([[50.9208917 , 31.68425108]]), 68.04725711235557]","[nan, nan]","['rbf.variance', 'rbf.lengthscale', 'Gaussian_noise.variance']",[1.05582487e+04 3.31310597e+01 3.11515137e+01 9.42095637e+00],1691
