,X_r,OC,KG,DL,HP_names,HP_vars,file_number
0,[48.10890605],[[18.24402756]],"[array([[57.45880563, 36.49158351]]), 118.3015335922753]","[nan, nan]","['rbf.variance', 'rbf.lengthscale', 'Gaussian_noise.variance']",[7.68750509e+03 2.54427467e+01 2.10731162e+01 1.00613935e-02],1936
1,[41.38489379],[[1.48707973]],"[array([[39.3746765 , 34.63198767]]), 108.35924438218744]","[nan, nan]","['rbf.variance', 'rbf.lengthscale', 'Gaussian_noise.variance']",[7.68749117e+03 1.66829535e+01 2.49111085e+01 1.01654093e-02],1936
