,X_r,OC,KG,DL,HP_names,HP_vars,file_number
0,[17.66310564],[[38.56517683]],"[array([[ 2.043577  , 37.53767449]]), 98.77362342689386]","[nan, nan]","['rbf.variance', 'rbf.lengthscale', 'Gaussian_noise.variance']",[8.89903067e+03 4.00001003e+01 2.69295463e+01 3.45582155e-03],162
1,[32.76336331],[[8.42454911]],"[array([[45.02847045, 24.43306693]]), 78.38095324634233]","[nan, nan]","['rbf.variance', 'rbf.lengthscale', 'Gaussian_noise.variance']",[8.89903345e+03 3.48956094e+01 2.57678628e+01 1.00054702e-02],162
2,[30.99442739],[[11.91277238]],"[array([[11.77412585, 40.6419201 ]]), 77.90640045656254]","[nan, nan]","['rbf.variance', 'rbf.lengthscale', 'Gaussian_noise.variance']",[8.63826293e+03 3.49830840e+01 2.71006196e+01 1.00000000e-03],162
3,[33.31232371],[[7.36490076]],"[array([[48.52829593, 42.81497439]]), 61.67643076896124]","[nan, nan]","['rbf.variance', 'rbf.lengthscale', 'Gaussian_noise.variance']",[8.64737887e+03 3.80477252e+01 2.50184592e+01 1.00000000e-03],162
4,[32.98288169],[[7.99881653]],"[array([[ 6.72961429, 41.13294882]]), 60.46826830505519]","[nan, nan]","['rbf.variance', 'rbf.lengthscale', 'Gaussian_noise.variance']",[1.00268647e+04 4.02708353e+01 2.73345877e+01 1.00000000e-03],162
5,[32.80899659],[[8.33585365]],"[array([[32.84058123,  4.88849217]]), 61.144225105457664]","[nan, nan]","['rbf.variance', 'rbf.lengthscale', 'Gaussian_noise.variance']",[10026.01683998    39.33518166    27.78014389    14.34107709],162
6,[32.82858786],[[8.29780513]],"[array([[32.76539866, 39.71935957]]), 59.64845497524069]","[nan, nan]","['rbf.variance', 'rbf.lengthscale', 'Gaussian_noise.variance']",[1.20388921e+04 4.06747096e+01 2.94692592e+01 1.10858623e+01],162
7,[32.71139681],[[8.52567062]],"[array([[32.68134117, 44.59634691]]), 64.27243612323059]","[nan, nan]","['rbf.variance', 'rbf.lengthscale', 'Gaussian_noise.variance']",[1.15781820e+04 3.89464984e+01 2.98173042e+01 1.10728535e+01],162
