,X_r,OC,KG,DL,HP_names,HP_vars,file_number
0,[26.59156473],[[20.70829652]],"[array([[ 0.98829048, 39.74146987]]), 61.16308909332308]","[nan, nan]","['rbf.variance', 'rbf.lengthscale', 'Gaussian_noise.variance']",[6.23366261e+03 3.10556480e+01 2.10065144e+01 2.44671987e-04],1810
1,[34.15563983],[[5.77987717]],"[array([[18.92125861, 39.74003802]]), 39.0196708083093]","[nan, nan]","['rbf.variance', 'rbf.lengthscale', 'Gaussian_noise.variance']",[5.09422795e+03 2.75188360e+01 2.02042310e+01 1.00000000e-03],1810
2,[33.1462375],[[7.68366719]],"[array([[47.90857538, 47.05490913]]), 48.20526384684239]","[nan, nan]","['rbf.variance', 'rbf.lengthscale', 'Gaussian_noise.variance']",[6158.58101943   38.43631605   22.82354563   64.67430197],1810
3,[33.68220983],[[6.66198965]],"[array([[44.89070914, 38.92242542]]), 51.80947933157724]","[nan, nan]","['rbf.variance', 'rbf.lengthscale', 'Gaussian_noise.variance']",[6.40803125e+03 4.16081929e+01 1.94817369e+01 1.00000000e-03],1810
