,X_r,OC,KG,DL,HP_names,HP_vars,file_number
0,[39.14620394],[[0.00084505]],"[array([[27.3434981 , 43.62440437]]), 86.54433911973926]","[nan, nan]","['rbf.variance', 'rbf.lengthscale', 'Gaussian_noise.variance']",[7.06530020e+03 3.14807802e+01 2.60878021e+01 9.88120247e-03],1913
1,[43.90888244],[[6.44138897]],"[array([[ 0.04749396, 41.70727898]]), 72.27652117811984]","[nan, nan]","['rbf.variance', 'rbf.lengthscale', 'Gaussian_noise.variance']",[6.59469635e+03 2.97744088e+01 2.71075826e+01 1.00000000e-03],1913
