,X_r,OC,KG,DL,HP_names,HP_vars,file_number
0,[46.28046856],[[12.87214228]],"[array([[36.70316767, 36.84325784]]), 62.381300811005545]","[nan, nan]","['rbf.variance', 'rbf.lengthscale', 'Gaussian_noise.variance']",[2.03171038e+04 3.35890712e+01 2.85831706e+01 1.83254508e+01],1696
1,[33.74068302],[[6.55187701]],"[array([[ 1.18579544, 30.80675851]]), 69.97830219668306]","[nan, nan]","['rbf.variance', 'rbf.lengthscale', 'Gaussian_noise.variance']",[17631.37947378    54.63867449    41.71498528   179.32919464],1696
2,[38.41705353],[[0.18193156]],"[array([[99.73623391, 83.39112728]]), 65.3545652416623]","[nan, nan]","['rbf.variance', 'rbf.lengthscale', 'Gaussian_noise.variance']",[17555.32021841    52.76857439    47.75094618   182.06912653],1696
3,[36.81658074],[[1.55887412]],"[array([[6.64670537e-02, 9.82739417e+01]]), 65.65207728331822]","[nan, nan]","['rbf.variance', 'rbf.lengthscale', 'Gaussian_noise.variance']",[21847.20389482    56.61395129    51.48533189   171.59111135],1696
4,[37.01930665],[[1.32058286]],"[array([[37.04789472, 89.1476881 ]]), 66.1300492013876]","[nan, nan]","['rbf.variance', 'rbf.lengthscale', 'Gaussian_noise.variance']",[20394.34778784    56.00587198    51.11670844   151.89746804],1696
5,[41.78290178],[[2.06748157]],"[array([[98.88866356, 38.95982828]]), 80.84381561522243]","[nan, nan]","['rbf.variance', 'rbf.lengthscale', 'Gaussian_noise.variance']",[2.03943455e+04 3.06434258e+01 4.07409555e+01 4.30800992e-03],1696
6,[37.16409088],[[1.16051632]],"[array([[37.1644624 , 72.85824281]]), 66.01311692264917]","[nan, nan]","['rbf.variance', 'rbf.lengthscale', 'Gaussian_noise.variance']",[20781.74836371    58.88459087    51.04704163   126.71607949],1696
7,[36.99479695],[[1.34852891]],"[array([[36.989759  , 55.79388618]]), 66.12783207183097]","[nan, nan]","['rbf.variance', 'rbf.lengthscale', 'Gaussian_noise.variance']",[20045.44844106    59.72332783    47.79950515   115.66262711],1696
