,X_r,OC,KG,DL,HP_names,HP_vars,file_number
0,[44.37610096],[[7.62040476]],"[array([[58.11695421, 25.57658081]]), 66.57034977432286]","[nan, nan]","['rbf.variance', 'rbf.lengthscale', 'Gaussian_noise.variance']",[1.33266515e+04 4.66013702e+01 3.48316694e+01 1.00000000e-03],1615
1,[44.68855165],[[8.43906174]],"[array([[ 4.21516285, 43.94260499]]), 66.79573330536174]","[nan, nan]","['rbf.variance', 'rbf.lengthscale', 'Gaussian_noise.variance']",[1.60891905e+04 5.47422003e+01 3.65067397e+01 1.00000000e-03],1615
2,[45.23045897],[[9.90593592]],"[array([[66.4908176 , 35.83861698]]), 63.89138803569735]","[nan, nan]","['rbf.variance', 'rbf.lengthscale', 'Gaussian_noise.variance']",[1.48616807e+04 5.41418683e+01 3.67593924e+01 1.00000000e-03],1615
3,[37.53948612],[[0.78758216]],"[array([[99.5672737 ,  5.56799301]]), 51.370051457531076]","[nan, nan]","['rbf.variance', 'rbf.lengthscale', 'Gaussian_noise.variance']",[15059.93120895    45.67430696    43.97075024   111.5972047 ],1615
4,[36.92946874],[[1.42418977]],"[array([[86.59949131, 99.0724564 ]]), 49.371713744170975]","[nan, nan]","['rbf.variance', 'rbf.lengthscale', 'Gaussian_noise.variance']",[21131.9689142     53.6430499     49.27585437   102.70946282],1615
5,[36.82479105],[[1.54891299]],"[array([[36.82465133, 47.51510274]]), 49.2497398222961]","[nan, nan]","['rbf.variance', 'rbf.lengthscale', 'Gaussian_noise.variance']",[20250.45338135    54.27929231    50.25085265    99.41204662],1615
6,[37.14686221],[[1.17910683]],"[array([[37.11524844, 50.02833939]]), 54.37321646285639]","[nan, nan]","['rbf.variance', 'rbf.lengthscale', 'Gaussian_noise.variance']",[21221.87758267    55.67675084    51.66362829   103.39506043],1615
7,[37.13221714],[[1.19500769]],"[array([[37.12916288, 82.50362725]]), 55.628994696082415]","[nan, nan]","['rbf.variance', 'rbf.lengthscale', 'Gaussian_noise.variance']",[21067.66394462    55.68571731    51.50612761    91.06348136],1615
