,X_r,OC,KG,DL,HP_names,HP_vars,file_number
0,[31.36498178],[[11.17658223]],"[array([[13.73997684, 41.34414196]]), 112.09933500378584]","[nan, nan]","['rbf.variance', 'rbf.lengthscale', 'Gaussian_noise.variance']",[6.82340722e+03 3.33555046e+01 2.64002698e+01 9.92164595e-03],189
1,[38.30757686],[[0.235422]],"[array([[28.31793445, 42.14185088]]), 93.46269411937197]","[nan, nan]","['rbf.variance', 'rbf.lengthscale', 'Gaussian_noise.variance']",[6.82339481e+03 2.93067260e+01 2.96852821e+01 9.96159941e-03],189
2,[43.85220408],[[6.3024955]],"[array([[32.55580139, 42.19863694]]), 85.22254850757766]","[nan, nan]","['rbf.variance', 'rbf.lengthscale', 'Gaussian_noise.variance']",[5.05976413e+03 2.33440357e+01 2.62751449e+01 1.68974779e-07],189
3,[44.56145005],[[8.10339172]],"[array([[44.38317225, 24.39325454]]), 83.94507696307468]","[nan, nan]","['rbf.variance', 'rbf.lengthscale', 'Gaussian_noise.variance']",[4868.40261594   22.88658124   25.34783536    7.66370257],189
