,X_r,OC,KG,DL,HP_names,HP_vars,file_number
0,[26.95291799],[[19.98561626]],"[array([[55.91178077, 33.03423064]]), 43.35885471923436]","[nan, nan]","['rbf.variance', 'rbf.lengthscale', 'Gaussian_noise.variance']",[20105.90106065    57.46223367    39.55239446   111.51020824],1811
1,[29.79912118],[[14.29580657]],"[array([[ 0.12071604, 76.9108291 ]]), 50.84503349149098]","[nan, nan]","['rbf.variance', 'rbf.lengthscale', 'Gaussian_noise.variance']",[20090.76941655    60.91009098    36.82739817    66.63152692],1811
2,[31.32896824],[[11.24804991]],"[array([[9.86129404, 9.80412344]]), 55.07545781006941]","[nan, nan]","['rbf.variance', 'rbf.lengthscale', 'Gaussian_noise.variance']",[16211.49528595    54.08376534    34.41584765    22.07085161],1811
3,[32.77511904],[[8.40169064]],"[array([[86.1904733 , 52.09199016]]), 50.47283439286733]","[nan, nan]","['rbf.variance', 'rbf.lengthscale', 'Gaussian_noise.variance']",[16209.11675577    53.77289145    35.9145712     29.73515521],1811
