,X_r,OC,KG,DL,HP_names,HP_vars,file_number
0,[37.53328091],[[0.79322996]],"[array([[26.74839359, 25.24641007]]), 73.31585580334158]","[nan, nan]","['rbf.variance', 'rbf.lengthscale', 'Gaussian_noise.variance']",[1.14064116e+04 4.17432175e+01 2.70923390e+01 1.00000000e-03],1622
1,[33.65327212],[[6.71659243]],"[array([[14.74574101, 46.8951841 ]]), 71.46435349575033]","[nan, nan]","['rbf.variance', 'rbf.lengthscale', 'Gaussian_noise.variance']",[9.95989276e+03 4.21017875e+01 2.47915546e+01 1.00000000e-03],1622
2,[32.91526708],[[8.12968966]],"[array([[50.35080693, 50.72602333]]), 66.19704423494142]","[nan, nan]","['rbf.variance', 'rbf.lengthscale', 'Gaussian_noise.variance']",[1.03765622e+04 4.46815328e+01 2.56230455e+01 2.56728041e-06],1622
3,[12.94678102],[[47.99782608]],"[array([[ 0.27209497, 27.72072608]]), 40.15335677018682]","[nan, nan]","['rbf.variance', 'rbf.lengthscale', 'Gaussian_noise.variance']",[8.55867189e+03 5.01777887e+01 1.52545275e+01 7.60378967e+00],1622
4,[26.95572217],[[19.98000825]],"[array([[99.98184438, 37.96917333]]), 56.421586442851805]","[nan, nan]","['rbf.variance', 'rbf.lengthscale', 'Gaussian_noise.variance']",[6.85703519e+03 3.17681636e+01 1.71066354e+01 1.00000000e-03],1622
5,[26.82846202],[[20.23451773]],"[array([[34.54050831, 24.28368302]]), 58.06030870591298]","[nan, nan]","['rbf.variance', 'rbf.lengthscale', 'Gaussian_noise.variance']",[6.90721677e+03 2.88397814e+01 2.00632526e+01 1.00000000e-03],1622
6,[35.15845461],[[4.00605219]],"[array([[ 3.11683028, 60.26590431]]), 62.305020085783596]","[nan, nan]","['rbf.variance', 'rbf.lengthscale', 'Gaussian_noise.variance']",[8944.66414636   42.44037661   24.50822564  130.23011334],1622
7,[35.43973734],[[3.54000995]],"[array([[ 6.10963944, 11.60294424]]), 59.87430046946554]","[nan, nan]","['rbf.variance', 'rbf.lengthscale', 'Gaussian_noise.variance']",[8796.38769658   42.51273862   25.35927042  125.06119291],1622
