,X_r,OC,KG,DL,HP_names,HP_vars,file_number
0,[27.95405748],[[17.98353171]],"[array([[1.16688306e-06, 4.14925784e+01]]), 39.308212530555274]","[nan, nan]","['rbf.variance', 'rbf.lengthscale', 'Gaussian_noise.variance']",[10156.11382318    51.45936293    40.89955606    81.56390064],1929
1,[31.50084871],[[10.90714091]],"[array([[37.92367618, 47.98147887]]), 39.127402819424546]","[nan, nan]","['rbf.variance', 'rbf.lengthscale', 'Gaussian_noise.variance']",[8.49315453e+03 4.86693153e+01 3.19737227e+01 1.00000000e-03],1929
