,X_r,OC,KG,DL,HP_names,HP_vars,file_number
0,[32.20328682],[[9.52005572]],"[array([[49.99156555, 24.11332049]]), 46.38604862590805]","[nan, nan]","['rbf.variance', 'rbf.lengthscale', 'Gaussian_noise.variance']",[11665.45714302    44.27969929    37.06965983   195.34336169],1659
1,[37.8013102],[[0.56597572]],"[array([[ 3.88229402, 35.85648044]]), 58.820485409953974]","[nan, nan]","['rbf.variance', 'rbf.lengthscale', 'Gaussian_noise.variance']",[1.16654618e+04 4.39178170e+01 2.81748077e+01 1.00057316e-02],1659
2,[36.54275805],[[1.90534344]],"[array([[58.38197216, 44.44662709]]), 58.091430578787836]","[nan, nan]","['rbf.variance', 'rbf.lengthscale', 'Gaussian_noise.variance']",[1.35393799e+04 5.05943218e+01 2.90558457e+01 1.00000000e-03],1659
3,[40.1047528],[[0.25505632]],"[array([[27.64103415, 39.44796827]]), 67.24968785173591]","[nan, nan]","['rbf.variance', 'rbf.lengthscale', 'Gaussian_noise.variance']",[9.90141356e+03 3.77561219e+01 2.86666281e+01 9.45988060e+00],1659
4,[40.76720119],[[0.76755351]],"[array([[40.69064785, 35.07142517]]), 68.06395110185288]","[nan, nan]","['rbf.variance', 'rbf.lengthscale', 'Gaussian_noise.variance']",[9.69565427e+03 3.69406242e+01 2.86827814e+01 1.00000000e-03],1659
5,[38.41054973],[[0.18492408]],"[array([[38.39506299, 21.07044664]]), 62.71658672070575]","[nan, nan]","['rbf.variance', 'rbf.lengthscale', 'Gaussian_noise.variance']",[11997.35410612    43.87781519    31.44168158    22.38465442],1659
6,[38.37171922],[[0.20327954]],"[array([[53.80326403, 43.84890503]]), 64.1556539784195]","[nan, nan]","['rbf.variance', 'rbf.lengthscale', 'Gaussian_noise.variance']",[7.53072154e+03 2.70949644e+01 2.93606182e+01 1.00000000e-03],1659
7,[35.2745788],[[3.81165592]],"[array([[35.28261869, 74.4167762 ]]), 58.66282544309659]","[nan, nan]","['rbf.variance', 'rbf.lengthscale', 'Gaussian_noise.variance']",[13127.68007227    48.53251388    40.91660336   142.77008702],1659
