,X_r,OC,KG,DL,HP_names,HP_vars,file_number
0,[46.09615253],[[12.34241339]],"[array([[ 0.49237088, 42.19359789]]), 80.31100328082358]","[nan, nan]","['rbf.variance', 'rbf.lengthscale', 'Gaussian_noise.variance']",[6.58996670e+03 2.46785252e+01 2.70669842e+01 1.00000000e-02],1794
1,[45.50119586],[[10.65734739]],"[array([[35.91489842, 42.49070128]]), 79.37343846142241]","[nan, nan]","['rbf.variance', 'rbf.lengthscale', 'Gaussian_noise.variance']",[5.90164295e+03 2.50960135e+01 2.58242126e+01 1.00000000e-03],1794
2,[44.98374248],[[9.23141193]],"[array([[53.50885357, 42.28816745]]), 78.56663862778183]","[nan, nan]","['rbf.variance', 'rbf.lengthscale', 'Gaussian_noise.variance']",[6.74230915e+03 2.79957518e+01 2.94616905e+01 1.00000000e-03],1794
3,[37.15067391],[[1.17498324]],"[array([[77.9515771 ,  7.28942708]]), 58.58395869148997]","[nan, nan]","['rbf.variance', 'rbf.lengthscale', 'Gaussian_noise.variance']",[6175.87625373   35.52554967   29.1633509   345.65721958],1794
4,[37.31305149],[[1.00506701]],"[array([[3.72810969e+01, 7.35813690e-05]]), 58.714301399493706]","[nan, nan]","['rbf.variance', 'rbf.lengthscale', 'Gaussian_noise.variance']",[12018.62865782    43.18953513    39.56648377   254.99842897],1794
5,[35.52485297],[[3.40236205]],"[array([[35.53855242, 50.43564881]]), 59.95274478597789]","[nan, nan]","['rbf.variance', 'rbf.lengthscale', 'Gaussian_noise.variance']",[12418.85848654    47.21051068    36.96279881   261.5888147 ],1794
