,X_r,OC,KG,DL,HP_names,HP_vars,file_number
0,[27.32879881],[[19.23390007]],"[array([[ 4.18165024, 28.37679295]]), 47.52363261666224]","[nan, nan]","['rbf.variance', 'rbf.lengthscale', 'Gaussian_noise.variance']",[6.79418994e+03 4.04186246e+01 2.82068061e+01 9.95321012e-03],1758
1,[28.49524639],[[16.9014246]],"[array([[19.35945668, 58.19989816]]), 65.55287510259211]","[nan, nan]","['rbf.variance', 'rbf.lengthscale', 'Gaussian_noise.variance']",[6.79501101e+03 3.34782621e+01 3.30107246e+01 3.41849220e+00],1758
2,[34.78962584],[[4.64026704]],"[array([[22.44024598, 49.88201282]]), 50.777314007525966]","[nan, nan]","['rbf.variance', 'rbf.lengthscale', 'Gaussian_noise.variance']",[6.04417360e+03 3.20120746e+01 2.61670948e+01 3.58840930e+00],1758
3,[35.94936542],[[2.74221285]],"[array([[43.89900801, 42.61735708]]), 44.91847188636936]","[nan, nan]","['rbf.variance', 'rbf.lengthscale', 'Gaussian_noise.variance']",[6.22217838e+03 3.35818244e+01 2.69927819e+01 2.86201560e+00],1758
4,[39.83683372],[[0.12603121]],"[array([[99.4425005 , 41.54114666]]), 83.23502788100384]","[nan, nan]","['rbf.variance', 'rbf.lengthscale', 'Gaussian_noise.variance']",[6715.45398925   22.26139356   32.6534989    16.47882719],1758
5,[37.49192142],[[0.83132949]],"[array([[37.52123851, 68.6016094 ]]), 56.9184616426916]","[nan, nan]","['rbf.variance', 'rbf.lengthscale', 'Gaussian_noise.variance']",[10929.63836499    43.5540109     39.56650063   186.03888989],1758
