,X_r,OC,KG,DL,HP_names,HP_vars,file_number
0,[33.62449274],[[6.77096631]],"[array([[ 0.09045374, 38.32994839]]), 37.72313464838565]","[nan, nan]","['rbf.variance', 'rbf.lengthscale', 'Gaussian_noise.variance']",[1.00001754e+04 4.56732477e+01 3.86917965e+01 1.02756330e-04],1687
1,[36.10116358],[[2.51786493]],"[array([[72.09591165, 54.52947329]]), 41.891106169164374]","[nan, nan]","['rbf.variance', 'rbf.lengthscale', 'Gaussian_noise.variance']",[1.20346062e+04 5.01610779e+01 4.01404997e+01 1.00000000e-03],1687
2,[21.13206975],[[31.62724869]],"[array([[43.34648905, 39.93269474]]), 36.234471172662204]","[nan, nan]","['rbf.variance', 'rbf.lengthscale', 'Gaussian_noise.variance']",[1.22800766e+04 3.07309130e+01 5.24427400e+01 1.00000000e-03],1687
3,[36.6784429],[[1.73025472]],"[array([[ 0.46847232, 12.98155472]]), 70.54657000662196]","[nan, nan]","['rbf.variance', 'rbf.lengthscale', 'Gaussian_noise.variance']",[12083.69670628    43.96213614    35.56580864    82.85700324],1687
4,[37.43546847],[[0.88460273]],"[array([[0.31371395, 1.23583771]]), 69.32404510416097]","[nan, nan]","['rbf.variance', 'rbf.lengthscale', 'Gaussian_noise.variance']",[11968.21278419    43.60124464    37.01537551    77.70232957],1687
5,[34.65246571],[[4.88198656]],"[array([[27.38056787, 40.17367714]]), 91.7740477125641]","[nan, nan]","['rbf.variance', 'rbf.lengthscale', 'Gaussian_noise.variance']",[1.04138854e+04 2.22961614e+01 4.28911479e+01 1.00000000e-03],1687
6,[38.41250436],[[0.18402231]],"[array([[38.42016085, 49.21432933]]), 66.25155627584358]","[nan, nan]","['rbf.variance', 'rbf.lengthscale', 'Gaussian_noise.variance']",[12862.69345836    44.09792119    39.99822955    64.02146362],1687
7,[38.51023059],[[0.14165435]],"[array([[38.54214123, 31.85621999]]), 65.87692723657676]","[nan, nan]","['rbf.variance', 'rbf.lengthscale', 'Gaussian_noise.variance']",[13638.70695431    44.88744076    40.76214904    53.40175147],1687
