,X_r,OC,KG,DL,HP_names,HP_vars,file_number
0,[37.14312062],[[1.1831608]],"[array([[ 1.37907324, 44.01014933]]), 43.72271031920857]","[nan, nan]","['rbf.variance', 'rbf.lengthscale', 'Gaussian_noise.variance']",[3.07543937e+04 7.27396274e+01 5.66504669e+01 1.06466019e-05],1666
1,[36.91558793],[[1.44048374]],"[array([[36.1111026 , 53.99766969]]), 45.92222757241402]","[nan, nan]","['rbf.variance', 'rbf.lengthscale', 'Gaussian_noise.variance']",[3.07544410e+04 8.10872606e+01 4.92706738e+01 2.86154941e-06],1666
2,[37.57350674],[[0.75693818]],"[array([[37.3873246 ,  4.77963149]]), 46.58112656661743]","[nan, nan]","['rbf.variance', 'rbf.lengthscale', 'Gaussian_noise.variance']",[3.07544388e+04 8.00664622e+01 4.80666409e+01 1.29858095e+00],1666
3,[37.36611366],[[0.95202949]],"[array([[ 0.43936154, 10.53674208]]), 46.83536649060129]","[nan, nan]","['rbf.variance', 'rbf.lengthscale', 'Gaussian_noise.variance']",[3.07544859e+04 8.67987860e+01 4.31595679e+01 1.04302427e+01],1666
4,[36.26982139],[[2.27658928]],"[array([[36.27288725, 93.06215863]]), 48.011561311464085]","[nan, nan]","['rbf.variance', 'rbf.lengthscale', 'Gaussian_noise.variance']",[3.07545094e+04 8.72297082e+01 4.16192737e+01 7.89924882e+00],1666
5,[37.19640286],[[1.12598799]],"[array([[37.19153069, 86.37796654]]), 49.309449912888105]","[nan, nan]","['rbf.variance', 'rbf.lengthscale', 'Gaussian_noise.variance']",[3.07545597e+04 8.21706642e+01 4.87991842e+01 1.94491310e+01],1666
6,[35.99913246],[[2.66793588]],"[array([[35.99934339, 89.25144193]]), 48.95645951989004]","[nan, nan]","['rbf.variance', 'rbf.lengthscale', 'Gaussian_noise.variance']",[4.31252551e+04 9.51575918e+01 4.18937289e+01 3.35645336e+00],1666
7,[35.90120897],[[2.81474079]],"[array([[35.90074988, 64.35781927]]), 48.853840241999315]","[nan, nan]","['rbf.variance', 'rbf.lengthscale', 'Gaussian_noise.variance']",[4.43847599e+04 9.69155590e+01 4.09487076e+01 1.89841614e+00],1666
