,X_r,OC,KG,DL,HP_names,HP_vars,file_number
0,[38.86375533],[[0.03395893]],"[array([[22.48505346, 41.90680764]]), 80.09689889947943]","[nan, nan]","['rbf.variance', 'rbf.lengthscale', 'Gaussian_noise.variance']",[7.46557313e+03 3.52887532e+01 3.35846082e+01 6.95422846e-05],1993
1,[41.23787898],[[1.29536918]],"[array([[ 9.66936725, 42.23533548]]), 69.9186838478145]","[nan, nan]","['rbf.variance', 'rbf.lengthscale', 'Gaussian_noise.variance']",[7.10435994e+03 3.51128253e+01 3.46639558e+01 1.00000000e-03],1993
