,X_r,OC,KG,DL,HP_names,HP_vars,file_number
0,[42.76256992],[[3.84535767]],"[array([[42.47130469, 36.39821804]]), 61.50007714223502]","[nan, nan]","['rbf.variance', 'rbf.lengthscale', 'Gaussian_noise.variance']",[2.22160993e+04 4.69039521e+01 6.22021871e+01 1.73617806e-05],1527
1,[59.18170829],[[51.43651285]],"[array([[67.5759289 , 37.33574339]]), 82.7601458025946]","[nan, nan]","['rbf.variance', 'rbf.lengthscale', 'Gaussian_noise.variance']",[1.79226537e+04 2.54382693e+01 7.84021834e+01 1.00000000e-03],1527
2,[38.27358103],[[0.25337102]],"[array([[ 3.14188826, 17.22170053]]), 52.669389155518424]","[nan, nan]","['rbf.variance', 'rbf.lengthscale', 'Gaussian_noise.variance']",[20018.21033847    49.53629613    57.7875916     49.72023375],1527
3,[37.94512707],[[0.45857035]],"[array([[37.97217167, 70.48202513]]), 51.75483889319908]","[nan, nan]","['rbf.variance', 'rbf.lengthscale', 'Gaussian_noise.variance']",[18694.74407593    49.72397013    58.22257019    48.374167  ],1527
4,[37.04735505],[[1.28890007]],"[array([[37.04275388, 66.42893725]]), 50.15762156304718]","[nan, nan]","['rbf.variance', 'rbf.lengthscale', 'Gaussian_noise.variance']",[19092.24586074    51.44689387    57.69718911    53.16454469],1527
5,[36.90742398],[[1.45010212]],"[array([[36.91109615,  0.87983677]]), 49.52271058615629]","[nan, nan]","['rbf.variance', 'rbf.lengthscale', 'Gaussian_noise.variance']",[18745.10603836    51.42290771    57.03254644    46.34568742],1527
6,[36.59009284],[[1.8435212]],"[array([[36.61423628, 50.71730549]]), 52.3362481760402]","[nan, nan]","['rbf.variance', 'rbf.lengthscale', 'Gaussian_noise.variance']",[19030.45331324    50.94774001    50.45952184    43.54366001],1527
7,[36.7898007],[[1.59154181]],"[array([[36.79989988, 21.37548249]]), 53.54408968031225]","[nan, nan]","['rbf.variance', 'rbf.lengthscale', 'Gaussian_noise.variance']",[19310.62973084    49.79006137    52.13425899    39.69813412],1527
8,[36.32325636],[[2.20198718]],"[array([[36.31815996, 99.09089422]]), 54.60621191832535]","[nan, nan]","['rbf.variance', 'rbf.lengthscale', 'Gaussian_noise.variance']",[19442.5000187     49.94930567    50.53309301    37.28494717],1527
9,[36.38670971],[[2.11458966]],"[array([[36.35555462, 91.98446171]]), 54.75495352569463]","[nan, nan]","['rbf.variance', 'rbf.lengthscale', 'Gaussian_noise.variance']",[18429.43280061    50.11660562    49.67405723    34.83043079],1527
