,X_r,OC,KG,DL,HP_names,HP_vars,file_number
0,[0.001966],[[73.88745618]],"[array([[9.55425863e-08, 3.67497894e+01]]), 22.850954506592526]","[nan, nan]","['rbf.variance', 'rbf.lengthscale', 'Gaussian_noise.variance']",[9.99975479e+03 9.76393226e+01 1.33023619e+01 9.99956536e-03],1986
1,[34.35688311],[[5.41228976]],"[array([[58.89265533, 39.65692868]]), 40.417975733977116]","[nan, nan]","['rbf.variance', 'rbf.lengthscale', 'Gaussian_noise.variance']",[6.49472379e+03 4.33046412e+01 1.35365689e+01 1.00000000e-03],1986
