,X_r,OC,KG,DL,HP_names,HP_vars,file_number
0,[29.66262717],[[14.56839676]],"[array([[16.1439982 , 32.21460624]]), 66.44718692902737]","[nan, nan]","['rbf.variance', 'rbf.lengthscale', 'Gaussian_noise.variance']",[8458.24468637   36.18441678   32.84986329   30.39274632],1658
1,[33.41185309],[[7.17475388]],"[array([[ 0.76221959, 35.4659283 ]]), 55.13451617619699]","[nan, nan]","['rbf.variance', 'rbf.lengthscale', 'Gaussian_noise.variance']",[8871.5105237    37.82862038   36.86256966   96.13953301],1658
2,[33.18833434],[[7.60270654]],"[array([[ 0.07146178, 70.04313548]]), 57.789488405572925]","[nan, nan]","['rbf.variance', 'rbf.lengthscale', 'Gaussian_noise.variance']",[8844.63901034   37.39180319   37.37503207   65.19876707],1658
3,[33.4969891],[[7.01266941]],"[array([[95.77230432, 27.10686728]]), 57.71775020705345]","[nan, nan]","['rbf.variance', 'rbf.lengthscale', 'Gaussian_noise.variance']",[7701.92225179   34.45154548   36.52170392   44.06467485],1658
4,[34.36421404],[[5.39899366]],"[array([[49.14230687,  1.34084825]]), 52.08032283150423]","[nan, nan]","['rbf.variance', 'rbf.lengthscale', 'Gaussian_noise.variance']",[12139.07533439    43.70853168    42.07439783    68.56712769],1658
5,[35.78443177],[[2.99321592]],"[array([[23.98193658, 32.17124866]]), 48.97351377751165]","[nan, nan]","['rbf.variance', 'rbf.lengthscale', 'Gaussian_noise.variance']",[1.21390866e+04 3.99563580e+01 2.55838607e+01 1.07511271e-02],1658
6,[34.32919725],[[5.46256478]],"[array([[34.19250007, 67.93196915]]), 51.94815313985783]","[nan, nan]","['rbf.variance', 'rbf.lengthscale', 'Gaussian_noise.variance']",[12139.12464877    40.15917769    28.45807471    16.17817584],1658
7,[33.95804454],[[6.14531344]],"[array([[34.12559331, 81.17929706]]), 50.423536949119075]","[nan, nan]","['rbf.variance', 'rbf.lengthscale', 'Gaussian_noise.variance']",[12139.1781448     38.33829944    29.49321452    14.14197929],1658
