,X_r,OC,KG,DL,HP_names,HP_vars,file_number
0,[41.4324849],[[1.55180544]],"[array([[68.99163014, 30.02290482]]), 60.84132955754792]","[nan, nan]","['rbf.variance', 'rbf.lengthscale', 'Gaussian_noise.variance']",[28429.22363992    54.50340384    53.82417068    53.13190517],1653
1,[37.15651968],[[1.16867059]],"[array([[2.22343687e-07, 4.67464186e+01]]), 59.88161460411257]","[nan, nan]","['rbf.variance', 'rbf.lengthscale', 'Gaussian_noise.variance']",[16925.84049211    49.05099222    40.33377216    44.34409431],1653
2,[38.47293762],[[0.15719031]],"[array([[56.34364857, 47.45868349]]), 58.67280149960081]","[nan, nan]","['rbf.variance', 'rbf.lengthscale', 'Gaussian_noise.variance']",[13511.77945267    44.8353311     36.42583814    21.966158  ],1653
3,[39.45382195],[[0.01998177]],"[array([[39.56022328, 10.57032626]]), 62.814088430061055]","[nan, nan]","['rbf.variance', 'rbf.lengthscale', 'Gaussian_noise.variance']",[13506.61778555    44.55211607    39.16959558    32.26118371],1653
4,[38.32114525],[[0.22843439]],"[array([[ 1.35010816, 69.25721131]]), 61.99289190676631]","[nan, nan]","['rbf.variance', 'rbf.lengthscale', 'Gaussian_noise.variance']",[16083.10796951    46.89743241    41.00921623    51.79277977],1653
5,[38.91002322],[[0.02526567]],"[array([[99.46483831, 62.10031026]]), 63.2026064809386]","[nan, nan]","['rbf.variance', 'rbf.lengthscale', 'Gaussian_noise.variance']",[16077.56324747    44.90250043    40.16008346    33.40319437],1653
6,[40.16734752],[[0.29172368]],"[array([[31.76112993, 36.45914771]]), 63.334610009551426]","[nan, nan]","['rbf.variance', 'rbf.lengthscale', 'Gaussian_noise.variance']",[1.35502632e+04 3.92917670e+01 3.53440767e+01 1.00000000e-03],1653
7,[38.08695643],[[0.36299267]],"[array([[3.78866013e+01, 4.89559174e-05]]), 66.10317908679404]","[nan, nan]","['rbf.variance', 'rbf.lengthscale', 'Gaussian_noise.variance']",[15084.72174589    40.7804038     38.95068028    23.4293029 ],1653
