,X_r,OC,KG,DL,HP_names,HP_vars,file_number
0,[36.14268517],[[2.45766556]],"[array([[99.99999077, 40.89559485]]), 21.45251013847098]","[nan, nan]","['rbf.variance', 'rbf.lengthscale', 'Gaussian_noise.variance']",[18388.47928965    63.13627657    43.599567      74.98905199],196
1,[42.20153662],[[2.76974279]],"[array([[25.08664459, 35.1690696 ]]), 25.064852536540073]","[nan, nan]","['rbf.variance', 'rbf.lengthscale', 'Gaussian_noise.variance']",[15971.71285233    48.41731294    46.605114      61.94814589],196
