,X_r,OC,KG,DL,HP_names,HP_vars,file_number
0,[37.07014382],[[1.26339478]],"[array([[ 0.51037646, 56.52768464]]), 40.35927602009965]","[nan, nan]","['rbf.variance', 'rbf.lengthscale', 'Gaussian_noise.variance']",[12693.70875272    36.57406507    46.79074293   114.99364971],1734
1,[35.46373762],[[3.5010306]],"[array([[82.61748919, 44.43734086]]), 42.296733797822554]","[nan, nan]","['rbf.variance', 'rbf.lengthscale', 'Gaussian_noise.variance']",[15053.36184346    41.82651296    49.63079886    93.3491656 ],1734
2,[34.86028221],[[4.51692621]],"[array([[2.07611940e-07, 8.96329274e+01]]), 41.36253301522635]","[nan, nan]","['rbf.variance', 'rbf.lengthscale', 'Gaussian_noise.variance']",[18723.12869152    45.8523727     56.2993402     77.90868139],1734
3,[36.12191631],[[2.48771276]],"[array([[36.12178121, 65.4252407 ]]), 38.68455666205615]","[nan, nan]","['rbf.variance', 'rbf.lengthscale', 'Gaussian_noise.variance']",[18722.80597161    43.35619286    60.71601978    66.40336723],1734
4,[36.09163552],[[2.53175086]],"[array([[99.51812492, 40.68107897]]), 41.34999938670489]","[nan, nan]","['rbf.variance', 'rbf.lengthscale', 'Gaussian_noise.variance']",[16368.72883956    42.55744436    58.95126113    61.48294277],1734
5,[36.02991607],[[2.62234194]],"[array([[35.88891108,  3.49499763]]), 41.840989201711295]","[nan, nan]","['rbf.variance', 'rbf.lengthscale', 'Gaussian_noise.variance']",[15405.48345163    42.09427566    59.50588232    55.99614209],1734
