,X_r,OC,KG,DL,HP_names,HP_vars,file_number
0,[39.41828894],[[0.01478865]],"[array([[51.36936646, 35.30891893]]), 70.44795837786462]","[nan, nan]","['rbf.variance', 'rbf.lengthscale', 'Gaussian_noise.variance']",[1.78129297e+04 3.45552028e+01 5.91262619e+01 8.53949093e-06],1812
1,[39.71079039],[[0.08097634]],"[array([[ 0.62271407, 39.6711118 ]]), 70.95551657742327]","[nan, nan]","['rbf.variance', 'rbf.lengthscale', 'Gaussian_noise.variance']",[1.78130337e+04 3.53956612e+01 6.16193740e+01 1.13896488e-06],1812
2,[39.6944966],[[0.07588112]],"[array([[39.69825862, 68.93213809]]), 70.8960755741799]","[nan, nan]","['rbf.variance', 'rbf.lengthscale', 'Gaussian_noise.variance']",[2.02867832e+04 3.59478130e+01 6.98971475e+01 1.00000000e-03],1812
3,[39.83064699],[[0.12358637]],"[array([[99.90973159, 35.11957561]]), 68.46940886475454]","[nan, nan]","['rbf.variance', 'rbf.lengthscale', 'Gaussian_noise.variance']",[1.21076584e+04 3.97771384e+01 3.44240834e+01 3.49735706e+00],1812
