,X_r,OC,KG,DL,HP_names,HP_vars,file_number
0,[39.98924202],[[0.19387697]],"[array([[32.84774932, 39.35052247]]), 58.501857397957664]","[nan, nan]","['rbf.variance', 'rbf.lengthscale', 'Gaussian_noise.variance']",[1.13028026e+04 4.15261520e+01 4.10832231e+01 1.41193318e-05],1937
1,[35.08398639],[[4.13211077]],"[array([[28.59934565, 39.18529917]]), 67.4193819721255]","[nan, nan]","['rbf.variance', 'rbf.lengthscale', 'Gaussian_noise.variance']",[1.13028084e+04 4.06382403e+01 3.88823989e+01 9.95723174e-03],1937
