,X_r,OC,KG,DL,HP_names,HP_vars,file_number
0,[36.64071557],[[1.77827982]],"[array([[ 2.92483527, 38.82821395]]), 62.50478082306351]","[nan, nan]","['rbf.variance', 'rbf.lengthscale', 'Gaussian_noise.variance']",[9.86956687e+03 4.15566401e+01 3.44582413e+01 2.76939421e-04],1616
1,[36.4897916],[[1.97544205]],"[array([[40.79561028, 43.58117938]]), 63.49793507943333]","[nan, nan]","['rbf.variance', 'rbf.lengthscale', 'Gaussian_noise.variance']",[1.07300495e+04 4.12748388e+01 3.70830782e+01 1.00000000e-03],1616
2,[37.84895443],[[0.52924351]],"[array([[37.91980212, 63.74752301]]), 65.67725777179004]","[nan, nan]","['rbf.variance', 'rbf.lengthscale', 'Gaussian_noise.variance']",[9927.23553762   40.84243413   35.32008823   19.40064755],1616
3,[36.95321745],[[1.3964888]],"[array([[77.13324563, 48.53780461]]), 67.24937069732337]","[nan, nan]","['rbf.variance', 'rbf.lengthscale', 'Gaussian_noise.variance']",[9608.9637702    38.98084036   32.6536232    48.63633976],1616
4,[38.17998034],[[0.30602441]],"[array([[38.16100383, 73.12889808]]), 67.55221455153747]","[nan, nan]","['rbf.variance', 'rbf.lengthscale', 'Gaussian_noise.variance']",[8562.11932593   35.81902862   31.51337181   33.56296011],1616
5,[40.20017859],[[0.31194274]],"[array([[40.10223922, 26.01488653]]), 70.32378027971411]","[nan, nan]","['rbf.variance', 'rbf.lengthscale', 'Gaussian_noise.variance']",[7600.89580932   34.29350165   28.69646818   12.34902762],1616
6,[42.49020964],[[3.30498149]],"[array([[57.8958876 , 34.06193159]]), 73.68303190827635]","[nan, nan]","['rbf.variance', 'rbf.lengthscale', 'Gaussian_noise.variance']",[7.46536301e+03 3.20015732e+01 2.90115648e+01 4.77337428e+00],1616
7,[37.13065322],[[1.1967112]],"[array([[37.1054518 , 59.59577266]]), 70.17551080967044]","[nan, nan]","['rbf.variance', 'rbf.lengthscale', 'Gaussian_noise.variance']",[10029.60948793    32.04438114    37.60498522    18.59863401],1616
