,X_r,OC,KG,DL,HP_names,HP_vars,file_number
0,[34.38233593],[[5.36615632]],"[array([[27.63963951, 57.7708242 ]]), 59.724816452478905]","[nan, nan]","['rbf.variance', 'rbf.lengthscale', 'Gaussian_noise.variance']",[2.20816475e+04 5.44903928e+01 5.70678878e+01 2.20300373e+01],1956
1,[35.349822],[[3.68717359]],"[array([[20.1726205 , 31.11681099]]), 50.467232160795135]","[nan, nan]","['rbf.variance', 'rbf.lengthscale', 'Gaussian_noise.variance']",[1.25758489e+04 4.73546887e+01 3.92413967e+01 1.00000000e-03],1956
