,X_r,OC,KG,DL,HP_names,HP_vars,file_number
0,[1.78653827],[[70.31831162]],"[array([[ 0.22315151, 36.30579885]]), 56.07058536329189]","[nan, nan]","['rbf.variance', 'rbf.lengthscale', 'Gaussian_noise.variance']",[1.25083407e+04 4.31160074e+01 4.90353277e+01 4.06977322e-05],1611
1,[24.86224691],[[24.16689693]],"[array([[32.03715319, 39.6322875 ]]), 45.48007005346834]","[nan, nan]","['rbf.variance', 'rbf.lengthscale', 'Gaussian_noise.variance']",[1.25079386e+04 3.48768500e+01 5.58955685e+01 4.51604519e-06],1611
2,[32.8115804],[[8.3308346]],"[array([[10.43674735, 18.25198196]]), 55.416625935642365]","[nan, nan]","['rbf.variance', 'rbf.lengthscale', 'Gaussian_noise.variance']",[7761.87459501   36.63424525   31.6178173    70.13204903],1611
3,[32.67467893],[[8.59719233]],"[array([[55.23071194, 49.84767274]]), 55.3113349405794]","[nan, nan]","['rbf.variance', 'rbf.lengthscale', 'Gaussian_noise.variance']",[7726.75308674   36.00324553   33.55353902   60.02421945],1611
4,[38.65803515],[[0.0878434]],"[array([[47.45568375, 38.34322447]]), 68.68538217114241]","[nan, nan]","['rbf.variance', 'rbf.lengthscale', 'Gaussian_noise.variance']",[6.77725556e+03 3.26771856e+01 2.60288430e+01 1.00000000e-03],1611
5,[39.8027805],[[0.11287306]],"[array([[39.79781214, 13.60502113]]), 69.88933757598166]","[nan, nan]","['rbf.variance', 'rbf.lengthscale', 'Gaussian_noise.variance']",[6.34606975e+03 3.35446956e+01 2.46403122e+01 1.00000000e-03],1611
6,[40.24621554],[[0.34143728]],"[array([[40.22238197, 61.98418234]]), 68.45401227245266]","[nan, nan]","['rbf.variance', 'rbf.lengthscale', 'Gaussian_noise.variance']",[6367.76100466   37.70990036   21.12254634   39.92354072],1611
7,[40.4768514],[[0.5092256]],"[array([[40.47783284, 30.18995774]]), 68.78377508699164]","[nan, nan]","['rbf.variance', 'rbf.lengthscale', 'Gaussian_noise.variance']",[6362.82617352   39.00570033   21.43747308   37.59500356],1611
