,X_r,OC,KG,DL,HP_names,HP_vars,file_number
0,[32.83357319],[[8.28812601]],"[array([[ 0.10654022, 35.35708634]]), 48.559089485300554]","[nan, nan]","['rbf.variance', 'rbf.lengthscale', 'Gaussian_noise.variance']",[19229.50163074    48.53307942    53.6159974    135.85852868],1928
1,[34.4786559],[[5.19234948]],"[array([[ 5.59277646, 64.222498  ]]), 50.563886637314766]","[nan, nan]","['rbf.variance', 'rbf.lengthscale', 'Gaussian_noise.variance']",[19223.24901187    53.232608      51.04153383   179.15739398],1928
