,X_r,OC,KG,DL,HP_names,HP_vars,file_number
0,[34.7532516],[[4.70408126]],"[array([[ 0.16900892, 38.12515723]]), 46.30263511770957]","[nan, nan]","['rbf.variance', 'rbf.lengthscale', 'Gaussian_noise.variance']",[25462.1530824     52.8348579     64.37804525    63.26482368],1979
1,[37.23179545],[[1.08867824]],"[array([[6.70472008, 0.30117857]]), 43.703904222162585]","[nan, nan]","['rbf.variance', 'rbf.lengthscale', 'Gaussian_noise.variance']",[25462.08903811    56.38676154    61.54128305    64.67654849],1979
