,X_r,OC,KG,DL,HP_names,HP_vars,file_number
0,[28.16078216],[[17.57016489]],"[array([[ 0.20356823, 38.48213613]]), 69.89096495551578]","[nan, nan]","['rbf.variance', 'rbf.lengthscale', 'Gaussian_noise.variance']",[15362.58268252    57.33668038    38.92995745   167.48458386],1941
1,[36.81572028],[[1.55991941]],"[array([[90.16087027, 12.28340672]]), 54.660367575015584]","[nan, nan]","['rbf.variance', 'rbf.lengthscale', 'Gaussian_noise.variance']",[15196.5379492     53.46568812    44.2859516    199.29997018],1941
