,X_r,OC,KG,DL,HP_names,HP_vars,file_number
0,[36.05161701],[[2.59036378]],"[array([[15.54323123, 43.92512704]]), 44.669516439465156]","[nan, nan]","['rbf.variance', 'rbf.lengthscale', 'Gaussian_noise.variance']",[1.58333651e+04 4.63497796e+01 4.29915153e+01 3.79484216e-04],1940
1,[36.9990234],[[1.34369262]],"[array([[12.04149347, 44.01195674]]), 43.31595348308929]","[nan, nan]","['rbf.variance', 'rbf.lengthscale', 'Gaussian_noise.variance']",[1.58331288e+04 4.94148137e+01 4.28482625e+01 4.81527278e-06],1940
