,X_r,OC,KG,DL,HP_names,HP_vars,file_number
0,[27.76050697],[[18.37057313]],"[array([[8.47912747e-05, 2.73702518e+01]]), 49.93074936917096]","[nan, nan]","['rbf.variance', 'rbf.lengthscale', 'Gaussian_noise.variance']",[12280.5273119     52.25678544    43.24471692   417.94536914],1761
1,[38.21077853],[[0.28817857]],"[array([[52.37036417, 46.29396016]]), 51.57478701433307]","[nan, nan]","['rbf.variance', 'rbf.lengthscale', 'Gaussian_noise.variance']",[1.22805435e+04 3.17283094e+01 4.29709011e+01 1.03116425e-02],1761
2,[49.43004595],[[22.18796301]],"[array([[45.39630057, 48.88241402]]), 66.42503813667102]","[nan, nan]","['rbf.variance', 'rbf.lengthscale', 'Gaussian_noise.variance']",[1.22805459e+04 3.68918594e+01 3.57211510e+01 9.95122699e-03],1761
3,[44.73174957],[[8.55392893]],"[array([[19.18570791, 35.82863273]]), 72.62385609673719]","[nan, nan]","['rbf.variance', 'rbf.lengthscale', 'Gaussian_noise.variance']",[1.22814526e+04 4.15350851e+01 3.07408943e+01 1.07285426e+01],1761
4,[43.85999349],[[6.32152713]],"[array([[43.95149719, 19.91137937]]), 74.41669055296845]","[nan, nan]","['rbf.variance', 'rbf.lengthscale', 'Gaussian_noise.variance']",[1.22815954e+04 4.47410689e+01 3.00399947e+01 3.71220326e+00],1761
5,[38.35779533],[[0.21006454]],"[array([[57.95642824, 46.57039286]]), 61.774157657326995]","[nan, nan]","['rbf.variance', 'rbf.lengthscale', 'Gaussian_noise.variance']",[4.82096644e+03 2.23781755e+01 1.78480331e+01 1.00000000e-03],1761
