,X_r,OC,KG,DL,HP_names,HP_vars,file_number
0,[22.20010959],[[29.4911689]],"[array([[ 0.92588578, 48.005373  ]]), 28.67482805367558]","[nan, nan]","['rbf.variance', 'rbf.lengthscale', 'Gaussian_noise.variance']",[1.24344502e+04 6.61776297e+01 4.54814497e+01 2.93588424e-05],1610
1,[28.43500559],[[17.02186622]],"[array([[49.52237974, 50.39426892]]), 35.794320431821916]","[nan, nan]","['rbf.variance', 'rbf.lengthscale', 'Gaussian_noise.variance']",[1.58852111e+04 6.24709345e+01 5.14823989e+01 1.00000000e-03],1610
2,[38.11724836],[[0.34393872]],"[array([[11.47092255, 37.92500025]]), 48.092565942950856]","[nan, nan]","['rbf.variance', 'rbf.lengthscale', 'Gaussian_noise.variance']",[5.72953826e+03 3.60109544e+01 2.71515143e+01 1.00000000e-03],1610
3,[37.03885821],[[1.29846417]],"[array([[60.59930882, 36.94162063]]), 57.18712653669712]","[nan, nan]","['rbf.variance', 'rbf.lengthscale', 'Gaussian_noise.variance']",[7.43215524e+03 3.68681292e+01 3.49246683e+01 2.23960994e+00],1610
4,[37.70472345],[[0.64387893]],"[array([[37.38970628, 36.11189927]]), 58.82594637441339]","[nan, nan]","['rbf.variance', 'rbf.lengthscale', 'Gaussian_noise.variance']",[10799.84736387    40.04248202    40.97912437    19.30168585],1610
5,[38.4890877],[[0.15036614]],"[array([[38.45424097, 95.90981108]]), 74.92593407854093]","[nan, nan]","['rbf.variance', 'rbf.lengthscale', 'Gaussian_noise.variance']",[1.07998213e+04 3.67296625e+01 3.25163670e+01 9.32313338e-07],1610
6,[38.4071537],[[0.18649599]],"[array([[38.40438536, 53.71706563]]), 74.64884630912839]","[nan, nan]","['rbf.variance', 'rbf.lengthscale', 'Gaussian_noise.variance']",[1.07999519e+04 3.70191929e+01 3.36311485e+01 3.10121948e-07],1610
7,[38.55471319],[[0.1241501]],"[array([[38.56062379, 16.01756514]]), 73.78983566938767]","[nan, nan]","['rbf.variance', 'rbf.lengthscale', 'Gaussian_noise.variance']",[8.86680606e+03 3.61669663e+01 3.02259439e+01 1.00000000e-03],1610
