,X_r,OC,KG,DL,HP_names,HP_vars,file_number
0,[36.27737322],[[2.26599109]],"[array([[46.93728602, 38.75765353]]), 81.46592810550054]","[nan, nan]","['rbf.variance', 'rbf.lengthscale', 'Gaussian_noise.variance']",[1.85124181e+04 3.74631563e+01 4.39800612e+01 4.79222427e-05],1752
1,[38.73096202],[[0.06591672]],"[array([[29.84844462, 40.71456916]]), 75.8705478056976]","[nan, nan]","['rbf.variance', 'rbf.lengthscale', 'Gaussian_noise.variance']",[1.87451534e+04 4.94381850e+01 3.95011957e+01 1.00000000e-03],1752
2,[41.60159237],[[1.79216628]],"[array([[70.40666279, 38.82838526]]), 73.19898977632384]","[nan, nan]","['rbf.variance', 'rbf.lengthscale', 'Gaussian_noise.variance']",[18742.164143      46.29065244    40.09460385    29.44302175],1752
3,[40.38918013],[[0.44151885]],"[array([[40.39370202, 39.42569378]]), 74.10750135008082]","[nan, nan]","['rbf.variance', 'rbf.lengthscale', 'Gaussian_noise.variance']",[14580.07023265    36.97270038    40.01256407    28.18342769],1752
4,[41.67315863],[[1.89868962]],"[array([[41.69488478, 37.57218453]]), 74.48380348597053]","[nan, nan]","['rbf.variance', 'rbf.lengthscale', 'Gaussian_noise.variance']",[1.27272300e+04 3.48849281e+01 3.27334753e+01 1.00000000e-03],1752
5,[37.63185977],[[0.70564571]],"[array([[37.63298807, 60.41486058]]), 69.58173741986911]","[nan, nan]","['rbf.variance', 'rbf.lengthscale', 'Gaussian_noise.variance']",[16712.13207404    45.52092183    41.79120157    77.97571337],1752
