,X_r,OC,KG,DL,HP_names,HP_vars,file_number
0,[40.19801681],[[0.31059056]],"[array([[17.68269729, 34.51608145]]), 38.747766059178154]","[nan, nan]","['rbf.variance', 'rbf.lengthscale', 'Gaussian_noise.variance']",[1.08136301e+04 4.22108712e+01 3.92620134e+01 1.00000000e-03],182
1,[34.80164715],[[4.61922413]],"[array([[44.45161961, 33.45098111]]), 57.644449138925594]","[nan, nan]","['rbf.variance', 'rbf.lengthscale', 'Gaussian_noise.variance']",[1.02030899e+04 4.60948925e+01 3.47426673e+01 1.00000000e-03],182
2,[30.68760555],[[12.52350955]],"[array([[ 0.26198514, 39.33666863]]), 49.97781954065254]","[nan, nan]","['rbf.variance', 'rbf.lengthscale', 'Gaussian_noise.variance']",[1.39105393e+04 5.80252322e+01 3.81404499e+01 1.21120286e+01],182
3,[32.63830181],[[8.66810757]],"[array([[32.61884587, 33.98570002]]), 48.817420393439676]","[nan, nan]","['rbf.variance', 'rbf.lengthscale', 'Gaussian_noise.variance']",[14435.14431047    56.21230456    39.21294133    16.15972715],182
