,X_r,OC,KG,DL,HP_names,HP_vars,file_number
0,[39.16558429],[[0.00033731]],"[array([[50.6268072 , 44.37202542]]), 67.63276570696706]","[nan, nan]","['rbf.variance', 'rbf.lengthscale', 'Gaussian_noise.variance']",[2.73462832e+04 4.66752013e+01 6.20339899e+01 4.26567747e-05],1726
1,[44.50010001],[[7.94264431]],"[array([[34.63789455, 28.94177658]]), 83.74693995203036]","[nan, nan]","['rbf.variance', 'rbf.lengthscale', 'Gaussian_noise.variance']",[2.73460163e+04 3.61827769e+01 6.56790989e+01 8.74312109e+00],1726
2,[48.77805889],[[20.2386107]],"[array([[ 0.81717452, 41.52718077]]), 85.59546083791152]","[nan, nan]","['rbf.variance', 'rbf.lengthscale', 'Gaussian_noise.variance']",[1.78134097e+04 2.62946476e+01 6.11865533e+01 1.00000000e-03],1726
3,[49.25508412],[[21.66444947]],"[array([[99.99228064, 38.7021701 ]]), 77.974053484703]","[nan, nan]","['rbf.variance', 'rbf.lengthscale', 'Gaussian_noise.variance']",[1.78132113e+04 2.49187059e+01 6.31611106e+01 1.94922575e-05],1726
4,[50.18967414],[[24.4631066]],"[array([[54.99753682, 43.34478905]]), 77.29682506858795]","[nan, nan]","['rbf.variance', 'rbf.lengthscale', 'Gaussian_noise.variance']",[1.78130785e+04 2.75474080e+01 5.66414211e+01 6.61955925e-06],1726
5,[37.24126314],[[1.0787885]],"[array([[37.26299687, 56.53565152]]), 63.77361738445015]","[nan, nan]","['rbf.variance', 'rbf.lengthscale', 'Gaussian_noise.variance']",[17511.83071172    44.56895677    51.85732185   138.46662256],1726
