,X_r,OC,KG,DL,HP_names,HP_vars,file_number
0,[41.08811621],[[1.11305879]],"[array([[37.64234605, 48.35635548]]), 78.04277598200184]","[nan, nan]","['rbf.variance', 'rbf.lengthscale', 'Gaussian_noise.variance']",[2.12868185e+04 5.68156310e+01 3.44985975e+01 1.18934505e-04],1663
1,[42.06407785],[[2.52920957]],"[array([[42.05901541, 64.30895263]]), 67.98375769854196]","[nan, nan]","['rbf.variance', 'rbf.lengthscale', 'Gaussian_noise.variance']",[21283.46283147    56.74657421    36.85800019    62.10352454],1663
2,[50.94737539],[[26.73458959]],"[array([[30.43885564, 51.22968598]]), 81.73557466909807]","[nan, nan]","['rbf.variance', 'rbf.lengthscale', 'Gaussian_noise.variance']",[2.12834689e+04 4.61095293e+01 3.50512772e+01 1.06911602e-02],1663
3,[50.42969452],[[25.18249797]],"[array([[50.55877258, 81.43031829]]), 78.93657771525191]","[nan, nan]","['rbf.variance', 'rbf.lengthscale', 'Gaussian_noise.variance']",[2.12834741e+04 4.97145858e+01 3.58521054e+01 2.52345373e+00],1663
4,[50.91577321],[[26.63982623]],"[array([[99.03100241, 22.18773436]]), 80.10853647398582]","[nan, nan]","['rbf.variance', 'rbf.lengthscale', 'Gaussian_noise.variance']",[2.12834816e+04 5.11545476e+01 3.47690821e+01 2.16543437e+00],1663
5,[47.93641397],[[17.73137727]],"[array([[47.89668161, 91.24265227]]), 76.24832719626197]","[nan, nan]","['rbf.variance', 'rbf.lengthscale', 'Gaussian_noise.variance']",[1.24299820e+04 4.04343667e+01 3.08264003e+01 5.77805250e+00],1663
6,[51.43757782],[[28.20469875]],"[array([[14.87679961, 56.48193926]]), 78.97826755724756]","[nan, nan]","['rbf.variance', 'rbf.lengthscale', 'Gaussian_noise.variance']",[1.23345156e+04 3.49897973e+01 3.15084279e+01 1.00000000e-03],1663
7,[51.46476333],[[28.28623535]],"[array([[82.5625084 , 29.41460087]]), 78.94077842848552]","[nan, nan]","['rbf.variance', 'rbf.lengthscale', 'Gaussian_noise.variance']",[1.13760044e+04 3.57480067e+01 3.10512816e+01 1.00000000e-03],1663
