,X_r,OC,KG,DL,HP_names,HP_vars,file_number
0,[35.51187572],[[3.42324181]],"[array([[99.99998709, 55.59471038]]), 50.8953677384484]","[nan, nan]","['rbf.variance', 'rbf.lengthscale', 'Gaussian_noise.variance']",[20061.26536574    48.86162452    62.9725988     86.11348945],185
1,[33.79542471],[[6.44906656]],"[array([[0.66498107, 1.98785248]]), 49.084613256958825]","[nan, nan]","['rbf.variance', 'rbf.lengthscale', 'Gaussian_noise.variance']",[19970.62164743    49.55631766    63.83117252   140.41710206],185
2,[34.02027133],[[6.02977914]],"[array([[45.77671052, 29.14125401]]), 47.04168728713887]","[nan, nan]","['rbf.variance', 'rbf.lengthscale', 'Gaussian_noise.variance']",[19953.65648086    50.35715025    65.27924363   126.64789091],185
3,[26.85529158],[[20.1808608]],"[array([[47.8296162 , 31.24809322]]), 48.97280560563917]","[nan, nan]","['rbf.variance', 'rbf.lengthscale', 'Gaussian_noise.variance']",[1.99536345e+04 2.74050557e+01 6.18148121e+01 5.61434797e-03],185
