,X_r,OC,KG,DL,HP_names,HP_vars,file_number
0,[34.22826263],[[5.64666246]],"[array([[12.22198749, 38.78660923]]), 62.59577367048219]","[nan, nan]","['rbf.variance', 'rbf.lengthscale', 'Gaussian_noise.variance']",[6.50327442e+03 4.23526943e+01 2.45899488e+01 3.36342698e-04],1789
1,[37.83230019],[[0.54195473]],"[array([[ 3.785038  , 38.25716533]]), 59.51016723665425]","[nan, nan]","['rbf.variance', 'rbf.lengthscale', 'Gaussian_noise.variance']",[6.50395032e+03 3.87057009e+01 2.91950495e+01 1.41443402e-04],1789
2,[37.63137391],[[0.70606603]],"[array([[79.5901563 , 39.71381037]]), 60.40894790695927]","[nan, nan]","['rbf.variance', 'rbf.lengthscale', 'Gaussian_noise.variance']",[7.01212289e+03 4.01553081e+01 3.16231280e+01 1.00000000e-03],1789
3,[37.99591536],[[0.42314837]],"[array([[38.02115089, 99.5456711 ]]), 55.795681817386466]","[nan, nan]","['rbf.variance', 'rbf.lengthscale', 'Gaussian_noise.variance']",[6969.0479519    41.82799242   30.75545183   84.5974072 ],1789
4,[37.46625957],[[0.85536508]],"[array([[37.46488912, 33.26840732]]), 53.92554631159423]","[nan, nan]","['rbf.variance', 'rbf.lengthscale', 'Gaussian_noise.variance']",[6286.06859098   43.79528001   27.71211632   79.61313618],1789
5,[37.83770484],[[0.53781444]],"[array([[37.82279598,  9.86979744]]), 61.706009023490026]","[nan, nan]","['rbf.variance', 'rbf.lengthscale', 'Gaussian_noise.variance']",[6910.25690828   41.9086768    31.68118892   77.86094101],1789
