,X_r,OC,KG,DL,HP_names,HP_vars,file_number
0,[21.84125083],[[30.20888642]],"[array([[ 0.73847797, 36.5796098 ]]), 67.99736886631332]","[nan, nan]","['rbf.variance', 'rbf.lengthscale', 'Gaussian_noise.variance']",[1.25761171e+04 5.65958174e+01 4.18890007e+01 5.80785004e-05],1720
1,[31.3589406],[[11.18856942]],"[array([[ 7.38390411, 36.74974211]]), 64.15898702424454]","[nan, nan]","['rbf.variance', 'rbf.lengthscale', 'Gaussian_noise.variance']",[1.10776803e+04 4.42898619e+01 4.40727169e+01 1.00000000e-03],1720
2,[34.02981597],[[6.01209358]],"[array([[99.4604121, 39.1918241]]), 61.89131671264161]","[nan, nan]","['rbf.variance', 'rbf.lengthscale', 'Gaussian_noise.variance']",[8792.10941291   39.66605011   41.66128229    8.97234719],1720
3,[31.8081493],[[10.29894608]],"[array([[53.53486593, 41.34233644]]), 64.14018867545875]","[nan, nan]","['rbf.variance', 'rbf.lengthscale', 'Gaussian_noise.variance']",[1.29505177e+04 3.07309026e+01 5.59182509e+01 1.00000000e-03],1720
4,[34.04252818],[[5.98855389]],"[array([[3.40407378e+01, 7.12276371e-05]]), 56.10258004622993]","[nan, nan]","['rbf.variance', 'rbf.lengthscale', 'Gaussian_noise.variance']",[20927.10230849    55.60949094    58.72553272    55.72784318],1720
5,[33.43475801],[[7.13109432]],"[array([[33.35897489, 60.51987126]]), 57.052121503322766]","[nan, nan]","['rbf.variance', 'rbf.lengthscale', 'Gaussian_noise.variance']",[13927.75598017    47.91042239    45.23414737    63.37500094],1720
