,X_r,OC,KG,DL,HP_names,HP_vars,file_number
0,[29.38714737],[[15.11871739]],"[array([[20.07271177, 40.62244315]]), 67.77540885495986]","[nan, nan]","['rbf.variance', 'rbf.lengthscale', 'Gaussian_noise.variance']",[6.77794770e+03 2.23397728e+01 3.83371991e+01 4.33852290e-05],1614
1,[31.99259687],[[9.93486432]],"[array([[38.47003928, 39.90723643]]), 60.831745366818346]","[nan, nan]","['rbf.variance', 'rbf.lengthscale', 'Gaussian_noise.variance']",[7.61469771e+03 2.36153310e+01 4.39226147e+01 1.00000000e-03],1614
2,[40.38059298],[[0.4351457]],"[array([[ 1.19946863, 39.64871572]]), 79.834685276446]","[nan, nan]","['rbf.variance', 'rbf.lengthscale', 'Gaussian_noise.variance']",[6.33597643e+03 1.94618154e+01 3.95149583e+01 1.00000000e-03],1614
3,[40.88917977],[[0.89154071]],"[array([[44.26677981, 39.92539024]]), 78.89720741360274]","[nan, nan]","['rbf.variance', 'rbf.lengthscale', 'Gaussian_noise.variance']",[6.04196910e+03 1.92617683e+01 4.07262369e+01 1.00000000e-03],1614
4,[38.66694773],[[0.08499868]],"[array([[99.97809931, 35.992703  ]]), 74.17034949733116]","[nan, nan]","['rbf.variance', 'rbf.lengthscale', 'Gaussian_noise.variance']",[5795.68324292   19.94789656   39.65822833   11.78164694],1614
5,[39.86181876],[[0.13615001]],"[array([[39.84844797, 19.64451941]]), 70.06680377262825]","[nan, nan]","['rbf.variance', 'rbf.lengthscale', 'Gaussian_noise.variance']",[4817.01776911   32.09390876   19.53479832   29.44175224],1614
6,[40.04136317],[[0.22044067]],"[array([[40.0049714 , 35.52629574]]), 69.8024206972272]","[nan, nan]","['rbf.variance', 'rbf.lengthscale', 'Gaussian_noise.variance']",[4915.98468096   33.3684709    20.60693508   28.68595159],1614
7,[40.03687741],[[0.2180871]],"[array([[40.01373328, 91.99523125]]), 67.13423535893833]","[nan, nan]","['rbf.variance', 'rbf.lengthscale', 'Gaussian_noise.variance']",[5300.14035277   35.62291541   21.6243467    37.6251552 ],1614
