,X_r,OC,KG,DL,HP_names,HP_vars,file_number
0,[33.17908236],[[7.62049064]],"[array([[3.83866290e-07, 3.88516754e+01]]), 80.08019125322497]","[nan, nan]","['rbf.variance', 'rbf.lengthscale', 'Gaussian_noise.variance']",[3.07125147e+04 5.66894823e+01 4.56118949e+01 1.72197284e-04],1738
1,[36.50639245],[[1.95336781]],"[array([[25.02267088, 59.16129666]]), 75.92584603650504]","[nan, nan]","['rbf.variance', 'rbf.lengthscale', 'Gaussian_noise.variance']",[3.07130969e+04 6.01926596e+01 4.18012876e+01 1.11296748e-06],1738
2,[38.63412494],[[0.09570106]],"[array([[46.61915049, 20.65733595]]), 73.88802290421887]","[nan, nan]","['rbf.variance', 'rbf.lengthscale', 'Gaussian_noise.variance']",[3.07130898e+04 5.48676811e+01 3.79212314e+01 9.98437860e-03],1738
3,[38.48737678],[[0.15108209]],"[array([[38.57840893, 77.50198057]]), 73.9519258122471]","[nan, nan]","['rbf.variance', 'rbf.lengthscale', 'Gaussian_noise.variance']",[2.14295714e+04 5.12123057e+01 3.76541187e+01 1.00000000e-03],1738
4,[38.33894849],[[0.21941878]],"[array([[15.44433009, 20.39478298]]), 79.04778696377853]","[nan, nan]","['rbf.variance', 'rbf.lengthscale', 'Gaussian_noise.variance']",[1.39837993e+04 3.99235369e+01 3.59776308e+01 1.00000000e-03],1738
5,[40.30516414],[[0.3811495]],"[array([[64.6263313, 49.0121723]]), 69.35709854862326]","[nan, nan]","['rbf.variance', 'rbf.lengthscale', 'Gaussian_noise.variance']",[9.10525620e+03 4.09718559e+01 2.34907196e+01 9.76449279e-05],1738
