,X_r,OC,KG,DL,HP_names,HP_vars,file_number
0,[33.5079841],[[6.99177658]],"[array([[39.35889864,  0.75140064]]), 51.98760648740586]","[nan, nan]","['rbf.variance', 'rbf.lengthscale', 'Gaussian_noise.variance']",[23176.66527871    49.60307776    53.63610817   380.64783145],1797
1,[1.12248382],[[71.64642054]],"[array([[27.62286941, 30.99488796]]), 22.5551571476831]","[nan, nan]","['rbf.variance', 'rbf.lengthscale', 'Gaussian_noise.variance']",[1.28653451e+04 7.80913498e+01 1.88159634e+01 1.00000000e-03],1797
2,[24.28440837],[[25.32257244]],"[array([[67.61373824, 42.65393232]]), 34.97501080225946]","[nan, nan]","['rbf.variance', 'rbf.lengthscale', 'Gaussian_noise.variance']",[11304.2257199     60.25924088    19.67755805   121.38287704],1797
3,[35.28571108],[[3.79316405]],"[array([[80.69364578, 22.77494539]]), 60.37174294562262]","[nan, nan]","['rbf.variance', 'rbf.lengthscale', 'Gaussian_noise.variance']",[16168.47396553    53.08255037    30.11571999   115.80961738],1797
4,[35.77786017],[[3.00336652]],"[array([[99.99960642, 21.67874727]]), 61.90347658501406]","[nan, nan]","['rbf.variance', 'rbf.lengthscale', 'Gaussian_noise.variance']",[16160.28884393    51.85671916    32.31946645    93.52693053],1797
5,[38.05738929],[[0.38205569]],"[array([[16.89920854, 51.87970051]]), 65.5838648191372]","[nan, nan]","['rbf.variance', 'rbf.lengthscale', 'Gaussian_noise.variance']",[12390.30202443    44.6782678     28.47534831    45.84212213],1797
