,X_r,OC,KG,DL,HP_names,HP_vars,file_number
0,[34.72941278],[[4.74601819]],"[array([[25.42508928, 31.47473683]]), 31.47299817951394]","[nan, nan]","['rbf.variance', 'rbf.lengthscale', 'Gaussian_noise.variance']",[17799.90343209    56.96778895    45.03114208    78.03418697],197
1,[29.62466487],[[14.64422124]],"[array([[75.94039645, 34.13796944]]), 54.120888647628895]","[nan, nan]","['rbf.variance', 'rbf.lengthscale', 'Gaussian_noise.variance']",[17789.05950027    44.06679038    47.69902087    78.79133108],197
