,X_r,OC,KG,DL,HP_names,HP_vars,file_number
0,[40.47793116],[[0.51008928]],"[array([[54.8673209, 50.7334698]]), 84.10929044413419]","[nan, nan]","['rbf.variance', 'rbf.lengthscale', 'Gaussian_noise.variance']",[9.99994887e+03 3.37860964e+01 2.66874864e+01 1.00000000e-02],1976
1,[41.96866003],[[2.36788888]],"[array([[ 0.79002031, 36.53716889]]), 77.20391799573272]","[nan, nan]","['rbf.variance', 'rbf.lengthscale', 'Gaussian_noise.variance']",[11634.21842035    37.60240674    31.1361513    140.88051926],1976
