,X_r,OC,KG,DL,HP_names,HP_vars,file_number
0,[27.19671396],[[19.49805118]],"[array([[ 9.58758551, 38.68162698]]), 65.86475907913015]","[nan, nan]","['rbf.variance', 'rbf.lengthscale', 'Gaussian_noise.variance']",[7.60686821e+03 4.24604612e+01 2.89785180e+01 9.98263892e-03],1756
1,[26.59079389],[[20.70983831]],"[array([[99.34870281, 39.59813915]]), 62.87015937882084]","[nan, nan]","['rbf.variance', 'rbf.lengthscale', 'Gaussian_noise.variance']",[7.60676691e+03 2.55876257e+01 4.95664084e+01 1.13274480e-02],1756
2,[25.35569152],[[23.18001088]],"[array([[22.39174751, 38.81123412]]), 63.575535651301536]","[nan, nan]","['rbf.variance', 'rbf.lengthscale', 'Gaussian_noise.variance']",[2.31546538e+04 2.78516941e+01 7.54333253e+01 1.00000000e-03],1756
3,[36.26958276],[[2.27692458]],"[array([[36.36317471, 13.05226383]]), 60.99903956339137]","[nan, nan]","['rbf.variance', 'rbf.lengthscale', 'Gaussian_noise.variance']",[13259.93126897    52.8836717     33.37362188    21.01750806],1756
4,[36.95332613],[[1.39636258]],"[array([[36.92793487, 46.57867153]]), 62.27327986811723]","[nan, nan]","['rbf.variance', 'rbf.lengthscale', 'Gaussian_noise.variance']",[10452.88078761    51.25972435    28.27424402    21.83917961],1756
5,[36.49524959],[[1.96817422]],"[array([[36.47433164, 98.23483439]]), 54.46555057223236]","[nan, nan]","['rbf.variance', 'rbf.lengthscale', 'Gaussian_noise.variance']",[12473.10540332    56.8237468     32.92597701    56.47019943],1756
