,X_r,OC,KG,DL,HP_names,HP_vars,file_number
0,[0.0015564],[[73.88827532]],"[array([[ 4.9547399, 41.6155477]]), 68.45857823379812]","[nan, nan]","['rbf.variance', 'rbf.lengthscale', 'Gaussian_noise.variance']",[1.62355174e+04 4.02959057e+01 4.90229673e+01 5.04231302e-04],1994
1,[39.85938503],[[0.135147]],"[array([[19.64600704, 43.03582639]]), 57.013481603773144]","[nan, nan]","['rbf.variance', 'rbf.lengthscale', 'Gaussian_noise.variance']",[1.22323982e+04 5.66383535e+01 2.88427405e+01 1.00000000e-03],1994
