,X_r,OC,KG,DL,HP_names,HP_vars,file_number
0,[41.90265876],[[2.25906487]],"[array([[46.77371073, 44.67728617]]), 71.7046404136016]","[nan, nan]","['rbf.variance', 'rbf.lengthscale', 'Gaussian_noise.variance']",[1.93656500e+04 4.18559573e+01 4.64421409e+01 1.96192911e-04],1989
1,[39.02445737],[[0.00924307]],"[array([[99.99999985, 71.85790451]]), 59.306727853065034]","[nan, nan]","['rbf.variance', 'rbf.lengthscale', 'Gaussian_noise.variance']",[21493.75261475    46.45586753    48.56516886   200.61788104],1989
