,X_r,OC,KG,DL,HP_names,HP_vars,file_number
0,[41.52912385],[[1.68719566]],"[array([[39.1260523, 61.0788828]]), 74.02740179970256]","[nan, nan]","['rbf.variance', 'rbf.lengthscale', 'Gaussian_noise.variance']",[1.67917717e+04 4.68572972e+01 3.42704814e+01 9.99960296e-03],1680
1,[44.00066358],[[6.66829638]],"[array([[10.22248933, 30.72442824]]), 71.61906335799412]","[nan, nan]","['rbf.variance', 'rbf.lengthscale', 'Gaussian_noise.variance']",[1.56696240e+04 4.41723635e+01 3.54293796e+01 1.00000000e-03],1680
2,[43.36390343],[[5.14809806]],"[array([[60.25324911, 31.08435782]]), 74.7879521087086]","[nan, nan]","['rbf.variance', 'rbf.lengthscale', 'Gaussian_noise.variance']",[1.50194304e+04 4.41873319e+01 3.58387464e+01 1.00000000e-03],1680
3,[37.67220561],[[0.67112892]],"[array([[99.68388581, 99.82759038]]), 54.10028011168333]","[nan, nan]","['rbf.variance', 'rbf.lengthscale', 'Gaussian_noise.variance']",[29951.51882891    52.20381797    67.6866726    112.59635935],1680
4,[36.95802963],[[1.39090277]],"[array([[36.9614883 , 66.96760324]]), 54.15302204608005]","[nan, nan]","['rbf.variance', 'rbf.lengthscale', 'Gaussian_noise.variance']",[36138.67379154    58.36963647    71.41507056   104.34615446],1680
5,[37.47862237],[[0.84374789]],"[array([[9.99998848e+01, 9.88347049e-06]]), 53.25282502600608]","[nan, nan]","['rbf.variance', 'rbf.lengthscale', 'Gaussian_noise.variance']",[32752.6079755     55.97708702    68.68662847    94.99650688],1680
6,[37.83117709],[[0.54281688]],"[array([[37.93664768,  8.50092027]]), 55.90320282324693]","[nan, nan]","['rbf.variance', 'rbf.lengthscale', 'Gaussian_noise.variance']",[22248.98813056    51.65461399    57.53837906    83.76428273],1680
7,[37.73991746],[[0.61496378]],"[array([[37.7448741 , 66.78222591]]), 60.91034561962062]","[nan, nan]","['rbf.variance', 'rbf.lengthscale', 'Gaussian_noise.variance']",[25591.70273318    62.37119591    42.64984046    82.47878243],1680
