,X_r,OC,KG,DL,HP_names,HP_vars,file_number
0,[29.93614688],[[14.02221968]],"[array([[99.9463776, 60.1752395]]), 34.806226547172514]","[nan, nan]","['rbf.variance', 'rbf.lengthscale', 'Gaussian_noise.variance']",[22150.97763891    61.64904904    47.46353208   329.11214362],1668
1,[31.78787272],[[10.33901792]],"[array([[ 0.50767815, 99.03150978]]), 36.39472334467742]","[nan, nan]","['rbf.variance', 'rbf.lengthscale', 'Gaussian_noise.variance']",[22122.64647812    57.42896279    54.93163183   379.4970363 ],1668
2,[33.04543076],[[7.87796683]],"[array([[ 0.25057337, 11.67904867]]), 36.76025588551744]","[nan, nan]","['rbf.variance', 'rbf.lengthscale', 'Gaussian_noise.variance']",[18681.58143821    55.21581695    50.81966383   332.80200827],1668
3,[34.75527917],[[4.70051846]],"[array([[51.49813475, 25.4684624 ]]), 40.61344343222026]","[nan, nan]","['rbf.variance', 'rbf.lengthscale', 'Gaussian_noise.variance']",[18779.55799933    56.63850727    49.92270175   248.03489489],1668
4,[32.36129019],[[9.20984572]],"[array([[32.77850533,  0.84023754]]), 34.58045308768815]","[nan, nan]","['rbf.variance', 'rbf.lengthscale', 'Gaussian_noise.variance']",[18650.16144644    56.66828333    52.64112214   255.31059652],1668
5,[32.28208238],[[9.36525519]],"[array([[32.2779977 , 48.45146256]]), 36.05549028494094]","[nan, nan]","['rbf.variance', 'rbf.lengthscale', 'Gaussian_noise.variance']",[21733.00519273    61.73307275    52.7193127    243.61128289],1668
6,[32.96806191],[[8.02748063]],"[array([[33.48070149, 98.95654127]]), 41.77356404950861]","[nan, nan]","['rbf.variance', 'rbf.lengthscale', 'Gaussian_noise.variance']",[21365.5966915     62.5787461     49.56680754   205.09961077],1668
7,[32.87324359],[[8.21114804]],"[array([[32.87326346, 67.84246842]]), 41.029058573574474]","[nan, nan]","['rbf.variance', 'rbf.lengthscale', 'Gaussian_noise.variance']",[21664.91936449    61.98229749    51.9769932    191.58937354],1668
