,X_r,OC,KG,DL,HP_names,HP_vars,file_number
0,[0.00178111],[[73.88782595]],"[array([[ 1.26391077, 38.5595188 ]]), 52.3696234215948]","[nan, nan]","['rbf.variance', 'rbf.lengthscale', 'Gaussian_noise.variance']",[1.21247579e+04 5.89315529e+01 1.83385426e+01 9.99819799e-03],1679
1,[21.79920996],[[30.29296826]],"[array([[30.75680874, 37.80931827]]), 6.926470845307758]","[nan, nan]","['rbf.variance', 'rbf.lengthscale', 'Gaussian_noise.variance']",[1.21247332e+04 6.39587187e+01 1.79429404e+01 9.76589783e-03],1679
2,[36.34508902],[[2.17176884]],"[array([[6.97147919e+01, 6.24495319e-02]]), 57.31270213283208]","[nan, nan]","['rbf.variance', 'rbf.lengthscale', 'Gaussian_noise.variance']",[10368.50307923    46.10460461    40.35267359   715.755972  ],1679
3,[32.49644666],[[8.94516378]],"[array([[1.53133249e-06, 9.99999409e+01]]), 65.12885238053669]","[nan, nan]","['rbf.variance', 'rbf.lengthscale', 'Gaussian_noise.variance']",[23107.94925312    50.5201268     51.19177409   536.20987084],1679
4,[28.88763776],[[16.11698703]],"[array([[34.34725511, 37.60789875]]), 61.84050710590571]","[nan, nan]","['rbf.variance', 'rbf.lengthscale', 'Gaussian_noise.variance']",[2.31079396e+04 4.45650049e+01 2.47405916e+01 9.34947341e-03],1679
5,[32.8846261],[[8.18907546]],"[array([[32.88874206, 26.57813123]]), 68.96337171382088]","[nan, nan]","['rbf.variance', 'rbf.lengthscale', 'Gaussian_noise.variance']",[19011.68502357    46.38662238    47.73693129   397.94115879],1679
6,[32.75692505],[[8.43707073]],"[array([[32.72124957,  2.65345349]]), 70.3889106783223]","[nan, nan]","['rbf.variance', 'rbf.lengthscale', 'Gaussian_noise.variance']",[19200.44892783    45.76849145    47.88418006   325.16357372],1679
7,[32.28946419],[[9.35076314]],"[array([[32.26399592, 43.25754464]]), 63.47402593433945]","[nan, nan]","['rbf.variance', 'rbf.lengthscale', 'Gaussian_noise.variance']",[12971.88218409    45.48246186    24.31016491   141.51441982],1679
