,X_r,OC,KG,DL,HP_names,HP_vars,file_number
0,[0.00102169],[[73.88934467]],"[array([[ 0.26770051, 36.72855953]]), 69.60317946722951]","[nan, nan]","['rbf.variance', 'rbf.lengthscale', 'Gaussian_noise.variance']",[4.71302042e+04 9.10670418e+01 5.05700523e+01 4.31280026e+01],1665
1,[34.70759033],[[4.78448617]],"[array([[23.08368338, 22.70041208]]), 34.4056285332952]","[nan, nan]","['rbf.variance', 'rbf.lengthscale', 'Gaussian_noise.variance']",[47114.81293658    81.92113798    57.527452      76.98181346],1665
2,[29.03110703],[[15.83022091]],"[array([[98.85433793, 31.07790774]]), 53.99711925994227]","[nan, nan]","['rbf.variance', 'rbf.lengthscale', 'Gaussian_noise.variance']",[4.71145133e+04 5.45836930e+01 6.43618061e+01 3.62349167e+01],1665
3,[25.58398373],[[22.72342881]],"[array([[35.83864268,  0.53746097]]), 53.853592919717855]","[nan, nan]","['rbf.variance', 'rbf.lengthscale', 'Gaussian_noise.variance']",[4.71137885e+04 4.13377792e+01 7.59961347e+01 7.69816027e+01],1665
4,[32.70532205],[[8.53749934]],"[array([[32.69699211, 74.42019022]]), 51.71434693311103]","[nan, nan]","['rbf.variance', 'rbf.lengthscale', 'Gaussian_noise.variance']",[47082.16517686    76.74968076    58.54312832   282.54664242],1665
5,[22.94751359],[[27.99636095]],"[array([[42.35797152, 22.15711018]]), 66.85969099169934]","[nan, nan]","['rbf.variance', 'rbf.lengthscale', 'Gaussian_noise.variance']",[4.70820166e+04 3.82414930e+01 5.71341023e+01 5.14884843e+01],1665
6,[25.07527769],[[23.74083633]],"[array([[14.68278282, 35.75665668]]), 63.10438887241154]","[nan, nan]","['rbf.variance', 'rbf.lengthscale', 'Gaussian_noise.variance']",[4.70820100e+04 3.13114338e+01 5.82840128e+01 1.04414622e-02],1665
7,[32.62576079],[[8.69256844]],"[array([[32.62518939, 23.49252031]]), 47.023155547092536]","[nan, nan]","['rbf.variance', 'rbf.lengthscale', 'Gaussian_noise.variance']",[45553.11087419    78.86817079    59.4110493    221.93917226],1665
