,X_r,OC,KG,DL,HP_names,HP_vars,file_number
0,[39.52721789],[[0.03319449]],"[array([[59.5889824, 41.2606857]]), 74.18788545401642]","[nan, nan]","['rbf.variance', 'rbf.lengthscale', 'Gaussian_noise.variance']",[2.31745820e+04 4.81387458e+01 2.94445182e+01 9.80357735e-03],1722
1,[33.8324998],[[6.3795917]],"[array([[ 5.90375828, 62.75515296]]), 52.33944320307856]","[nan, nan]","['rbf.variance', 'rbf.lengthscale', 'Gaussian_noise.variance']",[27523.63305068    60.27129145    46.43894257   175.69219403],1722
2,[32.68661922],[[8.5739276]],"[array([[32.6842446 , 71.36991444]]), 50.774825410471855]","[nan, nan]","['rbf.variance', 'rbf.lengthscale', 'Gaussian_noise.variance']",[27425.78115193    63.41620723    48.8709174    178.69683853],1722
3,[38.14225139],[[0.32857661]],"[array([[18.84707363, 39.40638794]]), 51.133293510579136]","[nan, nan]","['rbf.variance', 'rbf.lengthscale', 'Gaussian_noise.variance']",[1.42710195e+04 5.03673812e+01 2.17086429e+01 1.00000000e-03],1722
4,[36.23893067],[[2.32012748]],"[array([[75.49929635, 42.63804805]]), 56.93381184985315]","[nan, nan]","['rbf.variance', 'rbf.lengthscale', 'Gaussian_noise.variance']",[1.42710253e+04 4.56047156e+01 2.51027315e+01 1.01214418e-02],1722
5,[34.40743299],[[5.3207502]],"[array([[34.41588708, 15.36673504]]), 50.61747896251466]","[nan, nan]","['rbf.variance', 'rbf.lengthscale', 'Gaussian_noise.variance']",[40286.15491865    72.3299029     55.83585627   108.40407277],1722
