,X_r,OC,KG,DL,HP_names,HP_vars,file_number
0,[30.49441602],[[12.90847313]],"[array([[ 6.52613137, 41.93159696]]), 45.127802519684174]","[nan, nan]","['rbf.variance', 'rbf.lengthscale', 'Gaussian_noise.variance']",[1.28131951e+04 4.54962937e+01 4.36945182e+01 6.66904849e-05],1996
1,[31.73850278],[[10.43662284]],"[array([[50.1959535 , 37.48440323]]), 45.481001459433095]","[nan, nan]","['rbf.variance', 'rbf.lengthscale', 'Gaussian_noise.variance']",[1.28146303e+04 4.80087362e+01 4.10918499e+01 5.57968036e+00],1996
