,X_r,OC,KG,DL,HP_names,HP_vars,file_number
0,[28.91474413],[[16.06280461]],"[array([[ 0.12531705, 35.62782444]]), 37.2457468629963]","[nan, nan]","['rbf.variance', 'rbf.lengthscale', 'Gaussian_noise.variance']",[27824.16950103    60.73262576    53.39683003    91.61184562],1746
1,[33.80385728],[[6.43325355]],"[array([[14.33209975, 99.99999999]]), 28.31584390354348]","[nan, nan]","['rbf.variance', 'rbf.lengthscale', 'Gaussian_noise.variance']",[27827.03864981    61.70527909    54.24119483    76.368851  ],1746
2,[32.47703984],[[8.983128]],"[array([[99.71830033, 14.69916198]]), 28.85724363892443]","[nan, nan]","['rbf.variance', 'rbf.lengthscale', 'Gaussian_noise.variance']",[27824.44259663    66.88758359    53.34317315    73.48045036],1746
3,[31.03433488],[[11.83340541]],"[array([[99.81318891, 85.46014832]]), 28.98805242255533]","[nan, nan]","['rbf.variance', 'rbf.lengthscale', 'Gaussian_noise.variance']",[27810.16452135    59.81249377    61.62635192   100.29594978],1746
4,[29.85464749],[[14.18493385]],"[array([[29.84785478, 44.89092919]]), 29.514682868741914]","[nan, nan]","['rbf.variance', 'rbf.lengthscale', 'Gaussian_noise.variance']",[27788.77481876    63.19859067    61.30451924    97.75665248],1746
5,[29.51325433],[[14.86677142]],"[array([[29.25535243,  8.12698331]]), 37.08403803730448]","[nan, nan]","['rbf.variance', 'rbf.lengthscale', 'Gaussian_noise.variance']",[27788.6342293     62.72789326    55.19366844    97.61558402],1746
