,X_r,OC,KG,DL,HP_names,HP_vars,file_number
0,[33.70167216],[[6.62530623]],"[array([[1.37800523e-02, 3.40096489e+01]]), 48.5539971530326]","[nan, nan]","['rbf.variance', 'rbf.lengthscale', 'Gaussian_noise.variance']",[1.10445938e+04 4.32666111e+01 6.53935846e+01 5.37096092e-05],1672
1,[34.32130554],[[5.47691309]],"[array([[66.04120877, 38.86194534]]), 50.08238324603149]","[nan, nan]","['rbf.variance', 'rbf.lengthscale', 'Gaussian_noise.variance']",[1.24238951e+04 4.43788169e+01 6.95420100e+01 1.00000000e-03],1672
2,[33.48099877],[[7.04307094]],"[array([[12.09951908,  0.81451695]]), 46.87908359895523]","[nan, nan]","['rbf.variance', 'rbf.lengthscale', 'Gaussian_noise.variance']",[9421.41357182   43.73288761   57.4164712    37.28189357],1672
3,[31.75124809],[[10.41142002]],"[array([[3.16475681e+01, 2.22770608e-04]]), 43.30626661315731]","[nan, nan]","['rbf.variance', 'rbf.lengthscale', 'Gaussian_noise.variance']",[9592.26817092   47.33322129   54.19047852  152.5949584 ],1672
4,[26.75360888],[[20.38421819]],"[array([[26.7656061 , 19.03077538]]), 29.161184363181516]","[nan, nan]","['rbf.variance', 'rbf.lengthscale', 'Gaussian_noise.variance']",[12648.501903      56.4653904     53.5922571    415.18079913],1672
5,[27.90580782],[[18.08001468]],"[array([[27.87955061, 69.08663217]]), 36.78127777283982]","[nan, nan]","['rbf.variance', 'rbf.lengthscale', 'Gaussian_noise.variance']",[12645.58126744    55.78548701    50.22217663   369.14570224],1672
6,[32.29910601],[[9.33183638]],"[array([[32.31290062, 98.99967433]]), 48.71231167062375]","[nan, nan]","['rbf.variance', 'rbf.lengthscale', 'Gaussian_noise.variance']",[9894.64784349   42.93656372   33.62109774  134.30363847],1672
7,[34.28961075],[[5.53461822]],"[array([[ 0.24182581, 56.10838564]]), 43.15531762361654]","[nan, nan]","['rbf.variance', 'rbf.lengthscale', 'Gaussian_noise.variance']",[8723.14300766   44.73868327   26.43331518   75.19344242],1672
