,X_r,OC,KG,DL,HP_names,HP_vars,file_number
0,[23.92273855],[[26.04591153]],"[array([[ 0.09308228, 38.65004337]]), 94.42690160838413]","[nan, nan]","['rbf.variance', 'rbf.lengthscale', 'Gaussian_noise.variance']",[9123.78531137   43.29233597   29.85559631  168.92168018],1785
1,[60.80752175],[[56.31395334]],"[array([[45.98410734, 78.59800171]]), 129.18880571729406]","[nan, nan]","['rbf.variance', 'rbf.lengthscale', 'Gaussian_noise.variance']",[5.96910220e+03 4.61574567e+00 5.16161794e+05 1.00000000e-03],1785
2,[60.90908317],[[56.61863761]],"[array([[53.61228023, 99.13934033]]), 124.85545484619735]","[nan, nan]","['rbf.variance', 'rbf.lengthscale', 'Gaussian_noise.variance']",[5.88877421e+03 5.10393803e+00 1.44344098e+06 1.00000000e-03],1785
3,[61.42607997],[[58.16962799]],"[array([[10.5644106 ,  4.48462559]]), 123.33496639808575]","[nan, nan]","['rbf.variance', 'rbf.lengthscale', 'Gaussian_noise.variance']",[6.93058110e+03 6.14931693e+00 1.44344098e+06 1.00000000e-03],1785
4,[61.45384152],[[58.25291265]],"[array([[61.46305623, 73.17815477]]), 122.76204540892994]","[nan, nan]","['rbf.variance', 'rbf.lengthscale', 'Gaussian_noise.variance']",[6.93053490e+03 6.37572245e+00 1.44344098e+06 9.81438217e-09],1785
5,[62.2456174],[[60.62824029]],"[array([[84.8571322 , 95.30528741]]), 123.64143102171157]","[nan, nan]","['rbf.variance', 'rbf.lengthscale', 'Gaussian_noise.variance']",[6.93053875e+03 6.39743312e+00 1.44344098e+06 3.82257774e-02],1785
