,X_r,OC,KG,DL,HP_names,HP_vars,file_number
0,[22.72894244],[[28.43350325]],"[array([[2.80567570e-06, 4.54604968e+01]]), 79.52019293071565]","[nan, nan]","['rbf.variance', 'rbf.lengthscale', 'Gaussian_noise.variance']",[1.31726732e+04 4.59611495e+01 3.36438188e+01 9.97687066e-03],1618
1,[29.60293379],[[14.68762776]],"[array([[ 4.91059783, 46.12980001]]), 53.128067396200024]","[nan, nan]","['rbf.variance', 'rbf.lengthscale', 'Gaussian_noise.variance']",[1.13683853e+04 4.18890748e+01 3.20512951e+01 1.00000000e-03],1618
2,[30.42077338],[[13.05528913]],"[array([[57.42552639, 52.123492  ]]), 40.92096842382355]","[nan, nan]","['rbf.variance', 'rbf.lengthscale', 'Gaussian_noise.variance']",[1.13673172e+04 4.33669548e+01 3.13026889e+01 3.00835846e-05],1618
3,[32.54757226],[[8.8452187]],"[array([[ 9.79344792, 45.09868794]]), 52.96683905238867]","[nan, nan]","['rbf.variance', 'rbf.lengthscale', 'Gaussian_noise.variance']",[9.64439803e+03 3.81233142e+01 3.42323135e+01 1.00000000e-03],1618
4,[33.18910129],[[7.60123262]],"[array([[51.13975584, 36.95627311]]), 46.63280309238212]","[nan, nan]","['rbf.variance', 'rbf.lengthscale', 'Gaussian_noise.variance']",[9.64440063e+03 3.88396347e+01 3.35083133e+01 5.87835592e-01],1618
5,[36.91627048],[[1.43968076]],"[array([[20.64417191, 42.71451281]]), 44.37189778157806]","[nan, nan]","['rbf.variance', 'rbf.lengthscale', 'Gaussian_noise.variance']",[9.72869167e+03 2.92128871e+01 4.17394642e+01 1.00000000e-03],1618
6,[34.99469383],[[4.28463792]],"[array([[34.97432096, 42.68603201]]), 51.68769898086828]","[nan, nan]","['rbf.variance', 'rbf.lengthscale', 'Gaussian_noise.variance']",[9.72869227e+03 3.36551783e+01 3.81542104e+01 3.80600396e-01],1618
7,[34.67739797],[[4.8378305]],"[array([[34.67300144, 92.87804112]]), 58.281671441458876]","[nan, nan]","['rbf.variance', 'rbf.lengthscale', 'Gaussian_noise.variance']",[9.22875346e+03 3.47918730e+01 3.37048337e+01 8.72179413e+00],1618
