,X_r,OC,KG,DL,HP_names,HP_vars,file_number
0,[23.32923487],[[27.23291861]],"[array([[99.71382553, 41.57240652]]), 47.45998672784242]","[nan, nan]","['rbf.variance', 'rbf.lengthscale', 'Gaussian_noise.variance']",[8.10339806e+03 2.49110151e+01 4.79768555e+01 1.08247969e-05],1916
1,[14.22115371],[[45.44908073]],"[array([[1.80927375e-07, 5.53858257e+01]]), 36.37926609199171]","[nan, nan]","['rbf.variance', 'rbf.lengthscale', 'Gaussian_noise.variance']",[23605.50187795    63.30452542    55.47203473   198.99226208],1916
