,X_r,OC,KG,DL,HP_names,HP_vars,file_number
0,[39.9096063],[[0.15659947]],"[array([[45.0024553 , 43.70754293]]), 71.78593435520368]","[nan, nan]","['rbf.variance', 'rbf.lengthscale', 'Gaussian_noise.variance']",[1.55823777e+04 4.89413120e+01 4.16346897e+01 1.81617013e-04],1961
1,[40.72466703],[[0.72645737]],"[array([[40.61125759,  5.62568898]]), 75.0961230861851]","[nan, nan]","['rbf.variance', 'rbf.lengthscale', 'Gaussian_noise.variance']",[15581.38741945    46.6190656     40.31613906    50.6134056 ],1961
