,X_r,OC,KG,DL,HP_names,HP_vars,file_number
0,[36.83844813],[[1.53240088]],"[array([[ 0.19362174, 36.96423493]]), 69.32853365828191]","[nan, nan]","['rbf.variance', 'rbf.lengthscale', 'Gaussian_noise.variance']",[28611.59625887    59.80464425    50.97319019    33.40431041],1935
1,[38.15300992],[[0.32206851]],"[array([[80.74161555, 38.67803445]]), 68.69280012419618]","[nan, nan]","['rbf.variance', 'rbf.lengthscale', 'Gaussian_noise.variance']",[28611.06438009    58.18576438    53.72342789    29.5520224 ],1935
