,X_r,OC,KG,DL,HP_names,HP_vars,file_number
0,[30.71637875],[[12.46619903]],"[array([[ 0.46592267, 49.096042  ]]), 53.11221063572875]","[nan, nan]","['rbf.variance', 'rbf.lengthscale', 'Gaussian_noise.variance']",[16423.53165007    48.0206647     38.14841764   405.68140547],163
1,[33.19465072],[[7.59056844]],"[array([[ 1.09399096, 69.07435127]]), 56.014237780957295]","[nan, nan]","['rbf.variance', 'rbf.lengthscale', 'Gaussian_noise.variance']",[16045.79154221    47.23443828    37.45025968   256.6595927 ],163
2,[33.08744841],[[7.79690842]],"[array([[33.9719735,  0.9985412]]), 55.49495555724027]","[nan, nan]","['rbf.variance', 'rbf.lengthscale', 'Gaussian_noise.variance']",[15884.08043449    47.41928644    39.59406871   215.30753068],163
3,[33.88716773],[[6.27738706]],"[array([[99.63006048, 71.91856834]]), 55.86640856365]","[nan, nan]","['rbf.variance', 'rbf.lengthscale', 'Gaussian_noise.variance']",[20709.45051083    52.60053113    42.92988576   171.25169548],163
4,[34.44318874],[[5.2562044]],"[array([[34.44275309, 55.70020397]]), 54.056610680550236]","[nan, nan]","['rbf.variance', 'rbf.lengthscale', 'Gaussian_noise.variance']",[20573.82266069    51.22421975    44.50128657   257.33473443],163
5,[43.61046061],[[5.72118358]],"[array([[67.30229605, 34.80950006]]), 72.4523346787116]","[nan, nan]","['rbf.variance', 'rbf.lengthscale', 'Gaussian_noise.variance']",[20572.35860974    46.97038355    30.64582519    27.72465972],163
6,[33.07706029],[[7.81693932]],"[array([[33.09188363,  0.98820131]]), 48.11919476967676]","[nan, nan]","['rbf.variance', 'rbf.lengthscale', 'Gaussian_noise.variance']",[24379.03113       54.26740965    50.76178437   258.32116188],163
7,[33.58358812],[[6.84836623]],"[array([[33.5990833 , 35.19710623]]), 48.42351122297616]","[nan, nan]","['rbf.variance', 'rbf.lengthscale', 'Gaussian_noise.variance']",[24682.60186474    54.11328252    48.84324689   263.60367171],163
