,X_r,OC,KG,DL,HP_names,HP_vars,file_number
0,[7.43140902],[[59.02857014]],"[array([[ 1.27468732, 43.95644738]]), 109.37156776774947]","[nan, nan]","['rbf.variance', 'rbf.lengthscale', 'Gaussian_noise.variance']",[11777.36239558    60.52627635    23.07601969   143.65707937],176
1,[31.32082525],[[11.26421221]],"[array([[19.78229319, 32.66312859]]), 46.42481031905868]","[nan, nan]","['rbf.variance', 'rbf.lengthscale', 'Gaussian_noise.variance']",[14608.48970237    43.06344803    45.55273022   473.31524904],176
2,[30.40256363],[[13.09159819]],"[array([[30.39502537, 16.54403749]]), 52.38536979266513]","[nan, nan]","['rbf.variance', 'rbf.lengthscale', 'Gaussian_noise.variance']",[16178.9831293     44.96782647    47.76196557   364.0564568 ],176
3,[30.53017177],[[12.83720282]],"[array([[21.44281739,  0.50903537]]), 53.437863080018296]","[nan, nan]","['rbf.variance', 'rbf.lengthscale', 'Gaussian_noise.variance']",[15286.54380273    45.03683711    47.37355863   292.42078651],176
4,[30.12924331],[[13.6368112]],"[array([[30.14467765, 77.04705143]]), 54.72805692345502]","[nan, nan]","['rbf.variance', 'rbf.lengthscale', 'Gaussian_noise.variance']",[17976.56903585    49.20317889    48.54948147   286.37334164],176
5,[30.96902888],[[11.96329347]],"[array([[30.99024448, 29.37759633]]), 58.31659376480722]","[nan, nan]","['rbf.variance', 'rbf.lengthscale', 'Gaussian_noise.variance']",[13795.52777196    45.39515851    40.93431701   224.57126446],176
