,X_r,OC,KG,DL,HP_names,HP_vars,file_number
0,[34.16143959],[[5.76921608]],"[array([[32.57152097, 43.30271709]]), 83.3085739769842]","[nan, nan]","['rbf.variance', 'rbf.lengthscale', 'Gaussian_noise.variance']",[8.76123734e+03 2.97194729e+01 3.24827058e+01 1.00071159e-02],1751
1,[40.21675321],[[0.32240796]],"[array([[99.99917699, 39.58796037]]), 95.75099245012103]","[nan, nan]","['rbf.variance', 'rbf.lengthscale', 'Gaussian_noise.variance']",[1.06768198e+04 2.16938155e+01 5.58979714e+01 1.00000000e-03],1751
2,[33.98549826],[[6.09429172]],"[array([[33.95810606, 55.64977656]]), 65.38111130693726]","[nan, nan]","['rbf.variance', 'rbf.lengthscale', 'Gaussian_noise.variance']",[11144.68161507    39.24220919    39.09837959   107.92627001],1751
3,[34.17600818],[[5.7424529]],"[array([[34.17521501, 10.26038099]]), 65.87278266958347]","[nan, nan]","['rbf.variance', 'rbf.lengthscale', 'Gaussian_noise.variance']",[11076.79245855    39.08971395    38.82709953    80.69444867],1751
4,[32.90432114],[[8.15089869]],"[array([[32.90638439, 94.01031195]]), 60.491033310481235]","[nan, nan]","['rbf.variance', 'rbf.lengthscale', 'Gaussian_noise.variance']",[13852.1783129     45.93629678    39.4173729    215.08031612],1751
5,[32.64898393],[[8.6472775]],"[array([[32.63237473, 72.02117628]]), 57.81659399910572]","[nan, nan]","['rbf.variance', 'rbf.lengthscale', 'Gaussian_noise.variance']",[14306.65194765    49.37257579    41.08942063   225.49936445],1751
