,X_r,OC,KG,DL,HP_names,HP_vars,file_number
0,[16.8121049],[[40.26717838]],"[array([[2.14697171e-07, 4.11075473e+01]]), 69.41424122197346]","[nan, nan]","['rbf.variance', 'rbf.lengthscale', 'Gaussian_noise.variance']",[5.87589091e+04 9.68672839e+01 6.06954944e+01 6.04096933e-06],1630
1,[29.60852412],[[14.67646138]],"[array([[24.51699842, 43.36545721]]), 61.26495933788365]","[nan, nan]","['rbf.variance', 'rbf.lengthscale', 'Gaussian_noise.variance']",[5.87588567e+04 5.46320484e+01 9.92893934e+01 2.52539056e-06],1630
2,[38.63592191],[[0.09509925]],"[array([[46.84645833, 40.04005403]]), 67.86439763959508]","[nan, nan]","['rbf.variance', 'rbf.lengthscale', 'Gaussian_noise.variance']",[1.85278690e+04 3.62244111e+01 6.23552197e+01 1.00000000e-03],1630
3,[43.67517443],[[5.87498477]],"[array([[61.96401106, 46.38986373]]), 76.51778631499262]","[nan, nan]","['rbf.variance', 'rbf.lengthscale', 'Gaussian_noise.variance']",[1.59043763e+04 3.95623595e+01 3.77806054e+01 1.84594851e+00],1630
4,[43.75400137],[[6.06414093]],"[array([[43.79109525,  8.31914604]]), 76.46610905677925]","[nan, nan]","['rbf.variance', 'rbf.lengthscale', 'Gaussian_noise.variance']",[1.59043388e+04 4.18552564e+01 3.68255747e+01 1.27926344e+00],1630
5,[44.31321427],[[7.45838987]],"[array([[44.3990229 , 53.53910954]]), 76.65632523643173]","[nan, nan]","['rbf.variance', 'rbf.lengthscale', 'Gaussian_noise.variance']",[1.28219385e+04 4.39572652e+01 2.97348358e+01 1.00000000e-03],1630
6,[44.16484057],[[7.0800827]],"[array([[44.18220921, 40.77404972]]), 76.62957064209088]","[nan, nan]","['rbf.variance', 'rbf.lengthscale', 'Gaussian_noise.variance']",[1.28219446e+04 4.30620016e+01 3.14760133e+01 5.49888371e-02],1630
7,[43.87381368],[[6.35533851]],"[array([[43.89863487, 29.51521311]]), 79.98312542786066]","[nan, nan]","['rbf.variance', 'rbf.lengthscale', 'Gaussian_noise.variance']",[13252.10325236    40.31212586    30.89650496    24.79026948],1630
