,X_r,OC,KG,DL,HP_names,HP_vars,file_number
0,[29.38754838],[[15.11791596]],"[array([[29.3165562 , 32.67476895]]), 68.0379802388832]","[nan, nan]","['rbf.variance', 'rbf.lengthscale', 'Gaussian_noise.variance']",[1.11460513e+04 4.24985678e+01 3.03965737e+01 4.26840984e-04],1753
1,[22.96616153],[[27.95906501]],"[array([[1.01686749e-05, 3.85387359e+01]]), 74.57248779133408]","[nan, nan]","['rbf.variance', 'rbf.lengthscale', 'Gaussian_noise.variance']",[1.19025129e+04 4.98696541e+01 2.93024043e+01 1.00000000e-03],1753
2,[28.92076525],[[16.05076912]],"[array([[52.5443705 , 10.67793145]]), 68.18092726488686]","[nan, nan]","['rbf.variance', 'rbf.lengthscale', 'Gaussian_noise.variance']",[11883.68546305    40.05243575    32.82931438    27.95465943],1753
3,[31.28371465],[[11.33788104]],"[array([[31.21720113, 91.53972195]]), 63.50588714582631]","[nan, nan]","['rbf.variance', 'rbf.lengthscale', 'Gaussian_noise.variance']",[14451.06725561    42.86584948    39.40482875   102.78486335],1753
4,[31.00899596],[[11.88379663]],"[array([[30.82974191, 60.11987692]]), 63.61529625511582]","[nan, nan]","['rbf.variance', 'rbf.lengthscale', 'Gaussian_noise.variance']",[14446.27230411    43.22343833    39.01398096    77.997652  ],1753
5,[30.09074573],[[13.71363647]],"[array([[30.09590872, 13.74874619]]), 61.35019975637068]","[nan, nan]","['rbf.variance', 'rbf.lengthscale', 'Gaussian_noise.variance']",[14441.67263285    43.05006282    37.86659466    59.84123285],1753
