,X_r,OC,KG,DL,HP_names,HP_vars,file_number
0,[0.00028501],[[73.89081816]],"[array([[99.99998677, 37.5489646 ]]), 35.37931351533669]","[nan, nan]","['rbf.variance', 'rbf.lengthscale', 'Gaussian_noise.variance']",[5.43430349e+03 3.05429027e+05 1.04386923e+01 9.99980805e-03],1173
1,[0.00028501],[[73.89081816]],"[array([[1.30372859e-02, 2.24727048e+01]]), -13.00335940317037]","[nan, nan]","['rbf.variance', 'rbf.lengthscale', 'Gaussian_noise.variance']",[9.71330637e+03 3.05429028e+05 4.53528153e+01 2.36325333e+03],1173
2,[16.36491386],[[41.16156046]],"[0, -90000000000.0]","[nan, nan]","['rbf.variance', 'rbf.lengthscale', 'Gaussian_noise.variance']",[7.06960569e+03 3.05429027e+05 1.38284472e-33 1.00000000e-03],1173
