,X_r,OC,KG,DL,HP_names,HP_vars,file_number
0,[25.88010658],[[22.13118801]],"[array([[ 0.29812339, 38.51418761]]), 67.90774871362643]","[nan, nan]","['rbf.variance', 'rbf.lengthscale', 'Gaussian_noise.variance']",[1.07510034e+04 3.80625697e+01 4.21811281e+01 9.98745343e-03],184
1,[31.3504771],[[11.20536407]],"[array([[43.89949706, 36.24252693]]), 57.2590199179504]","[nan, nan]","['rbf.variance', 'rbf.lengthscale', 'Gaussian_noise.variance']",[1.07509989e+04 3.73335298e+01 4.40684106e+01 9.89097750e-03],184
2,[40.53543334],[[0.55713998]],"[array([[35.01301657, 35.00079528]]), 77.63733051389463]","[nan, nan]","['rbf.variance', 'rbf.lengthscale', 'Gaussian_noise.variance']",[1.07509969e+04 2.72611024e+01 4.40834619e+01 9.96546410e-03],184
3,[41.26608998],[[1.3311853]],"[array([[41.29151912,  9.49113527]]), 75.82532646951532]","[nan, nan]","['rbf.variance', 'rbf.lengthscale', 'Gaussian_noise.variance']",[1.07506781e+04 2.74161291e+01 4.52885800e+01 2.02433817e+00],184
