,X_r,OC,KG,DL,HP_names,HP_vars,file_number
0,[34.99747028],[[4.27987324]],"[array([[38.45320345, 45.72558726]]), 80.84050136693233]","[nan, nan]","['rbf.variance', 'rbf.lengthscale', 'Gaussian_noise.variance']",[7.80546179e+03 3.69816547e+01 2.06313613e+01 2.09692809e-04],1969
1,[36.08612401],[[2.53979547]],"[array([[99.97758057, 42.41542034]]), 67.5511502393732]","[nan, nan]","['rbf.variance', 'rbf.lengthscale', 'Gaussian_noise.variance']",[7774.19401643   37.32961429   21.82712964   98.15583347],1969
