,X_r,OC,KG,DL,HP_names,HP_vars,file_number
0,[26.89544165],[[20.10056393]],"[array([[55.58704725, 47.62401694]]), 38.11576691277716]","[nan, nan]","['rbf.variance', 'rbf.lengthscale', 'Gaussian_noise.variance']",[36806.91274179    68.10834846    50.91427694    82.88580358],1970
1,[44.3990258],[[7.67970576]],"[array([[35.01428855, 41.56710365]]), 60.222465302754465]","[nan, nan]","['rbf.variance', 'rbf.lengthscale', 'Gaussian_noise.variance']",[3.68069069e+04 4.31254728e+01 4.26702124e+01 1.01960309e-02],1970
