,X_r,OC,KG,DL,HP_names,HP_vars,file_number
0,[7.4042273],[[59.08293339]],"[array([[ 0.27661936, 33.06886719]]), 84.0437347343132]","[nan, nan]","['rbf.variance', 'rbf.lengthscale', 'Gaussian_noise.variance']",[7.51617736e+03 3.49692602e+01 2.06236509e+01 9.95941968e-03],1695
1,[99.99928636],[[173.88924706]],"[array([[60.40156808, 70.68594327]]), 27.20433025113873]","[nan, nan]","['rbf.variance', 'rbf.lengthscale', 'Gaussian_noise.variance']",[17269.65029088  1449.91743783    91.31163107  1130.85492128],1695
2,[99.99928636],[[173.88924706]],"[array([[99.97042332, 50.1071845 ]]), 29.289639601518743]","[nan, nan]","['rbf.variance', 'rbf.lengthscale', 'Gaussian_noise.variance']",[17272.56591947  1439.21029341    88.62235494  1081.90923191],1695
3,[0.000382],[[73.89062398]],"[array([[ 0.04253779, 25.06274445]]), 19.401372900991863]","[nan, nan]","['rbf.variance', 'rbf.lengthscale', 'Gaussian_noise.variance']",[14714.3278694  13049.03611524    77.86898271  1578.22308116],1695
4,[0.000382],[[73.89062398]],"[array([[0.00947573, 3.74088065]]), 20.4505086317889]","[nan, nan]","['rbf.variance', 'rbf.lengthscale', 'Gaussian_noise.variance']",[14717.66200422 13049.04868015    79.51003613  1448.49138048],1695
5,[0.000382],[[73.89062398]],"[array([[ 0.03674  , 26.6024787]]), 20.92758160739488]","[nan, nan]","['rbf.variance', 'rbf.lengthscale', 'Gaussian_noise.variance']",[11643.61808876 13060.07383529    69.78086603  1444.3973275 ],1695
6,[94.95088398],[[158.74403991]],"[array([[94.56406148, 95.07281455]]), 174.74923676360334]","[nan, nan]","['rbf.variance', 'rbf.lengthscale', 'Gaussian_noise.variance']",[6.88205419e+03 3.34814302e+00 4.16710265e+07 1.00000000e-03],1695
7,[94.28047187],[[156.73280358]],"[array([[77.11782545, 66.58285071]]), 192.62013425760045]","[nan, nan]","['rbf.variance', 'rbf.lengthscale', 'Gaussian_noise.variance']",[7.81798250e+03 4.01598641e+00 4.16710265e+07 1.00000000e-03],1695
