,X_r,OC,KG,DL,HP_names,HP_vars,file_number
0,[27.40234707],[[19.08681534]],"[array([[ 0.09026107, 49.60268371]]), 53.56173485816133]","[nan, nan]","['rbf.variance', 'rbf.lengthscale', 'Gaussian_noise.variance']",[2.81435314e+04 7.77506488e+01 3.84747814e+01 1.79022162e-04],1920
1,[31.09815598],[[11.70651743]],"[array([[93.12316455, 39.74243783]]), 59.46060431141781]","[nan, nan]","['rbf.variance', 'rbf.lengthscale', 'Gaussian_noise.variance']",[2.81433391e+04 6.86920888e+01 4.02937210e+01 2.08053179e-04],1920
