,X_r,OC,KG,DL,HP_names,HP_vars,file_number
0,[6.50801538],[[60.87535703]],"[array([[2.69652703e-02, 4.88191566e+01]]), 78.05559679848454]","[nan, nan]","['rbf.variance', 'rbf.lengthscale', 'Gaussian_noise.variance']",[4.36707297e+04 9.14369899e+01 4.31425196e+01 6.12648419e-05],1662
1,[28.74606551],[[16.39998743]],"[array([[19.40012177, 37.43112974]]), 58.864026799701236]","[nan, nan]","['rbf.variance', 'rbf.lengthscale', 'Gaussian_noise.variance']",[4.36705166e+04 7.36358349e+01 4.18861522e+01 2.91655290e-05],1662
2,[32.40927551],[[9.11579922]],"[array([[32.39829943, 99.83217127]]), 48.11644578877137]","[nan, nan]","['rbf.variance', 'rbf.lengthscale', 'Gaussian_noise.variance']",[4.36669563e+04 7.40154029e+01 4.23969216e+01 3.48481669e+01],1662
3,[34.55811124],[[5.04993056]],"[array([[34.45323811,  3.39918091]]), 48.72873227808306]","[nan, nan]","['rbf.variance', 'rbf.lengthscale', 'Gaussian_noise.variance']",[4.36627932e+04 6.75087942e+01 4.15182096e+01 1.72372442e+01],1662
4,[30.14273602],[[13.60988655]],"[array([[30.10246351, 95.51994491]]), 44.95339724364545]","[nan, nan]","['rbf.variance', 'rbf.lengthscale', 'Gaussian_noise.variance']",[18056.74594254    62.44489423    38.4966505    267.64734487],1662
5,[31.17350814],[[11.5567665]],"[array([[31.16560524, 68.30461288]]), 46.64823329409123]","[nan, nan]","['rbf.variance', 'rbf.lengthscale', 'Gaussian_noise.variance']",[17863.35071571    61.71783231    37.31054189   202.1081134 ],1662
6,[43.32477072],[[5.05909577]],"[array([[29.66844013, 40.06810801]]), 46.99278851462252]","[nan, nan]","['rbf.variance', 'rbf.lengthscale', 'Gaussian_noise.variance']",[1.14167731e+04 2.45920715e+01 3.83150478e+01 1.00000000e-03],1662
7,[31.94602146],[[10.02672216]],"[array([[99.99998161, 20.587718  ]]), 52.245219899198204]","[nan, nan]","['rbf.variance', 'rbf.lengthscale', 'Gaussian_noise.variance']",[17585.38371271    60.13065472    35.66960867   140.70928294],1662
