,X_r,OC,KG,DL,HP_names,HP_vars,file_number
0,[49.4892855],[[22.36527049]],"[array([[34.80807291, 48.50657705]]), 81.50374547566493]","[nan, nan]","['rbf.variance', 'rbf.lengthscale', 'Gaussian_noise.variance']",[7.23014206e+03 2.30099790e+01 3.84684494e+01 6.86427693e-04],1694
1,[49.97836377],[[23.8299319]],"[array([[57.91643251, 48.31249068]]), 86.73991012359194]","[nan, nan]","['rbf.variance', 'rbf.lengthscale', 'Gaussian_noise.variance']",[6.97531108e+03 2.25037413e+01 4.21112673e+01 1.00000000e-03],1694
2,[41.08526931],[[1.10972175]],"[array([[16.42089633, 39.87170408]]), 57.74511253583094]","[nan, nan]","['rbf.variance', 'rbf.lengthscale', 'Gaussian_noise.variance']",[11661.72537526    40.93484712    33.12406167    14.5174351 ],1694
3,[38.39825164],[[0.19064706]],"[array([[49.3944543 , 47.20440853]]), 56.8183091072094]","[nan, nan]","['rbf.variance', 'rbf.lengthscale', 'Gaussian_noise.variance']",[1.93103758e+04 5.32790950e+01 3.37005255e+01 1.00000000e-03],1694
4,[43.00940191],[[4.36274261]],"[array([[43.01745216,  7.2411746 ]]), 66.61770120466143]","[nan, nan]","['rbf.variance', 'rbf.lengthscale', 'Gaussian_noise.variance']",[9231.89130048   35.61290748   35.1065816    45.20216463],1694
5,[43.36283644],[[5.1456642]],"[array([[43.24463315, 23.80055149]]), 59.47549008025233]","[nan, nan]","['rbf.variance', 'rbf.lengthscale', 'Gaussian_noise.variance']",[11088.04571754    34.21154859    36.41089036    55.64379623],1694
6,[43.24766173],[[4.88535549]],"[array([[10.99468188,  1.05895612]]), 62.476971929383936]","[nan, nan]","['rbf.variance', 'rbf.lengthscale', 'Gaussian_noise.variance']",[12247.93759269    33.50485028    40.11084887    51.40431023],1694
7,[41.7294997],[[1.98452855]],"[array([[41.74117737, 56.86410547]]), 62.57552048693329]","[nan, nan]","['rbf.variance', 'rbf.lengthscale', 'Gaussian_noise.variance']",[12384.95326554    30.76727006    42.73050544    54.32477785],1694
