,X_r,OC,KG,DL,HP_names,HP_vars,file_number
0,[33.76784222],[[6.50083539]],"[array([[ 0.2795029 , 40.45809858]]), 64.28657081467924]","[nan, nan]","['rbf.variance', 'rbf.lengthscale', 'Gaussian_noise.variance']",[17472.556517      39.52042822    48.12107067    52.60408471],1654
1,[34.26291468],[[5.58331913]],"[array([[48.28163198, 47.28695202]]), 60.96863993063166]","[nan, nan]","['rbf.variance', 'rbf.lengthscale', 'Gaussian_noise.variance']",[17438.30582593    41.81439633    50.26757539    55.05675105],1654
2,[35.91509154],[[2.79376715]],"[array([[35.59937162,  6.68103461]]), 65.46043480488106]","[nan, nan]","['rbf.variance', 'rbf.lengthscale', 'Gaussian_noise.variance']",[24794.19638018    50.74482659    56.37546939    75.35811521],1654
3,[36.51077439],[[1.94755706]],"[array([[36.51058139, 99.35576187]]), 65.8637025385149]","[nan, nan]","['rbf.variance', 'rbf.lengthscale', 'Gaussian_noise.variance']",[38041.99066067    64.9155132     59.51166398    81.43898222],1654
4,[36.75588662],[[1.63329994]],"[array([[36.78585359,  6.28930964]]), 66.43783307201608]","[nan, nan]","['rbf.variance', 'rbf.lengthscale', 'Gaussian_noise.variance']",[38041.87567181    65.44709953    59.99448922    70.6963344 ],1654
5,[36.08570088],[[2.54041362]],"[array([[36.07615953, 29.84961632]]), 65.02860979043778]","[nan, nan]","['rbf.variance', 'rbf.lengthscale', 'Gaussian_noise.variance']",[38076.21493697    64.19271285    62.88079677    91.45860656],1654
6,[36.61422069],[[1.81231223]],"[array([[36.60981669, 66.99307489]]), 68.91691335948019]","[nan, nan]","['rbf.variance', 'rbf.lengthscale', 'Gaussian_noise.variance']",[30579.88303773    59.29526835    56.06299461    95.28110041],1654
7,[38.55648352],[[0.12347681]],"[array([[38.59849322, 92.22606679]]), 67.23974293053652]","[nan, nan]","['rbf.variance', 'rbf.lengthscale', 'Gaussian_noise.variance']",[17343.83493316    51.0679926     41.01805097    88.53320244],1654
