,X_r,OC,KG,DL,HP_names,HP_vars,file_number
0,[37.09044869],[[1.24084926]],"[array([[ 4.36099537, 44.21045585]]), 49.310088112012664]","[nan, nan]","['rbf.variance', 'rbf.lengthscale', 'Gaussian_noise.variance']",[8.37725726e+03 3.99937888e+01 3.60141990e+01 1.00000000e-03],1813
1,[36.75036019],[[1.64014528]],"[array([[20.45987536, 25.98295336]]), 48.920131571198965]","[nan, nan]","['rbf.variance', 'rbf.lengthscale', 'Gaussian_noise.variance']",[8.20296886e+03 4.30834338e+01 3.57439701e+01 1.00000000e-03],1813
2,[33.61984979],[[6.77974484]],"[array([[64.41702549, 29.27846728]]), 54.55646414732685]","[nan, nan]","['rbf.variance', 'rbf.lengthscale', 'Gaussian_noise.variance']",[7.93541759e+03 4.25843347e+01 3.40978473e+01 1.00000000e-03],1813
3,[32.68845406],[[8.57035329]],"[array([[32.86657329, 61.25205376]]), 54.24107741395448]","[nan, nan]","['rbf.variance', 'rbf.lengthscale', 'Gaussian_noise.variance']",[7942.35335569   39.08219005   34.67894716   70.8660779 ],1813
