,X_r,OC,KG,DL,HP_names,HP_vars,file_number
0,[3.73397023],[[66.42344764]],"[array([[ 2.06670913, 35.57253279]]), 91.99495418478168]","[nan, nan]","['rbf.variance', 'rbf.lengthscale', 'Gaussian_noise.variance']",[9.03430382e+03 4.79370182e+01 2.31143798e+01 1.46628347e-03],1966
1,[31.51149871],[[10.88603366]],"[array([[40.35654675, 34.78434671]]), 69.26971694920128]","[nan, nan]","['rbf.variance', 'rbf.lengthscale', 'Gaussian_noise.variance']",[9.03430227e+03 3.63451145e+01 2.33464132e+01 1.00133691e-02],1966
