,X_r,OC,KG,DL,HP_names,HP_vars,file_number
0,[34.99908298],[[4.27710647]],"[array([[38.97803759, 37.7448461 ]]), 65.35264450298052]","[nan, nan]","['rbf.variance', 'rbf.lengthscale', 'Gaussian_noise.variance']",[1.20918606e+04 4.13112296e+01 3.56391519e+01 1.00004048e-02],1947
1,[35.82051691],[[2.93767989]],"[array([[22.14901778, 36.85068713]]), 66.70609221564753]","[nan, nan]","['rbf.variance', 'rbf.lengthscale', 'Gaussian_noise.variance']",[1.20916832e+04 4.15041703e+01 3.75546143e+01 5.40892182e-05],1947
