,X_r,OC,KG,DL,HP_names,HP_vars,file_number
0,[37.53451507],[[0.79210522]],"[array([[28.69760804, 47.91820384]]), 42.78156620874649]","[nan, nan]","['rbf.variance', 'rbf.lengthscale', 'Gaussian_noise.variance']",[9.99995354e+03 2.86543363e+01 3.00645668e+01 1.00167797e-02],1717
1,[39.04699636],[[0.0070128]],"[array([[94.14557293, 39.91792477]]), 37.44943693382338]","[nan, nan]","['rbf.variance', 'rbf.lengthscale', 'Gaussian_noise.variance']",[1.09564095e+04 3.19067421e+01 3.19284416e+01 1.00000000e-03],1717
2,[37.44910492],[[0.87160091]],"[array([[17.34165982, 52.46394121]]), 31.8055317607392]","[nan, nan]","['rbf.variance', 'rbf.lengthscale', 'Gaussian_noise.variance']",[8.32915031e+03 3.01639587e+01 2.73742034e+01 1.00000000e-03],1717
3,[38.39558543],[[0.19189879]],"[array([[59.12073897, 19.34878454]]), 34.00998578913355]","[nan, nan]","['rbf.variance', 'rbf.lengthscale', 'Gaussian_noise.variance']",[8.69207191e+03 2.91860801e+01 3.12671270e+01 1.00000000e-03],1717
4,[40.62236136],[[0.63216904]],"[array([[ 2.65434914, 60.38395319]]), 50.850381809095396]","[nan, nan]","['rbf.variance', 'rbf.lengthscale', 'Gaussian_noise.variance']",[8705.49645215   26.88118073   38.22016231   50.81451032],1717
5,[39.96096627],[[0.18018305]],"[array([[ 9.06490459, 40.02897537]]), 43.11255743427717]","[nan, nan]","['rbf.variance', 'rbf.lengthscale', 'Gaussian_noise.variance']",[9.15459558e+03 2.75305462e+01 3.32269252e+01 1.00000000e-03],1717
