,X_r,OC,KG,DL,HP_names,HP_vars,file_number
0,[30.72478869],[[12.44944938]],"[array([[9.17636291e-03, 3.81027848e+01]]), 39.08885327862467]","[nan, nan]","['rbf.variance', 'rbf.lengthscale', 'Gaussian_noise.variance']",[1.22673968e+04 5.00051608e+01 3.55807122e+01 1.00002658e-02],1919
1,[30.97745541],[[11.94653119]],"[array([[39.45670951, 49.83471241]]), 44.87089357874787]","[nan, nan]","['rbf.variance', 'rbf.lengthscale', 'Gaussian_noise.variance']",[1.22673970e+04 4.87761924e+01 3.61247409e+01 9.90526762e-03],1919
