,X_r,OC,KG,DL,HP_names,HP_vars,file_number
0,[37.16909301],[[1.1551422]],"[array([[ 8.17830042, 38.15008863]]), 63.66825050660637]","[nan, nan]","['rbf.variance', 'rbf.lengthscale', 'Gaussian_noise.variance']",[9.92456836e+03 3.54484915e+01 3.51155231e+01 1.01695688e-02],1817
1,[36.41927897],[[2.07024217]],"[array([[53.8864063 , 34.48996204]]), 59.782360149205445]","[nan, nan]","['rbf.variance', 'rbf.lengthscale', 'Gaussian_noise.variance']",[9900.32729053   39.95618764   36.83924893   32.81819466],1817
2,[36.87820862],[[1.4847359]],"[array([[36.91561819, 36.42221439]]), 60.07027561486079]","[nan, nan]","['rbf.variance', 'rbf.lengthscale', 'Gaussian_noise.variance']",[9891.70867318   40.15947576   38.73501176   19.64984103],1817
3,[36.59655893],[[1.83513737]],"[array([[36.59399974, 60.4678685 ]]), 56.28373919474621]","[nan, nan]","['rbf.variance', 'rbf.lengthscale', 'Gaussian_noise.variance']",[11605.82999908    44.17247094    40.6570647     25.64997146],1817
