,X_r,OC,KG,DL,HP_names,HP_vars,file_number
0,[42.43458719],[[3.19876688]],"[array([[51.52000444, 39.88791786]]), 78.67159526029059]","[nan, nan]","['rbf.variance', 'rbf.lengthscale', 'Gaussian_noise.variance']",[5.20440808e+03 2.64025722e+01 1.47934625e+01 1.00000000e-02],180
1,[14.59814851],[[44.69509109]],"[array([[4.23467883e-06, 3.82052972e+01]]), 71.10200612610468]","[nan, nan]","['rbf.variance', 'rbf.lengthscale', 'Gaussian_noise.variance']",[6957.66315832   45.69675438   24.64694406  159.00922304],180
2,[32.46484573],[[9.00698973]],"[array([[97.14980234, 37.82191564]]), 62.69598761972844]","[nan, nan]","['rbf.variance', 'rbf.lengthscale', 'Gaussian_noise.variance']",[5224.3217103    30.70645843   22.7726221   106.09579917],180
3,[34.44848046],[[5.24666632]],"[array([[22.30481353, 35.30347443]]), 65.32586738426029]","[nan, nan]","['rbf.variance', 'rbf.lengthscale', 'Gaussian_noise.variance']",[5951.92892751   31.95658508   12.31387021   75.15220567],180
