,X_r,OC,KG,DL,HP_names,HP_vars,file_number
0,[45.64000593],[[11.04665246]],"[array([[24.61585593, 39.00106141]]), 57.24964172163724]","[nan, nan]","['rbf.variance', 'rbf.lengthscale', 'Gaussian_noise.variance']",[2.10629315e+04 4.60094091e+01 5.39418038e+01 2.79435932e-04],1643
1,[43.56640393],[[5.61726244]],"[array([[ 7.82828354, 40.68767638]]), 62.639514452615295]","[nan, nan]","['rbf.variance', 'rbf.lengthscale', 'Gaussian_noise.variance']",[2.27766094e+04 4.77899292e+01 5.70466641e+01 1.00000000e-03],1643
2,[43.65137123],[[5.81825508]],"[array([[81.95275699, 12.52667417]]), 62.57315737595264]","[nan, nan]","['rbf.variance', 'rbf.lengthscale', 'Gaussian_noise.variance']",[22767.156345      45.42201766    56.13610694    58.60978955],1643
3,[43.78468386],[[6.13829465]],"[array([[43.7668139 , 42.65582663]]), 62.250450785661684]","[nan, nan]","['rbf.variance', 'rbf.lengthscale', 'Gaussian_noise.variance']",[22756.50704928    45.96385344    57.30810532    53.68628928],1643
4,[45.24153147],[[9.93644712]],"[array([[51.63416004, 43.02688461]]), 80.04780559578504]","[nan, nan]","['rbf.variance', 'rbf.lengthscale', 'Gaussian_noise.variance']",[1.20943110e+04 4.16280632e+01 3.39148860e+01 1.00000000e-03],1643
5,[42.5368995],[[3.39524438]],"[array([[42.53712542, 74.52317717]]), 67.64147685924954]","[nan, nan]","['rbf.variance', 'rbf.lengthscale', 'Gaussian_noise.variance']",[19058.72881358    45.82604607    52.36543707    81.12275383],1643
6,[42.79199968],[[3.90570294]],"[array([[42.78864804, 99.99967815]]), 69.8595759925536]","[nan, nan]","['rbf.variance', 'rbf.lengthscale', 'Gaussian_noise.variance']",[14510.6271012     43.12602757    40.35823483    87.99387443],1643
7,[42.88978684],[[4.10885386]],"[array([[42.88989296, 14.83633655]]), 69.9801883499684]","[nan, nan]","['rbf.variance', 'rbf.lengthscale', 'Gaussian_noise.variance']",[14180.0172922     43.14457696    40.49184525    77.10563807],1643
