,X_r,OC,KG,DL,HP_names,HP_vars,file_number
0,[36.83676953],[[1.53442669]],"[array([[59.58262189, 45.91085852]]), 55.488384559493895]","[nan, nan]","['rbf.variance', 'rbf.lengthscale', 'Gaussian_noise.variance']",[2.00650876e+04 5.20043373e+01 4.54433334e+01 3.35181678e-04],1628
1,[37.21204351],[[1.10943407]],"[array([[ 0.39773303, 30.98138794]]), 55.07571981593882]","[nan, nan]","['rbf.variance', 'rbf.lengthscale', 'Gaussian_noise.variance']",[3.02289518e+04 6.15608386e+01 5.22937057e+01 1.00000000e-03],1628
2,[37.4522428],[[0.86862116]],"[array([[37.34899753,  3.74680627]]), 54.07035008725522]","[nan, nan]","['rbf.variance', 'rbf.lengthscale', 'Gaussian_noise.variance']",[3.02290054e+04 6.11517719e+01 5.48291008e+01 2.23027530e-06],1628
3,[37.10734726],[[1.22221555]],"[array([[37.09912133, 99.30167633]]), 56.117195577591495]","[nan, nan]","['rbf.variance', 'rbf.lengthscale', 'Gaussian_noise.variance']",[18825.57974316    52.58054835    42.81218375   133.88838413],1628
4,[37.78257665],[[0.5807274]],"[array([[0.50345039, 1.18851039]]), 59.03376121842444]","[nan, nan]","['rbf.variance', 'rbf.lengthscale', 'Gaussian_noise.variance']",[15798.09913586    50.9684965     37.68080385   115.65449569],1628
5,[38.20992609],[[0.28866582]],"[array([[38.24334626, 61.55040854]]), 56.45512873799388]","[nan, nan]","['rbf.variance', 'rbf.lengthscale', 'Gaussian_noise.variance']",[13053.77927161    45.89568227    37.38991432   126.78206725],1628
6,[39.39386155],[[0.01167282]],"[array([[39.41362971,  9.79411308]]), 54.659723167699084]","[nan, nan]","['rbf.variance', 'rbf.lengthscale', 'Gaussian_noise.variance']",[12182.32361196    46.5938638     34.87832751   123.3051893 ],1628
7,[39.97172615],[[0.18533466]],"[array([[40.05876315, 36.50219658]]), 66.16630176679658]","[nan, nan]","['rbf.variance', 'rbf.lengthscale', 'Gaussian_noise.variance']",[12561.71578808    45.0993353     31.46073155    70.1376433 ],1628
