,X_r,OC,KG,DL,HP_names,HP_vars,file_number
0,[53.56947721],[[34.59984941]],"[array([[ 1.95718474, 36.04936808]]), 84.33123404338782]","[nan, nan]","['rbf.variance', 'rbf.lengthscale', 'Gaussian_noise.variance']",[1.18936455e+04 2.04728304e+01 4.00185657e+01 2.89186019e-04],1790
1,[53.2556118],[[33.65827076]],"[array([[58.87900793, 43.04268495]]), 85.34662563104418]","[nan, nan]","['rbf.variance', 'rbf.lengthscale', 'Gaussian_noise.variance']",[1.02926570e+04 1.80904449e+01 3.81682406e+01 1.00000000e-03],1790
2,[38.32940075],[[0.22423198]],"[array([[ 0.23722504, 17.89540469]]), 70.2386033507676]","[nan, nan]","['rbf.variance', 'rbf.lengthscale', 'Gaussian_noise.variance']",[17194.20680227    49.75706019    38.73693554   161.98653727],1790
3,[39.49894624],[[0.02770765]],"[array([[0.21506782, 0.21701076]]), 68.47353406860549]","[nan, nan]","['rbf.variance', 'rbf.lengthscale', 'Gaussian_noise.variance']",[16714.74742229    48.33529005    38.65875531   135.33766094],1790
4,[39.00585014],[[0.01131429]],"[array([[22.49270102, 50.29098264]]), 72.45701511230153]","[nan, nan]","['rbf.variance', 'rbf.lengthscale', 'Gaussian_noise.variance']",[13246.96547005    41.88945715    35.21546617   125.15628738],1790
5,[42.90641572],[[4.14379819]],"[array([[42.93783637, 91.96772356]]), 61.50605466003915]","[nan, nan]","['rbf.variance', 'rbf.lengthscale', 'Gaussian_noise.variance']",[15994.43171927    44.59663866    40.50737393   146.1050151 ],1790
