,X_r,OC,KG,DL,HP_names,HP_vars,file_number
0,[41.30003394],[[1.37489351]],"[array([[ 1.16555097, 36.85739866]]), 35.8857867250157]","[nan, nan]","['rbf.variance', 'rbf.lengthscale', 'Gaussian_noise.variance']",[4.56762223e+03 3.75691631e+01 1.62989875e+01 9.99996351e-03],169
1,[40.4136911],[[0.45996426]],"[array([[18.97054284, 42.13870071]]), 39.972253351799694]","[nan, nan]","['rbf.variance', 'rbf.lengthscale', 'Gaussian_noise.variance']",[4.56762769e+03 3.94111157e+01 1.69778030e+01 9.83277079e-03],169
2,[36.91098902],[[1.44589877]],"[array([[54.74075184, 41.53838849]]), 54.76843766651223]","[nan, nan]","['rbf.variance', 'rbf.lengthscale', 'Gaussian_noise.variance']",[4.75362572e+03 3.91995464e+01 1.78958748e+01 1.00000000e-03],169
3,[33.19218515],[[7.59530613]],"[array([[32.71230052, 49.49658451]]), 42.50554287763508]","[nan, nan]","['rbf.variance', 'rbf.lengthscale', 'Gaussian_noise.variance']",[4737.44566027   47.82631498   15.17747068   27.61211093],169
4,[33.49356406],[[7.01917967]],"[array([[33.25857246, 15.29300954]]), 43.75432986427377]","[nan, nan]","['rbf.variance', 'rbf.lengthscale', 'Gaussian_noise.variance']",[5229.66123536   49.58718205   16.77695486   26.15392155],169
5,[32.03423562],[[9.85278912]],"[array([[99.23814298, 44.47803514]]), 41.44592994557436]","[nan, nan]","['rbf.variance', 'rbf.lengthscale', 'Gaussian_noise.variance']",[4925.62170882   49.11232963   13.62573144    9.69566714],169
6,[34.18874181],[[5.71908064]],"[array([[ 0.87033968, 47.49664155]]), 43.197802964134226]","[nan, nan]","['rbf.variance', 'rbf.lengthscale', 'Gaussian_noise.variance']",[5470.44900753   51.89643961   14.95805504   23.82715277],169
7,[35.28225143],[[3.79890801]],"[array([[35.29934341, 62.30209844]]), 48.57257523700127]","[nan, nan]","['rbf.variance', 'rbf.lengthscale', 'Gaussian_noise.variance']",[5443.77248335   46.13779931   17.31609487   55.75955023],169
