,X_r,OC,KG,DL,HP_names,HP_vars,file_number
0,[48.53069724],[[19.50037129]],"[array([[35.11884429, 46.66270215]]), 44.64538576432598]","[nan, nan]","['rbf.variance', 'rbf.lengthscale', 'Gaussian_noise.variance']",[1.75486570e+04 3.78137967e+01 4.51856573e+01 1.02854939e-02],1763
1,[41.19835206],[[1.24596959]],"[array([[60.11958443, 36.32937441]]), 59.080656955820814]","[nan, nan]","['rbf.variance', 'rbf.lengthscale', 'Gaussian_noise.variance']",[17574.31527792    47.90643011    44.55393404    35.30937724],1763
2,[36.80711656],[[1.5703881]],"[array([[2.71154628, 0.06829281]]), 48.464215750937896]","[nan, nan]","['rbf.variance', 'rbf.lengthscale', 'Gaussian_noise.variance']",[20721.09484711    53.53118771    50.08595099   109.52358297],1763
3,[37.71159943],[[0.63818247]],"[array([[26.52648236, 43.85656033]]), 47.909365812763696]","[nan, nan]","['rbf.variance', 'rbf.lengthscale', 'Gaussian_noise.variance']",[2.07210868e+04 5.17134958e+01 3.58818766e+01 9.94517407e-03],1763
4,[37.16196548],[[1.16280301]],"[array([[36.79080713, 68.89130883]]), 48.71758402403889]","[nan, nan]","['rbf.variance', 'rbf.lengthscale', 'Gaussian_noise.variance']",[1.66879503e+04 5.06451396e+01 3.60574408e+01 1.00000000e-03],1763
5,[38.57880159],[[0.11514015]],"[array([[ 4.7353398 , 38.45334211]]), 48.93470781101779]","[nan, nan]","['rbf.variance', 'rbf.lengthscale', 'Gaussian_noise.variance']",[9.85660887e+03 4.14941012e+01 3.00654425e+01 2.60962173e-04],1763
