,X_r,OC,KG,DL,HP_names,HP_vars,file_number
0,[0.00199266],[[73.88740286]],"[array([[2.62564564e-03, 6.50403013e+01]]), 36.74264756270779]","[nan, nan]","['rbf.variance', 'rbf.lengthscale', 'Gaussian_noise.variance']",[11328.910696    5579.42240096    62.14919259   762.61600753],1240
1,[99.99808554],[[173.88564482]],"[array([[32.02839989, 54.43408535]]), 27.26803468411372]","[nan, nan]","['rbf.variance', 'rbf.lengthscale', 'Gaussian_noise.variance']",[11159.57681068  5578.63201464    68.26429603  1559.96497908],1240
2,[99.99808554],[[173.88564482]],"[array([[99.95770799, 19.86360112]]), 28.013664317797033]","[nan, nan]","['rbf.variance', 'rbf.lengthscale', 'Gaussian_noise.variance']",[11166.04670029  5578.02400421    69.77496936  1405.07397337],1240
3,[49.35896329],[[21.97524316]],"[array([[3.88697308e-06, 4.11025277e+01]]), 0.010341370142214146]","[nan, nan]","['rbf.variance', 'rbf.lengthscale', 'Gaussian_noise.variance']",[1.11577120e+04 5.57852539e+03 1.45882387e+00 1.00000000e-03],1240
4,[52.54824162],[[31.53624312]],"[array([[99.99998759, 41.10255442]]), 0.5983909746608372]","[nan, nan]","['rbf.variance', 'rbf.lengthscale', 'Gaussian_noise.variance']",[8.86839246e+03 5.57835392e+03 1.28668267e+00 1.00000000e-03],1240
5,[0.00199266],[[73.88740286]],"[array([[1.23229380e-04, 3.35089506e+01]]), -2.6385435170078835]","[nan, nan]","['rbf.variance', 'rbf.lengthscale', 'Gaussian_noise.variance']",[8755.80677809 5938.77781143   43.12426356 4073.50851973],1240
6,[83.60059448],[[124.69317161]],"[0, -90000000000.0]","[nan, nan]","['rbf.variance', 'rbf.lengthscale', 'Gaussian_noise.variance']",[8.12689815e+03 5.93889851e+03 8.01446926e-06 1.00000000e-03],1240
