,X_r,OC,KG,DL,HP_names,HP_vars,file_number
0,[11.95638064],[[49.9786269]],"[array([[1.84699952e-06, 4.97091810e+01]]), 106.84261154510195]","[nan, nan]","['rbf.variance', 'rbf.lengthscale', 'Gaussian_noise.variance']",[21606.31437729    65.90364236    37.74817955   188.40497606],1964
1,[33.08059263],[[7.81012741]],"[array([[18.78582784, 48.10195007]]), 84.82548860209322]","[nan, nan]","['rbf.variance', 'rbf.lengthscale', 'Gaussian_noise.variance']",[25010.29992455    51.55449768    41.01817978    96.51566528],1964
