,X_r,OC,KG,DL,HP_names,HP_vars,file_number
0,[37.19578314],[[1.12664614]],"[array([[6.76998044e-08, 4.02722218e+01]]), 69.81665575088898]","[nan, nan]","['rbf.variance', 'rbf.lengthscale', 'Gaussian_noise.variance']",[1.26248730e+04 4.96416113e+01 4.50802658e+01 1.03448186e+01],1818
1,[37.12758065],[[1.20006064]],"[array([[ 9.5053732 , 77.89568879]]), 68.83892137021805]","[nan, nan]","['rbf.variance', 'rbf.lengthscale', 'Gaussian_noise.variance']",[1.26224292e+04 4.94197035e+01 4.86144411e+01 1.23667744e+01],1818
2,[40.83783695],[[0.83824752]],"[array([[47.07092496, 40.32009659]]), 73.36225473022463]","[nan, nan]","['rbf.variance', 'rbf.lengthscale', 'Gaussian_noise.variance']",[1.09399476e+04 5.38991351e+01 3.64239286e+01 1.00000000e-03],1818
3,[38.88366055],[[0.03006353]],"[array([[38.96048931, 27.73672848]]), 71.81771505498835]","[nan, nan]","['rbf.variance', 'rbf.lengthscale', 'Gaussian_noise.variance']",[7.41673676e+03 4.29878474e+01 3.66911538e+01 1.46891533e+00],1818
