,X_r,OC,KG,DL,HP_names,HP_vars,file_number
0,[29.26063442],[[15.37151052]],"[array([[19.2336628 , 41.15389305]]), 29.327747486634983]","[nan, nan]","['rbf.variance', 'rbf.lengthscale', 'Gaussian_noise.variance']",[7.36705259e+03 4.95035140e+01 3.43862901e+01 3.28034773e-06],192
1,[33.45533776],[[7.09189954]],"[array([[49.80232944, 41.00010169]]), 41.40470777498062]","[nan, nan]","['rbf.variance', 'rbf.lengthscale', 'Gaussian_noise.variance']",[7362.39066005   48.98298369   33.0866846    17.59434516],192
