,X_r,OC,KG,DL,HP_names,HP_vars,file_number
0,[28.40382373],[[17.08421058]],"[array([[62.89361557, 36.57757625]]), 51.02545729233434]","[nan, nan]","['rbf.variance', 'rbf.lengthscale', 'Gaussian_noise.variance']",[15129.29977951    45.32534302    40.46996005   320.24229569],155
1,[35.10545487],[[4.09566045]],"[array([[ 6.58361447, 37.99190215]]), 36.77530690734464]","[nan, nan]","['rbf.variance', 'rbf.lengthscale', 'Gaussian_noise.variance']",[1.51280649e+04 5.43478485e+01 2.00919575e+01 1.96536577e-02],155
2,[35.00750546],[[4.26266373]],"[array([[64.48691259, 35.71000174]]), 38.33488529842307]","[nan, nan]","['rbf.variance', 'rbf.lengthscale', 'Gaussian_noise.variance']",[1.10250646e+04 5.29505189e+01 1.95903977e+01 1.00000000e-03],155
3,[0.00059079],[[73.89020661]],"[array([[76.81001785, 37.02139731]]), -34.71583018506746]","[nan, nan]","['rbf.variance', 'rbf.lengthscale', 'Gaussian_noise.variance']",[8.49624395e+03 1.18803285e+05 1.24273175e+00 1.00000000e-03],155
4,[24.92700948],[[24.0373721]],"[array([[24.75484899, 86.85402648]]), 35.50699507592894]","[nan, nan]","['rbf.variance', 'rbf.lengthscale', 'Gaussian_noise.variance']",[12845.35597988    48.99034908    44.10130055   764.40551774],155
5,[25.20235411],[[23.48668446]],"[array([[25.18901712, 14.49471536]]), 36.03753600683131]","[nan, nan]","['rbf.variance', 'rbf.lengthscale', 'Gaussian_noise.variance']",[12780.38326714    49.14394602    45.3792623    698.02711134],155
6,[25.39930149],[[23.09279135]],"[array([[25.38243043, 68.97226821]]), 38.673610351127024]","[nan, nan]","['rbf.variance', 'rbf.lengthscale', 'Gaussian_noise.variance']",[12985.5367237     45.51517446    46.52850495   632.3587776 ],155
7,[25.51029358],[[22.87080834]],"[array([[1.43833758, 1.93803502]]), 38.13680432513185]","[nan, nan]","['rbf.variance', 'rbf.lengthscale', 'Gaussian_noise.variance']",[13380.52961113    46.19606115    47.12445615   569.37541763],155
8,[26.76323255],[[20.36497188]],"[array([[26.76488489,  2.21695769]]), 39.849404038382566]","[nan, nan]","['rbf.variance', 'rbf.lengthscale', 'Gaussian_noise.variance']",[12658.50297255    46.91629899    47.76684264   563.03887932],155
9,[24.23036549],[[25.43065811]],"[array([[24.2108393 , 63.66260006]]), 38.7635772753993]","[nan, nan]","['rbf.variance', 'rbf.lengthscale', 'Gaussian_noise.variance']",[14331.22598157    54.67852408    44.86919633   689.41072171],155
