,X_r,OC,KG,DL,HP_names,HP_vars,file_number
0,[0.00070029],[[73.88998749]],"[array([[ 1.19509891, 38.02346199]]), 81.61775326735129]","[nan, nan]","['rbf.variance', 'rbf.lengthscale', 'Gaussian_noise.variance']",[9.23106903e+03 6.36932099e+01 2.35973448e+01 1.20205838e-03],1799
1,[31.15876129],[[11.58606827]],"[array([[12.69189499, 39.46810747]]), 23.90659208779064]","[nan, nan]","['rbf.variance', 'rbf.lengthscale', 'Gaussian_noise.variance']",[7.57767670e+03 4.96662843e+01 2.39158629e+01 1.00000000e-03],1799
2,[28.80859982],[[16.27497958]],"[array([[44.38721015, 36.2094534 ]]), 34.62052277780767]","[nan, nan]","['rbf.variance', 'rbf.lengthscale', 'Gaussian_noise.variance']",[7563.19328959   50.28802355   23.87751787   19.06301049],1799
3,[33.15207015],[[7.67244343]],"[array([[33.16560247,  1.82915511]]), 46.46403552132022]","[nan, nan]","['rbf.variance', 'rbf.lengthscale', 'Gaussian_noise.variance']",[10889.72154586    48.89473357    39.49560228   213.53278078],1799
4,[33.12559576],[[7.72340461]],"[array([[33.12674919, 99.99984922]]), 47.49691716038601]","[nan, nan]","['rbf.variance', 'rbf.lengthscale', 'Gaussian_noise.variance']",[11484.06767829    49.5850275     39.37197043   171.54876937],1799
5,[34.1962393],[[5.70532811]],"[array([[25.60212728, 37.36877768]]), 83.45121178031964]","[nan, nan]","['rbf.variance', 'rbf.lengthscale', 'Gaussian_noise.variance']",[5.37799771e+03 2.36572015e+01 2.57557555e+01 1.00000000e-03],1799
