,X_r,OC,KG,DL,HP_names,HP_vars,file_number
0,[31.8827594],[[10.1515761]],"[array([[17.87335338, 35.32475996]]), 72.1558655900561]","[nan, nan]","['rbf.variance', 'rbf.lengthscale', 'Gaussian_noise.variance']",[7.52959081e+03 3.36140170e+01 3.00798080e+01 9.99503671e-03],1638
1,[36.40458898],[[2.09020124]],"[array([[52.94888952, 36.63020499]]), 65.6127160694931]","[nan, nan]","['rbf.variance', 'rbf.lengthscale', 'Gaussian_noise.variance']",[7.52958874e+03 3.24866602e+01 3.15771613e+01 1.00003482e-02],1638
2,[37.90947057],[[0.48422686]],"[array([[ 0.09023314, 48.21466026]]), 66.75562825590008]","[nan, nan]","['rbf.variance', 'rbf.lengthscale', 'Gaussian_noise.variance']",[8763.06642596   35.13546846   36.13958738   24.69995981],1638
3,[37.37751557],[[0.94079622]],"[array([[18.93000161, 53.6352886 ]]), 66.80992816457861]","[nan, nan]","['rbf.variance', 'rbf.lengthscale', 'Gaussian_noise.variance']",[8759.70283866   37.04049224   37.45324598   27.15952529],1638
4,[38.15318678],[[0.32196213]],"[array([[38.08670637, 57.52622539]]), 63.59241586555526]","[nan, nan]","['rbf.variance', 'rbf.lengthscale', 'Gaussian_noise.variance']",[8754.61981794   37.20427586   36.21891401   23.16834748],1638
5,[36.96009506],[[1.38850823]],"[array([[36.98007193, 38.49852319]]), 58.42761389000341]","[nan, nan]","['rbf.variance', 'rbf.lengthscale', 'Gaussian_noise.variance']",[10734.29138142    44.01374285    36.57414931    30.47972562],1638
6,[36.83852267],[[1.53231104]],"[array([[36.8391739 , 86.38270683]]), 63.912318847705265]","[nan, nan]","['rbf.variance', 'rbf.lengthscale', 'Gaussian_noise.variance']",[9271.27635916   40.48168009   35.21607091   67.1020261 ],1638
7,[36.89015124],[[1.47053824]],"[array([[36.89654631, 62.49570122]]), 63.988140278465096]","[nan, nan]","['rbf.variance', 'rbf.lengthscale', 'Gaussian_noise.variance']",[9403.52580671   40.73457802   35.72998878   58.27623112],1638
