,X_r,OC,KG,DL,HP_names,HP_vars,file_number
0,[3.67876344],[[66.53386131]],"[array([[7.61192477e-07, 4.37268719e+01]]), 83.35009414582468]","[nan, nan]","['rbf.variance', 'rbf.lengthscale', 'Gaussian_noise.variance']",[1.14086560e+04 6.81293194e+01 2.59706313e+01 9.99168254e-03],1981
1,[27.50710731],[[18.87731403]],"[array([[91.57845805, 57.69400103]]), 37.62987676629498]","[nan, nan]","['rbf.variance', 'rbf.lengthscale', 'Gaussian_noise.variance']",[10298.18023182    47.43218049    36.80506008   273.97328765],1981
