,X_r,OC,KG,DL,HP_names,HP_vars,file_number
0,[43.08954423],[[4.53607157]],"[array([[27.81829828, 41.00441977]]), 80.31321467489792]","[nan, nan]","['rbf.variance', 'rbf.lengthscale', 'Gaussian_noise.variance']",[9.51532758e+03 3.69154293e+01 3.26077958e+01 8.57704359e-05],1951
1,[45.56542812],[[10.83717199]],"[array([[33.18456737, 41.02528241]]), 71.9283735791564]","[nan, nan]","['rbf.variance', 'rbf.lengthscale', 'Gaussian_noise.variance']",[1.32086705e+04 4.01440092e+01 4.15782544e+01 1.00000000e-03],1951
