,X_r,OC,KG,DL,HP_names,HP_vars,file_number
0,[26.41059575],[[21.07022538]],"[array([[9.01344557, 1.76916823]]), 56.10373133718465]","[nan, nan]","['rbf.variance', 'rbf.lengthscale', 'Gaussian_noise.variance']",[16767.16216425    54.41335834    43.50682321   253.06412867],1821
1,[30.10874378],[[13.67771869]],"[array([[22.60559692, 50.39152285]]), 69.42354916001892]","[nan, nan]","['rbf.variance', 'rbf.lengthscale', 'Gaussian_noise.variance']",[1.17197227e+04 3.05219767e+01 4.38845669e+01 1.00000000e-03],1821
2,[28.04347411],[[17.80473141]],"[array([[ 0.74373121, 36.86952011]]), 50.05664505152666]","[nan, nan]","['rbf.variance', 'rbf.lengthscale', 'Gaussian_noise.variance']",[17157.73692061    55.31345353    46.5028494    203.2345511 ],1821
3,[32.84813494],[[8.25986061]],"[array([[32.9541956 ,  8.88839392]]), 52.580021576015746]","[nan, nan]","['rbf.variance', 'rbf.lengthscale', 'Gaussian_noise.variance']",[13547.49582382    43.70926525    45.48614079   170.27773858],1821
