,X_r,OC,KG,DL,HP_names,HP_vars,file_number
0,[44.07243552],[[6.8474032]],"[array([[81.77923832, 42.20276535]]), 42.456188392130784]","[nan, nan]","['rbf.variance', 'rbf.lengthscale', 'Gaussian_noise.variance']",[6.63269171e+03 6.37666482e+01 1.42395097e+01 1.00000000e-03],1963
1,[32.5196172],[[8.89985507]],"[array([[ 6.80637651, 39.94902038]]), 58.643317925768926]","[nan, nan]","['rbf.variance', 'rbf.lengthscale', 'Gaussian_noise.variance']",[6.63275237e+03 4.41771585e+01 1.54567064e+01 1.00241954e-02],1963
