,X_r,OC,KG,DL,HP_names,HP_vars,file_number
0,[39.36206425],[[0.00817038]],"[array([[64.71513639, 41.39510386]]), 51.91792858080423]","[nan, nan]","['rbf.variance', 'rbf.lengthscale', 'Gaussian_noise.variance']",[5696.58748517   36.76332521   30.76911786   88.0517724 ],1792
1,[37.21952488],[[1.10155271]],"[array([[ 0.07231461, 28.58326979]]), 49.73440784086278]","[nan, nan]","['rbf.variance', 'rbf.lengthscale', 'Gaussian_noise.variance']",[5489.44475277   37.22714017   32.7053331    90.85272929],1792
2,[37.25663664],[[1.06281269]],"[array([[91.40344247, 12.7993591 ]]), 48.616613874940064]","[nan, nan]","['rbf.variance', 'rbf.lengthscale', 'Gaussian_noise.variance']",[5555.15080541   38.58673928   35.59030203   89.12515605],1792
3,[39.23510303],[[0.00040179]],"[array([[39.20663395, 78.77839771]]), 45.48750120909367]","[nan, nan]","['rbf.variance', 'rbf.lengthscale', 'Gaussian_noise.variance']",[29063.43972382    61.51062344    65.78490406   153.32637315],1792
4,[40.01144327],[[0.20498232]],"[array([[40.02428711, 87.87465824]]), 40.26028982521527]","[nan, nan]","['rbf.variance', 'rbf.lengthscale', 'Gaussian_noise.variance']",[29062.40876765    58.86622691    70.02499485   179.2613638 ],1792
5,[40.51112015],[[0.53699465]],"[array([[40.48935558,  2.32654053]]), 39.61239404516191]","[nan, nan]","['rbf.variance', 'rbf.lengthscale', 'Gaussian_noise.variance']",[29043.11926517    56.92438905    68.94509017   156.85378647],1792
