,X_r,OC,KG,DL,HP_names,HP_vars,file_number
0,[40.35446398],[[0.41603715]],"[array([[39.65825086, 47.47680168]]), 74.85979501622819]","[nan, nan]","['rbf.variance', 'rbf.lengthscale', 'Gaussian_noise.variance']",[1.12351268e+04 3.59971293e+01 3.45137317e+01 1.00000000e-03],1681
1,[52.60804687],[[31.71564829]],"[array([[92.16568961, 38.85927206]]), 78.77281125629072]","[nan, nan]","['rbf.variance', 'rbf.lengthscale', 'Gaussian_noise.variance']",[1.21312834e+04 3.94286337e+01 3.29072367e+01 1.00000000e-03],1681
2,[48.71655179],[[20.05496188]],"[array([[62.29575232, 37.03677083]]), 73.2586077221137]","[nan, nan]","['rbf.variance', 'rbf.lengthscale', 'Gaussian_noise.variance']",[1.19190782e+04 3.32391977e+01 3.89180934e+01 1.00000000e-03],1681
3,[45.99421341],[[12.05084979]],"[array([[46.34607136, 27.01185791]]), 69.96919160311755]","[nan, nan]","['rbf.variance', 'rbf.lengthscale', 'Gaussian_noise.variance']",[8.85060933e+03 2.54427685e+01 4.07231300e+01 1.00000000e-03],1681
4,[38.47212595],[[0.15753707]],"[array([[3.86034002e+01, 7.31269678e-03]]), 63.92293826161856]","[nan, nan]","['rbf.variance', 'rbf.lengthscale', 'Gaussian_noise.variance']",[11990.62440383    39.29176999    40.73555545    35.42525982],1681
5,[36.44269678],[[2.03857286]],"[array([[36.41144309, 76.53165565]]), 66.64936603190851]","[nan, nan]","['rbf.variance', 'rbf.lengthscale', 'Gaussian_noise.variance']",[15042.76218649    41.84025686    46.17160157    43.48566894],1681
6,[36.31511978],[[2.21328823]],"[array([[36.29319645, 33.72821453]]), 65.71009787341751]","[nan, nan]","['rbf.variance', 'rbf.lengthscale', 'Gaussian_noise.variance']",[16935.62302167    45.40726602    49.18927187    57.8113034 ],1681
7,[36.07897176],[[2.55024817]],"[array([[ 0.1511953 , 65.78154059]]), 66.81312904813369]","[nan, nan]","['rbf.variance', 'rbf.lengthscale', 'Gaussian_noise.variance']",[15841.3688798     43.75332439    48.14124579    46.20824249],1681
