,X_r,OC,KG,DL,HP_names,HP_vars,file_number
0,[32.15644411],[[9.61217179]],"[array([[32.37157739, 33.84991003]]), 60.48862447508082]","[nan, nan]","['rbf.variance', 'rbf.lengthscale', 'Gaussian_noise.variance']",[2.27532454e+04 5.55928380e+01 7.10864958e+01 1.00000000e-03],1998
1,[32.26592739],[[9.39697726]],"[array([[32.26257892, 51.78599504]]), 65.43386049946372]","[nan, nan]","['rbf.variance', 'rbf.lengthscale', 'Gaussian_noise.variance']",[16352.90808645    47.39526766    56.73322387    59.25672802],1998
