,X_r,OC,KG,DL,HP_names,HP_vars,file_number
0,[32.68368211],[[8.57964972]],"[array([[2.58036857e-07, 2.54082736e+01]]), 41.92496988745558]","[nan, nan]","['rbf.variance', 'rbf.lengthscale', 'Gaussian_noise.variance']",[22435.0425213     53.88712492    54.33947641   179.36755368],193
1,[35.41023844],[[3.5880953]],"[array([[49.3494525 ,  0.16923336]]), 40.53152652716856]","[nan, nan]","['rbf.variance', 'rbf.lengthscale', 'Gaussian_noise.variance']",[22346.84267023    55.63909929    55.45143306   181.86096268],193
