,X_r,OC,KG,DL,HP_names,HP_vars,file_number
0,[33.76942119],[[6.49786985]],"[array([[15.64922449, 43.47232741]]), 51.22086959283765]","[nan, nan]","['rbf.variance', 'rbf.lengthscale', 'Gaussian_noise.variance']",[3.04642696e+04 3.90154531e+01 7.48224532e+01 1.11147788e-02],1676
1,[34.43456718],[[5.27175219]],"[array([[34.16510685, 60.66522589]]), 50.22481535390769]","[nan, nan]","['rbf.variance', 'rbf.lengthscale', 'Gaussian_noise.variance']",[3.04639539e+04 3.99498681e+01 7.71124971e+01 9.68302711e-06],1676
2,[34.37060285],[[5.38741209]],"[array([[78.77625688, 30.51170902]]), 49.34042007800825]","[nan, nan]","['rbf.variance', 'rbf.lengthscale', 'Gaussian_noise.variance']",[2.61350419e+04 3.95508567e+01 7.26901441e+01 2.71753768e+00],1676
3,[30.29941401],[[13.29730942]],"[array([[62.24169944, 35.51116639]]), 42.78552213886918]","[nan, nan]","['rbf.variance', 'rbf.lengthscale', 'Gaussian_noise.variance']",[2.35507436e+04 3.14951915e+01 6.58174159e+01 2.68888582e+00],1676
4,[30.699619],[[12.49958015]],"[array([[67.12523482, 80.27504666]]), 44.41771068037876]","[nan, nan]","['rbf.variance', 'rbf.lengthscale', 'Gaussian_noise.variance']",[4.34917581e+04 3.35629720e+01 9.07399767e+01 3.70572806e+00],1676
5,[30.45817371],[[12.98072223]],"[array([[30.46602109, 11.38485115]]), 43.10564336570506]","[nan, nan]","['rbf.variance', 'rbf.lengthscale', 'Gaussian_noise.variance']",[5.45662208e+04 3.54788706e+01 9.79191451e+01 3.17702822e+00],1676
6,[30.70105086],[[12.49672814]],"[array([[30.68390438, 98.50541041]]), 43.96068099098976]","[nan, nan]","['rbf.variance', 'rbf.lengthscale', 'Gaussian_noise.variance']",[5.51571139e+04 3.56807273e+01 1.00027677e+02 2.56232542e+00],1676
7,[32.278567],[[9.37215726]],"[array([[32.25465079, 57.00223149]]), 48.48233228786574]","[nan, nan]","['rbf.variance', 'rbf.lengthscale', 'Gaussian_noise.variance']",[2.54652223e+04 3.04775581e+01 6.57849315e+01 2.86309332e+00],1676
