,X_r,OC,KG,DL,HP_names,HP_vars,file_number
0,[28.31856698],[[17.25467432]],"[array([[ 0.38112515, 38.52021768]]), 91.0036042095823]","[nan, nan]","['rbf.variance', 'rbf.lengthscale', 'Gaussian_noise.variance']",[9.99870147e+03 3.80249486e+01 3.20266701e+01 1.17851815e-04],1925
1,[40.74569546],[[0.74663612]],"[array([[31.01771919, 40.56709406]]), 68.21794740351842]","[nan, nan]","['rbf.variance', 'rbf.lengthscale', 'Gaussian_noise.variance']",[8.32566673e+03 3.39401212e+01 3.03687952e+01 1.00000000e-03],1925
