,X_r,OC,KG,DL,HP_names,HP_vars,file_number
0,[44.19261349],[[7.15046185]],"[array([[ 1.7088043 , 38.91155767]]), 71.64551878096842]","[nan, nan]","['rbf.variance', 'rbf.lengthscale', 'Gaussian_noise.variance']",[1.24314184e+04 3.39332567e+01 4.26924853e+01 9.99227943e-03],1972
1,[43.81548762],[[6.21303334]],"[array([[20.11756153, 51.55429319]]), 74.82764487028254]","[nan, nan]","['rbf.variance', 'rbf.lengthscale', 'Gaussian_noise.variance']",[1.50961659e+04 3.05494494e+01 6.01769657e+01 1.00000000e-03],1972
