,X_r,OC,KG,DL,HP_names,HP_vars,file_number
0,[35.09265504],[[4.11738217]],"[array([[ 0.50097219, 37.32826305]]), 40.091171838202385]","[nan, nan]","['rbf.variance', 'rbf.lengthscale', 'Gaussian_noise.variance']",[12868.63347569    45.89493519    47.45571087    57.32156136],1737
1,[35.38427621],[[3.63057435]],"[array([[3.02970559e+01, 5.96040709e-06]]), 40.950815388888195]","[nan, nan]","['rbf.variance', 'rbf.lengthscale', 'Gaussian_noise.variance']",[12827.38374956    47.83704234    46.33204937    42.73454907],1737
2,[32.50295191],[[8.93244115]],"[array([[99.99999964, 40.32276   ]]), 45.75912223917308]","[nan, nan]","['rbf.variance', 'rbf.lengthscale', 'Gaussian_noise.variance']",[12819.24550847    44.23921781    49.3043336     81.1380269 ],1737
3,[35.21962112],[[3.90331933]],"[array([[ 1.26852328, 96.10363715]]), 42.23962782355088]","[nan, nan]","['rbf.variance', 'rbf.lengthscale', 'Gaussian_noise.variance']",[12820.52710185    51.95566685    44.87179595   112.48808484],1737
4,[35.62214847],[[3.24707725]],"[array([[35.62996949,  9.88225442]]), 42.311363592196685]","[nan, nan]","['rbf.variance', 'rbf.lengthscale', 'Gaussian_noise.variance']",[12819.74603245    50.45608589    44.45949141    93.95124194],1737
5,[32.71045004],[[8.52751414]],"[array([[28.88263595, 48.38155451]]), 46.360250781869276]","[nan, nan]","['rbf.variance', 'rbf.lengthscale', 'Gaussian_noise.variance']",[12819.82077052    35.79301428    48.90859551    16.53874736],1737
