,X_r,OC,KG,DL,HP_names,HP_vars,file_number
0,[1.19171827],[[71.50795163]],"[array([[2.05222674e-07, 3.39879210e+01]]), 153.4144296009036]","[nan, nan]","['rbf.variance', 'rbf.lengthscale', 'Gaussian_noise.variance']",[1.99935455e+04 6.46266287e+01 2.85018632e+01 4.08481148e-04],1670
1,[29.52130771],[[14.8506832]],"[array([[18.93955617, 29.37874314]]), 98.95811274172667]","[nan, nan]","['rbf.variance', 'rbf.lengthscale', 'Gaussian_noise.variance']",[1.99933834e+04 3.25301604e+01 4.24874997e+01 1.00384139e-02],1670
2,[32.88976669],[[8.1791091]],"[array([[ 1.07434561, 97.60033518]]), 71.0855851266923]","[nan, nan]","['rbf.variance', 'rbf.lengthscale', 'Gaussian_noise.variance']",[23697.75563519    48.61030289    48.6964603    379.8399335 ],1670
3,[35.16482407],[[3.99531987]],"[array([[12.84196411, 26.70597842]]), 98.78316494551461]","[nan, nan]","['rbf.variance', 'rbf.lengthscale', 'Gaussian_noise.variance']",[2.36977356e+04 2.62581927e+01 5.10509026e+01 1.02960895e-02],1670
4,[34.13864317],[[5.81114295]],"[array([[97.87966263, 90.51075853]]), 71.44287113558423]","[nan, nan]","['rbf.variance', 'rbf.lengthscale', 'Gaussian_noise.variance']",[23668.97797675    49.07919475    45.27701633   200.251317  ],1670
5,[34.15101091],[[5.78838904]],"[array([[34.14990665, 36.89294806]]), 71.75524725384464]","[nan, nan]","['rbf.variance', 'rbf.lengthscale', 'Gaussian_noise.variance']",[26296.27016546    51.53119027    46.47866625   158.44399161],1670
6,[38.97749865],[[0.01487037]],"[array([[60.96126349, 34.22438384]]), 72.57762841257372]","[nan, nan]","['rbf.variance', 'rbf.lengthscale', 'Gaussian_noise.variance']",[2.62962617e+04 3.60961660e+01 3.63597184e+01 1.03261864e+00],1670
7,[38.77820836],[[0.05336177]],"[array([[38.50088305, 36.95729593]]), 71.89911697105188]","[nan, nan]","['rbf.variance', 'rbf.lengthscale', 'Gaussian_noise.variance']",[1.17689061e+04 3.21283640e+01 2.74531907e+01 1.00000000e-03],1670
