,X_r,OC,KG,DL,HP_names,HP_vars,file_number
0,[35.47994111],[[3.47478777]],"[array([[55.89846527, 38.52259311]]), 85.06997384231767]","[nan, nan]","['rbf.variance', 'rbf.lengthscale', 'Gaussian_noise.variance']",[5.87700092e+03 2.46827797e+01 1.77981722e+01 1.00000000e-02],1957
1,[31.52357639],[[10.86209909]],"[array([[19.69015547, 36.54949513]]), 87.17392153365982]","[nan, nan]","['rbf.variance', 'rbf.lengthscale', 'Gaussian_noise.variance']",[7.64327270e+03 2.22100883e+01 3.58613335e+01 1.00000000e-03],1957
