,X_r,OC,KG,DL,HP_names,HP_vars,file_number
0,[31.02449161],[[11.85297987]],"[array([[ 0.03767872, 25.80985859]]), 35.99508561721136]","[nan, nan]","['rbf.variance', 'rbf.lengthscale', 'Gaussian_noise.variance']",[19962.03971736    61.4467595     55.61725489   124.50810597],1642
1,[31.91907458],[[10.07989297]],"[array([[54.38713691, 41.95526267]]), 46.01299579829246]","[nan, nan]","['rbf.variance', 'rbf.lengthscale', 'Gaussian_noise.variance']",[19935.97584589    50.87369551    30.45033108    36.50054502],1642
2,[36.32308082],[[2.20223097]],"[array([[99.99999979, 68.59738191]]), 39.499158189504506]","[nan, nan]","['rbf.variance', 'rbf.lengthscale', 'Gaussian_noise.variance']",[18756.02919256    57.23056942    59.4407297    136.62688496],1642
3,[38.38168192],[[0.19849051]],"[array([[37.78081097, 33.85113785]]), 52.862676758742566]","[nan, nan]","['rbf.variance', 'rbf.lengthscale', 'Gaussian_noise.variance']",[1.04213034e+04 4.64046668e+01 2.79773482e+01 1.00000000e-03],1642
4,[33.3871991],[[7.2217898]],"[array([[33.41433029, 96.01910321]]), 47.249178717490274]","[nan, nan]","['rbf.variance', 'rbf.lengthscale', 'Gaussian_noise.variance']",[17451.84219539    59.05707892    53.59012265   324.89296586],1642
5,[33.54921332],[[6.91351473]],"[array([[33.57742509, 94.2024194 ]]), 47.82516384846879]","[nan, nan]","['rbf.variance', 'rbf.lengthscale', 'Gaussian_noise.variance']",[16511.55215675    58.45723521    52.27564552   286.49138528],1642
6,[33.69964293],[[6.62912979]],"[array([[33.74309106, 75.88759632]]), 48.201951298983246]","[nan, nan]","['rbf.variance', 'rbf.lengthscale', 'Gaussian_noise.variance']",[15726.9570821     57.74731697    50.93327178   252.96858409],1642
7,[34.27798603],[[5.55581431]],"[array([[34.29833948, 50.48976099]]), 47.35771632179487]","[nan, nan]","['rbf.variance', 'rbf.lengthscale', 'Gaussian_noise.variance']",[14327.09461233    55.75291097    48.19667558   245.04721673],1642
