,X_r,OC,KG,DL,HP_names,HP_vars,file_number
0,[51.85605269],[[29.45987969]],"[array([[54.16311623, 44.00236178]]), 76.08235423742629]","[nan, nan]","['rbf.variance', 'rbf.lengthscale', 'Gaussian_noise.variance']",[1.68397156e+04 3.43840369e+01 4.37982543e+01 7.04918951e-05],1677
1,[47.08621798],[[15.21878459]],"[array([[ 0.7306022 , 38.34396701]]), 69.60489859470619]","[nan, nan]","['rbf.variance', 'rbf.lengthscale', 'Gaussian_noise.variance']",[1.68397186e+04 3.37101264e+01 4.83558172e+01 9.76609687e-03],1677
2,[47.15905194],[[15.43286149]],"[array([[38.99115494, 30.75794532]]), 67.9448419980193]","[nan, nan]","['rbf.variance', 'rbf.lengthscale', 'Gaussian_noise.variance']",[1.76476076e+04 3.43724695e+01 5.06269275e+01 1.00000000e-03],1677
3,[46.36745369],[[13.12319698]],"[array([[46.13936362, 45.76915234]]), 68.55770330143393]","[nan, nan]","['rbf.variance', 'rbf.lengthscale', 'Gaussian_noise.variance']",[1.76473675e+04 3.30819237e+01 5.23345880e+01 3.97810188e-06],1677
4,[46.30833396],[[12.95249611]],"[array([[46.3025757 , 55.67855568]]), 71.52375904747053]","[nan, nan]","['rbf.variance', 'rbf.lengthscale', 'Gaussian_noise.variance']",[1.68447598e+04 3.06301746e+01 5.50822645e+01 2.57646268e+00],1677
5,[45.66479884],[[11.11645272]],"[array([[45.65365735, 43.74647423]]), 73.80701535345536]","[nan, nan]","['rbf.variance', 'rbf.lengthscale', 'Gaussian_noise.variance']",[1.16690745e+04 3.69964293e+01 3.26236697e+01 8.45567294e+00],1677
6,[45.60963694],[[10.9612613]],"[array([[45.75328355,  1.56152682]]), 77.38275026755821]","[nan, nan]","['rbf.variance', 'rbf.lengthscale', 'Gaussian_noise.variance']",[10795.36749587    38.71345699    28.47525481    21.98565399],1677
7,[45.8041758],[[11.51026505]],"[array([[45.82211752,  6.58975169]]), 76.15696759204035]","[nan, nan]","['rbf.variance', 'rbf.lengthscale', 'Gaussian_noise.variance']",[10811.22688417    36.9628456     30.77106695    23.73380604],1677
