,X_r,OC,KG,DL,HP_names,HP_vars,file_number
0,[33.18621964],[[7.60677109]],"[array([[ 0.08127536, 32.03341084]]), 28.888884660163463]","[nan, nan]","['rbf.variance', 'rbf.lengthscale', 'Gaussian_noise.variance']",[1.74264908e+04 6.00590287e+01 5.31143609e+01 2.38717925e-04],1955
1,[32.3668698],[[9.19890625]],"[array([[ 5.24448514, 33.79379838]]), 27.2800104567367]","[nan, nan]","['rbf.variance', 'rbf.lengthscale', 'Gaussian_noise.variance']",[1.61750309e+04 6.09123698e+01 5.28972546e+01 1.00000000e-03],1955
