,X_r,OC,KG,DL,HP_names,HP_vars,file_number
0,[11.01356243],[[51.8642631]],"[array([[ 2.77824247, 38.41880572]]), 95.38360871315493]","[nan, nan]","['rbf.variance', 'rbf.lengthscale', 'Gaussian_noise.variance']",[2.18205845e+04 7.77154809e+01 2.94590494e+01 7.77765633e-04],1924
1,[35.36279948],[[3.66582478]],"[array([[36.14392729, 98.24521733]]), 63.823450323744915]","[nan, nan]","['rbf.variance', 'rbf.lengthscale', 'Gaussian_noise.variance']",[21772.33990287    45.76898752    49.64530068   123.12739746],1924
