,X_r,OC,KG,DL,HP_names,HP_vars,file_number
0,[42.22381247],[[2.80961061]],"[array([[48.7762033 , 39.02906489]]), 69.77677786168108]","[nan, nan]","['rbf.variance', 'rbf.lengthscale', 'Gaussian_noise.variance']",[3.29008314e+04 5.68792761e+01 6.43623784e+01 1.74996313e-05],1621
1,[30.17989757],[[13.53573693]],"[array([[1.08004884e-06, 3.65802861e+01]]), 70.18595994790262]","[nan, nan]","['rbf.variance', 'rbf.lengthscale', 'Gaussian_noise.variance']",[9429.09626667   42.95128994   31.94440172   28.71463715],1621
2,[36.96221833],[[1.38604832]],"[array([[97.06435836, 15.86386368]]), 63.10037482894908]","[nan, nan]","['rbf.variance', 'rbf.lengthscale', 'Gaussian_noise.variance']",[9867.78039442   42.00706103   38.02651437   62.53901549],1621
3,[39.17732511],[[0.00014138]],"[array([[39.17679558, 87.81634239]]), 61.47448390918379]","[nan, nan]","['rbf.variance', 'rbf.lengthscale', 'Gaussian_noise.variance']",[19077.5003401     53.76757594    52.74026562    71.77331148],1621
4,[39.93118971],[[0.16630762]],"[array([[39.92230091, 24.90592676]]), 60.4580824421106]","[nan, nan]","['rbf.variance', 'rbf.lengthscale', 'Gaussian_noise.variance']",[17969.85036624    52.78257675    57.324831      88.0948965 ],1621
5,[39.43346074],[[0.01691016]],"[array([[39.43198806, 79.67432855]]), 57.61996121788427]","[nan, nan]","['rbf.variance', 'rbf.lengthscale', 'Gaussian_noise.variance']",[17969.73691516    55.3797038     54.14122428    82.97821183],1621
6,[39.28919217],[[0.0024989]],"[array([[39.30561773, 21.74449248]]), 58.005757691922966]","[nan, nan]","['rbf.variance', 'rbf.lengthscale', 'Gaussian_noise.variance']",[17969.67592017    56.10676979    52.39386496    69.36364326],1621
7,[39.26400816],[[0.0012991]],"[array([[39.27393204, 89.7110505 ]]), 58.291605178797134]","[nan, nan]","['rbf.variance', 'rbf.lengthscale', 'Gaussian_noise.variance']",[18152.02447247    56.6701328     52.94725417    62.95940083],1621
