,X_r,OC,KG,DL,HP_names,HP_vars,file_number
0,[32.99116968],[[7.98279106]],"[array([[ 0.5332135 , 75.93239341]]), 37.17690114489711]","[nan, nan]","['rbf.variance', 'rbf.lengthscale', 'Gaussian_noise.variance']",[18717.36034927    51.9412571     48.13190687    46.57744359],1791
1,[33.08732904],[[7.79713838]],"[array([[99.99999986, 33.010054  ]]), 34.1934217847327]","[nan, nan]","['rbf.variance', 'rbf.lengthscale', 'Gaussian_noise.variance']",[18712.87563626    51.98001616    48.4577606     36.79067123],1791
2,[32.21352749],[[9.4999261]],"[array([[ 0.14181284, 53.14847341]]), 36.21436389725079]","[nan, nan]","['rbf.variance', 'rbf.lengthscale', 'Gaussian_noise.variance']",[14105.2109633     48.66462384    43.69103701    22.74573617],1791
3,[32.89052284],[[8.17764302]],"[array([[6.97980985e-07, 1.13664739e+01]]), 35.710987095039144]","[nan, nan]","['rbf.variance', 'rbf.lengthscale', 'Gaussian_noise.variance']",[14106.03287445    51.25996232    43.23042983    24.0663783 ],1791
4,[32.98140853],[[8.00166522]],"[array([[12.49240591,  0.02564037]]), 37.40282304967288]","[nan, nan]","['rbf.variance', 'rbf.lengthscale', 'Gaussian_noise.variance']",[14105.82128183    50.14608295    45.48184669    22.0196209 ],1791
5,[33.11015972],[[7.75313697]],"[array([[14.60314549, 98.78399336]]), 38.226234679216645]","[nan, nan]","['rbf.variance', 'rbf.lengthscale', 'Gaussian_noise.variance']",[14105.65928978    50.17088222    45.93925816    18.18911772],1791
