,X_r,OC,KG,DL,HP_names,HP_vars,file_number
0,[16.39506438],[[41.1012594]],"[array([[ 0.24281856, 40.79855571]]), 118.378279027872]","[nan, nan]","['rbf.variance', 'rbf.lengthscale', 'Gaussian_noise.variance']",[1.10225247e+04 4.66062794e+01 2.53253481e+01 9.98080375e-03],1784
1,[34.20729325],[[5.68506408]],"[array([[19.49768087, 37.30066196]]), 87.91100865177435]","[nan, nan]","['rbf.variance', 'rbf.lengthscale', 'Gaussian_noise.variance']",[9.67247944e+03 3.60408427e+01 2.66371099e+01 1.00000000e-03],1784
2,[39.73237468],[[0.08798273]],"[array([[60.28722582, 39.94018197]]), 87.06105708378634]","[nan, nan]","['rbf.variance', 'rbf.lengthscale', 'Gaussian_noise.variance']",[8.89936613e+03 2.93486136e+01 2.86169366e+01 1.00000000e-03],1784
3,[38.60073734],[[0.10722303]],"[array([[ 8.87145203, 36.78508763]]), 82.9699796087411]","[nan, nan]","['rbf.variance', 'rbf.lengthscale', 'Gaussian_noise.variance']",[8899.68436074   29.55722004   29.18169466   10.26645519],1784
4,[39.14166174],[[0.00099721]],"[array([[39.02116573, 40.76592547]]), 65.19707763938545]","[nan, nan]","['rbf.variance', 'rbf.lengthscale', 'Gaussian_noise.variance']",[6.67449368e+03 3.18745922e+01 1.84984169e+01 1.00000000e-03],1784
5,[38.84851539],[[0.03710006]],"[array([[38.86355615,  9.80929405]]), 76.74113783110175]","[nan, nan]","['rbf.variance', 'rbf.lengthscale', 'Gaussian_noise.variance']",[8286.73573326   31.02207813   26.11349809   11.41533195],1784
