,X_r,OC,KG,DL,HP_names,HP_vars,file_number
0,[39.46480992],[[0.02174635]],"[array([[61.74781686, 37.03234761]]), 40.07765760924769]","[nan, nan]","['rbf.variance', 'rbf.lengthscale', 'Gaussian_noise.variance']",[2.02898622e+04 4.73520779e+01 5.02670240e+01 1.64712571e+01],1693
1,[52.70818161],[[32.01603679]],"[array([[99.67271866, 40.14154264]]), 50.572473670122235]","[nan, nan]","['rbf.variance', 'rbf.lengthscale', 'Gaussian_noise.variance']",[2.91576336e+04 4.98547839e+01 4.66424957e+01 1.00000000e-03],1693
2,[51.87503462],[[29.51681717]],"[array([[35.77695959, 28.10275761]]), 55.405209212098406]","[nan, nan]","['rbf.variance', 'rbf.lengthscale', 'Gaussian_noise.variance']",[2.02092550e+04 4.01702482e+01 4.08542670e+01 1.00000000e-03],1693
3,[43.75545031],[[6.06763598]],"[array([[ 0.6063327 , 77.36040667]]), 51.61488784782523]","[nan, nan]","['rbf.variance', 'rbf.lengthscale', 'Gaussian_noise.variance']",[38326.95712125    55.41102134    58.22686521   110.72645232],1693
4,[44.23454288],[[7.25709721]],"[array([[44.23417618, 54.96844085]]), 50.51602699633941]","[nan, nan]","['rbf.variance', 'rbf.lengthscale', 'Gaussian_noise.variance']",[38883.19436735    54.84152468    63.49767512   106.91584587],1693
5,[44.60056672],[[8.20632327]],"[array([[44.59129122, 82.72915035]]), 53.53523955038261]","[nan, nan]","['rbf.variance', 'rbf.lengthscale', 'Gaussian_noise.variance']",[32477.37627354    53.1417509     56.32820423    88.84527241],1693
6,[44.80065973],[[8.73795945]],"[array([[44.78335422, 87.55958996]]), 53.08181514147964]","[nan, nan]","['rbf.variance', 'rbf.lengthscale', 'Gaussian_noise.variance']",[35513.23901014    54.05151775    59.86435459    78.2391865 ],1693
7,[44.95599545],[[9.15622019]],"[array([[44.94435677, 95.06145348]]), 52.95135125920729]","[nan, nan]","['rbf.variance', 'rbf.lengthscale', 'Gaussian_noise.variance']",[38257.7483148     54.89564418    62.33251549    69.10082902],1693
