,X_r,OC,KG,DL,HP_names,HP_vars,file_number
0,[34.75727981],[[4.69700353]],"[array([[ 8.09611109, 40.11535492]]), 75.58970981460652]","[nan, nan]","['rbf.variance', 'rbf.lengthscale', 'Gaussian_noise.variance']",[7.13902446e+03 3.65027516e+01 3.38732772e+01 1.00000000e-03],1690
1,[36.80622858],[[1.57146983]],"[array([[41.8537994 , 36.29766092]]), 73.15033723106494]","[nan, nan]","['rbf.variance', 'rbf.lengthscale', 'Gaussian_noise.variance']",[6.97051650e+03 3.40278854e+01 3.74327485e+01 1.00000000e-03],1690
2,[36.30359182],[[2.22933569]],"[array([[36.30938596, 37.67150212]]), 66.73118302456508]","[nan, nan]","['rbf.variance', 'rbf.lengthscale', 'Gaussian_noise.variance']",[8096.50576146   35.49799114   43.29960047   27.26227691],1690
3,[35.71643198],[[3.09878355]],"[array([[35.72184972, 83.25664323]]), 69.7435448417491]","[nan, nan]","['rbf.variance', 'rbf.lengthscale', 'Gaussian_noise.variance']",[7740.60337449   34.79539323   41.03088676   28.2730048 ],1690
4,[35.52946538],[[3.39494999]],"[array([[35.5341214 , 62.90806795]]), 69.64944946747704]","[nan, nan]","['rbf.variance', 'rbf.lengthscale', 'Gaussian_noise.variance']",[7799.73387333   36.24898965   41.41931889   25.68500651],1690
5,[35.04280404],[[4.20227444]],"[array([[35.04406718, 36.98923895]]), 69.51691684664424]","[nan, nan]","['rbf.variance', 'rbf.lengthscale', 'Gaussian_noise.variance']",[7910.87264033   36.70082338   41.32280416   19.93887026],1690
6,[34.65390159],[[4.87944069]],"[array([[34.67436107, 11.43831183]]), 70.45979171557191]","[nan, nan]","['rbf.variance', 'rbf.lengthscale', 'Gaussian_noise.variance']",[8010.64376464   36.81977648   40.85405854   15.71259955],1690
7,[37.37449327],[[0.94376793]],"[array([[37.39414269, 34.96510617]]), 72.84043872762206]","[nan, nan]","['rbf.variance', 'rbf.lengthscale', 'Gaussian_noise.variance']",[7188.56828911   41.00931157   30.2112743    22.25140082],1690
