,X_r,OC,KG,DL,HP_names,HP_vars,file_number
0,[12.86782364],[[48.15574085]],"[array([[ 0.41654189, 41.09197224]]), 33.637477047248865]","[nan, nan]","['rbf.variance', 'rbf.lengthscale', 'Gaussian_noise.variance']",[1.35801673e+04 5.97690207e+01 4.49039715e+01 1.00000000e-03],1910
1,[20.05708693],[[33.77721427]],"[array([[24.31799957, 44.08728786]]), 34.58194390376336]","[nan, nan]","['rbf.variance', 'rbf.lengthscale', 'Gaussian_noise.variance']",[1.26379138e+04 3.54838010e+01 6.32738862e+01 1.00000000e-03],1910
