,X_r,OC,KG,DL,HP_names,HP_vars,file_number
0,[37.5211079],[[0.80436123]],"[array([[21.37096084, 48.01107397]]), 79.14346563818829]","[nan, nan]","['rbf.variance', 'rbf.lengthscale', 'Gaussian_noise.variance']",[9.06615714e+03 3.57389042e+01 3.04844677e+01 1.00000000e-03],1952
1,[39.30020889],[[0.00314635]],"[array([[ 0.37855392, 32.62373928]]), 71.70934987743654]","[nan, nan]","['rbf.variance', 'rbf.lengthscale', 'Gaussian_noise.variance']",[9054.57672808   34.10207247   32.13205374   30.87631988],1952
