,X_r,OC,KG,DL,HP_names,HP_vars,file_number
0,[31.20542369],[[11.49336142]],"[array([[7.02189444e-06, 3.30955029e+01]]), 54.59886975975954]","[nan, nan]","['rbf.variance', 'rbf.lengthscale', 'Gaussian_noise.variance']",[15833.90170677    51.64895393    50.80164744    59.01759443],191
1,[33.64725878],[[6.72794796]],"[array([[19.04589759, 56.71337608]]), 52.383805476147785]","[nan, nan]","['rbf.variance', 'rbf.lengthscale', 'Gaussian_noise.variance']",[15813.44849892    51.79198609    53.8131995     60.28283607],191
