,X_r,OC,KG,DL,HP_names,HP_vars,file_number
0,[35.83247671],[[2.91934853]],"[array([[44.50380396, 51.45350556]]), 50.32868427491623]","[nan, nan]","['rbf.variance', 'rbf.lengthscale', 'Gaussian_noise.variance']",[1.71393961e+04 4.62618681e+01 5.30079465e+01 3.01325777e-04],1923
1,[40.04202801],[[0.22079027]],"[array([[ 0.79050881, 37.00922314]]), 57.50749100988001]","[nan, nan]","['rbf.variance', 'rbf.lengthscale', 'Gaussian_noise.variance']",[17130.44464977    33.07388523    43.82799423    27.82607516],1923
