,X_r,OC,KG,DL,HP_names,HP_vars,file_number
0,[34.05402566],[[5.96727855]],"[array([[ 0.26732303, 44.35872983]]), 57.006709677885205]","[nan, nan]","['rbf.variance', 'rbf.lengthscale', 'Gaussian_noise.variance']",[9.56048029e+03 3.66983866e+01 3.95949686e+01 4.18877056e-05],1682
1,[34.56593895],[[5.03594867]],"[array([[22.52753842, 25.6481953 ]]), 54.62817156145576]","[nan, nan]","['rbf.variance', 'rbf.lengthscale', 'Gaussian_noise.variance']",[1.02912521e+04 3.87880063e+01 4.24958473e+01 1.00000000e-03],1682
2,[28.24519487],[[17.40137994]],"[array([[48.3994555 , 19.02218149]]), 69.36403609934405]","[nan, nan]","['rbf.variance', 'rbf.lengthscale', 'Gaussian_noise.variance']",[7.59588297e+03 3.30519566e+01 3.60596653e+01 1.00000000e-03],1682
3,[29.98777608],[[13.91915525]],"[array([[53.62627716, 58.51917621]]), 77.97692816041405]","[nan, nan]","['rbf.variance', 'rbf.lengthscale', 'Gaussian_noise.variance']",[6038.75148907   28.2778499    28.81908834   39.79288281],1682
4,[28.0581023],[[17.77548112]],"[array([[13.43501234, 44.66361089]]), 69.3613660076269]","[nan, nan]","['rbf.variance', 'rbf.lengthscale', 'Gaussian_noise.variance']",[6218.98706838   29.75336139   30.98756044   49.21439999],1682
5,[30.75877375],[[12.38176942]],"[array([[46.30962389, 43.71082019]]), 59.96299410753152]","[nan, nan]","['rbf.variance', 'rbf.lengthscale', 'Gaussian_noise.variance']",[5227.3498525    26.82121364   28.51480226   44.04225852],1682
6,[36.69510978],[[1.70920284]],"[array([[31.13402086, 42.54111508]]), 80.14109304719238]","[nan, nan]","['rbf.variance', 'rbf.lengthscale', 'Gaussian_noise.variance']",[4.61560505e+03 2.74661739e+01 2.06316214e+01 1.00000000e-03],1682
7,[38.64306388],[[0.09272504]],"[array([[38.85175077, 76.64276666]]), 68.54883555466105]","[nan, nan]","['rbf.variance', 'rbf.lengthscale', 'Gaussian_noise.variance']",[5046.96955844   30.09441815   21.17944145   33.07098208],1682
