,X_r,OC,KG,DL,HP_names,HP_vars,file_number
0,[42.2494568],[[2.8558092]],"[array([[ 0.45577266, 35.92368622]]), 56.646114866157795]","[nan, nan]","['rbf.variance', 'rbf.lengthscale', 'Gaussian_noise.variance']",[16668.28858979    37.97863892    49.97946208   166.16185478],1748
1,[42.40228943],[[3.13775669]],"[array([[83.72466348,  3.55272154]]), 56.02243894881068]","[nan, nan]","['rbf.variance', 'rbf.lengthscale', 'Gaussian_noise.variance']",[16644.55232033    39.32758532    51.574373     143.95867799],1748
2,[44.19999875],[[7.16921089]],"[array([[44.20213088, 38.21017988]]), 55.613207700071825]","[nan, nan]","['rbf.variance', 'rbf.lengthscale', 'Gaussian_noise.variance']",[27174.49269972    45.29608814    63.60649728   103.93952623],1748
3,[46.59780123],[[13.79096868]],"[array([[51.28829213, 39.02996119]]), 52.74226042616085]","[nan, nan]","['rbf.variance', 'rbf.lengthscale', 'Gaussian_noise.variance']",[1.68559521e+04 3.95570969e+01 3.66666278e+01 1.00000000e-03],1748
4,[47.60771234],[[16.75679692]],"[array([[47.23357367, 46.85108679]]), 53.23790339712694]","[nan, nan]","['rbf.variance', 'rbf.lengthscale', 'Gaussian_noise.variance']",[1.68562551e+04 4.01921550e+01 3.77689529e+01 1.11093783e-06],1748
5,[45.13317702],[[9.63872731]],"[array([[45.03844629, 86.24240238]]), 53.83205698040925]","[nan, nan]","['rbf.variance', 'rbf.lengthscale', 'Gaussian_noise.variance']",[28194.1855986     44.33777197    66.02294134    46.80849944],1748
