,X_r,OC,KG,DL,HP_names,HP_vars,file_number
0,[44.81942143],[[8.78822948]],"[array([[54.70044205, 44.62573634]]), 73.9205822267652]","[nan, nan]","['rbf.variance', 'rbf.lengthscale', 'Gaussian_noise.variance']",[3.64130789e+04 7.23659675e+01 4.63122923e+01 3.41161545e-04],1945
1,[37.28741837],[[1.03113258]],"[array([[3.48967446, 1.27022496]]), 50.49296532449981]","[nan, nan]","['rbf.variance', 'rbf.lengthscale', 'Gaussian_noise.variance']",[40238.53833712    72.54693081    59.90012173   388.83419561],1945
