,X_r,OC,KG,DL,HP_names,HP_vars,file_number
0,[30.94869139],[[12.00375241]],"[array([[24.28608837, 36.60627404]]), 66.30288483285162]","[nan, nan]","['rbf.variance', 'rbf.lengthscale', 'Gaussian_noise.variance']",[2.59277053e+04 5.77668228e+01 5.09627013e+01 4.41589258e-05],1664
1,[33.21719825],[[7.54725896]],"[array([[99.9999999 , 95.04248104]]), 59.6814788872408]","[nan, nan]","['rbf.variance', 'rbf.lengthscale', 'Gaussian_noise.variance']",[2.59272797e+04 5.57544321e+01 5.53930389e+01 1.39386114e+01],1664
2,[32.75072512],[[8.44913055]],"[array([[32.75026655,  2.11866684]]), 59.31911668691975]","[nan, nan]","['rbf.variance', 'rbf.lengthscale', 'Gaussian_noise.variance']",[2.59252237e+04 5.57850190e+01 5.54084734e+01 1.66911489e+01],1664
3,[29.3195466],[[15.25379035]],"[array([[85.04788369, 12.59626268]]), 54.94845323217481]","[nan, nan]","['rbf.variance', 'rbf.lengthscale', 'Gaussian_noise.variance']",[25927.38848494    61.62919284    35.12715863    46.73141678],1664
4,[24.93312372],[[24.02514365]],"[array([[ 0.14072582, 34.03501322]]), 57.50794982333729]","[nan, nan]","['rbf.variance', 'rbf.lengthscale', 'Gaussian_noise.variance']",[25898.53337694    61.94650552    36.88382275    86.98026601],1664
5,[35.12915464],[[4.0555236]],"[array([[60.78510875, 40.41207197]]), 55.3757181482996]","[nan, nan]","['rbf.variance', 'rbf.lengthscale', 'Gaussian_noise.variance']",[1.57471447e+04 4.60039954e+01 2.95362532e+01 1.00000000e-03],1664
6,[35.97869917],[[2.69834838]],"[array([[14.22567219, 42.12806596]]), 58.7005845781144]","[nan, nan]","['rbf.variance', 'rbf.lengthscale', 'Gaussian_noise.variance']",[1.69501128e+04 5.18097901e+01 2.73813657e+01 1.00000000e-03],1664
7,[36.03583024],[[2.6136136]],"[array([[36.03899974, 53.9378761 ]]), 57.016958127887825]","[nan, nan]","['rbf.variance', 'rbf.lengthscale', 'Gaussian_noise.variance']",[1.82296724e+04 5.03154588e+01 2.98056403e+01 1.00000000e-03],1664
