,X_r,OC,KG,DL,HP_names,HP_vars,file_number
0,[13.653877],[[46.5836339]],"[array([[1.93807088e-07, 3.86796034e+01]]), 58.27632162407489]","[nan, nan]","['rbf.variance', 'rbf.lengthscale', 'Gaussian_noise.variance']",[16553.81738558    71.27130226    41.64993829    52.67742813],173
1,[33.44214864],[[7.11701485]],"[array([[11.61272403, 37.99201789]]), 59.15450452867351]","[nan, nan]","['rbf.variance', 'rbf.lengthscale', 'Gaussian_noise.variance']",[1.04204476e+04 4.48982683e+01 3.08244249e+01 1.00000000e-03],173
2,[35.2321712],[[3.8823328]],"[array([[99.55540676, 35.28286919]]), 53.594961445107415]","[nan, nan]","['rbf.variance', 'rbf.lengthscale', 'Gaussian_noise.variance']",[10420.74741161    46.29670358    30.49511876    15.47289038],173
3,[35.62388675],[[3.2443232]],"[array([[35.68335776, 16.20337842]]), 54.095487019379924]","[nan, nan]","['rbf.variance', 'rbf.lengthscale', 'Gaussian_noise.variance']",[10419.12594923    47.48482917    30.39609821    13.14944699],173
4,[35.37074316],[[3.6527748]],"[array([[35.38351716, 53.63188405]]), 54.95674360958074]","[nan, nan]","['rbf.variance', 'rbf.lengthscale', 'Gaussian_noise.variance']",[10416.42971532    47.7248704     31.36929282    13.08185246],173
5,[36.56892586],[[1.87106957]],"[array([[36.52273087, 44.96458745]]), 56.38720940298179]","[nan, nan]","['rbf.variance', 'rbf.lengthscale', 'Gaussian_noise.variance']",[9.73246633e+03 4.37240653e+01 3.08815922e+01 1.00000000e-03],173
