,X_r,OC,KG,DL,HP_names,HP_vars,file_number
0,[0.00026268],[[73.89086279]],"[array([[ 3.9425536 , 49.02986252]]), 115.9863789621183]","[nan, nan]","['rbf.variance', 'rbf.lengthscale', 'Gaussian_noise.variance']",[7.01591611e+03 5.35229101e+02 1.16659861e+01 9.99949503e-03],535
1,[3.94389134],[[66.00360546]],"[array([[ 7.35580367, 42.9287703 ]]), 6.7274662423867495]","[nan, nan]","['rbf.variance', 'rbf.lengthscale', 'Gaussian_noise.variance']",[2.32639644e+03 1.07759796e+00 4.76118295e-01 3.56867044e+03],535
2,[0.00026268],[[73.89086279]],"[array([[0.00968366, 8.35176343]]), 12.048719102848779]","[nan, nan]","['rbf.variance', 'rbf.lengthscale', 'Gaussian_noise.variance']",[4060.62007103  576.1394109    27.96172026 1670.10166514],535
3,[7.35586261],[[59.17966292]],"[array([[19.6610649 , 43.05471995]]), 15.729629458623823]","[nan, nan]","['rbf.variance', 'rbf.lengthscale', 'Gaussian_noise.variance']",[2.99261716e+03 6.87476857e-01 1.03224528e+00 2.02008246e+03],535
4,[19.66131207],[[34.56876401]],"[array([[19.65201591, 75.59318981]]), 14.121399285782893]","[nan, nan]","['rbf.variance', 'rbf.lengthscale', 'Gaussian_noise.variance']",[1.93790575e+03 2.91504316e-01 1.82018953e+00 2.82773219e+03],535
5,[31.16616721],[[11.57135268]],"[0, -90000000000.0]","[nan, nan]","['rbf.variance', 'rbf.lengthscale', 'Gaussian_noise.variance']",[2.45205589e+03 1.03673032e+02 1.14488069e-84 2.09907610e+03],535
