,X_r,OC,KG,DL,HP_names,HP_vars,file_number
0,[43.04116674],[[4.43113775]],"[array([[ 0.15791278, 42.56941168]]), 73.6269264709177]","[nan, nan]","['rbf.variance', 'rbf.lengthscale', 'Gaussian_noise.variance']",[1.02214532e+04 3.10455187e+01 4.13508006e+01 1.00000000e-03],1826
1,[42.57645505],[[3.47249544]],"[array([[50.36755249, 45.02853081]]), 73.85389385244073]","[nan, nan]","['rbf.variance', 'rbf.lengthscale', 'Gaussian_noise.variance']",[1.02214470e+04 3.12717620e+01 4.28588204e+01 1.00119933e-02],1826
2,[43.70202684],[[5.93919966]],"[array([[43.87767856, 95.28569656]]), 81.6151237815078]","[nan, nan]","['rbf.variance', 'rbf.lengthscale', 'Gaussian_noise.variance']",[10718.61660488    32.25020169    44.20161061   164.75185667],1826
3,[45.23255369],[[9.91170675]],"[array([[25.65263724, 55.1877564 ]]), 87.62473378147952]","[nan, nan]","['rbf.variance', 'rbf.lengthscale', 'Gaussian_noise.variance']",[10683.88675324    28.9559725     32.68222013    89.679917  ],1826
