,X_r,OC,KG,DL,HP_names,HP_vars,file_number
0,[47.31484465],[[15.89162414]],"[array([[32.81347657, 46.01566994]]), 47.83337654994018]","[nan, nan]","['rbf.variance', 'rbf.lengthscale', 'Gaussian_noise.variance']",[2.67650023e+04 4.76718121e+01 6.28595188e+01 1.00227504e-02],1640
1,[39.37654492],[[0.00968776]],"[array([[53.32556317, 44.5452332 ]]), 60.59319311378073]","[nan, nan]","['rbf.variance', 'rbf.lengthscale', 'Gaussian_noise.variance']",[1.54930693e+04 5.19596784e+01 4.05651396e+01 1.00000000e-03],1640
2,[42.83858906],[[4.00198883]],"[array([[42.83867881, 81.02976734]]), 61.32578669108949]","[nan, nan]","['rbf.variance', 'rbf.lengthscale', 'Gaussian_noise.variance']",[15491.26517683    43.9748778     47.06208209   128.07044354],1640
3,[42.34715874],[[3.03475702]],"[array([[42.35369752, 56.65934218]]), 63.2813807602441]","[nan, nan]","['rbf.variance', 'rbf.lengthscale', 'Gaussian_noise.variance']",[15138.07430398    45.65180899    41.80294801   103.36116531],1640
4,[42.54811033],[[3.41706648]],"[array([[42.59166297, 99.97275748]]), 63.425642918999976]","[nan, nan]","['rbf.variance', 'rbf.lengthscale', 'Gaussian_noise.variance']",[15724.66400528    46.50891521    41.7930776     81.75298626],1640
5,[43.01923283],[[4.3838671]],"[array([[58.48766948,  2.24807798]]), 62.515168081064466]","[nan, nan]","['rbf.variance', 'rbf.lengthscale', 'Gaussian_noise.variance']",[16779.19449276    47.17614881    44.72347059    75.60409468],1640
6,[41.81027827],[[2.11060307]],"[array([[41.78061113, 42.91389187]]), 65.28359181821838]","[nan, nan]","['rbf.variance', 'rbf.lengthscale', 'Gaussian_noise.variance']",[16778.99128823    42.97759865    44.97236676    73.55627292],1640
7,[41.90246613],[[2.25875052]],"[array([[41.90577931, 84.73690019]]), 67.49769854037666]","[nan, nan]","['rbf.variance', 'rbf.lengthscale', 'Gaussian_noise.variance']",[18326.26233672    43.7421709     45.07323554    58.52790866],1640
