,X_r,OC,KG,DL,HP_names,HP_vars,file_number
0,[28.2548335],[[17.38210743]],"[array([[ 7.95413765, 45.07906527]]), 35.019754696475545]","[nan, nan]","['rbf.variance', 'rbf.lengthscale', 'Gaussian_noise.variance']",[9.04859937e+03 5.46833378e+01 2.95871936e+01 6.42471678e-05],1749
1,[34.03548279],[[6.00159794]],"[array([[82.38852004, 36.9497823 ]]), 44.85529938132081]","[nan, nan]","['rbf.variance', 'rbf.lengthscale', 'Gaussian_noise.variance']",[8.53677306e+03 4.82648342e+01 3.06292007e+01 1.00000000e-03],1749
2,[38.79161558],[[0.05003654]],"[array([[85.20265489, 37.48936911]]), 64.55862320864311]","[nan, nan]","['rbf.variance', 'rbf.lengthscale', 'Gaussian_noise.variance']",[8.53721143e+03 3.36389006e+01 3.89992199e+01 8.34713157e-05],1749
3,[38.19471352],[[0.29742388]],"[array([[18.73737064, 31.8456076 ]]), 57.02826815469818]","[nan, nan]","['rbf.variance', 'rbf.lengthscale', 'Gaussian_noise.variance']",[6.96948964e+03 4.20498895e+01 2.94988965e+01 1.00000000e-03],1749
4,[37.66766046],[[0.67497844]],"[array([[61.42771874, 37.63359464]]), 58.643165235897264]","[nan, nan]","['rbf.variance', 'rbf.lengthscale', 'Gaussian_noise.variance']",[7.63099969e+03 4.17542797e+01 3.24854195e+01 1.00000000e-03],1749
5,[39.67447339],[[0.06984783]],"[array([[39.44325271, 38.73828775]]), 69.3147830254004]","[nan, nan]","['rbf.variance', 'rbf.lengthscale', 'Gaussian_noise.variance']",[7.40510989e+03 3.44087229e+01 3.49117921e+01 2.01988271e+00],1749
