,X_r,OC,KG,DL,HP_names,HP_vars,file_number
0,[52.03329579],[[29.9915384]],"[array([[ 0.06257038, 45.11650311]]), 42.64464661278469]","[nan, nan]","['rbf.variance', 'rbf.lengthscale', 'Gaussian_noise.variance']",[5874.23426344   32.89719467   30.68517662   47.20232713],1731
1,[51.91466325],[[29.63568613]],"[array([[32.50965161, 47.23835818]]), 39.970031246311066]","[nan, nan]","['rbf.variance', 'rbf.lengthscale', 'Gaussian_noise.variance']",[5407.19773029   32.91822332   31.03204691   43.03806374],1731
2,[45.07897766],[[9.49054395]],"[array([[62.35630565, 67.55520393]]), 49.40457162102377]","[nan, nan]","['rbf.variance', 'rbf.lengthscale', 'Gaussian_noise.variance']",[5438.68039285   35.03033079   30.14311678   42.22375146],1731
3,[45.80229851],[[11.50494505]],"[array([[92.54073037, 79.25967493]]), 51.35238654228365]","[nan, nan]","['rbf.variance', 'rbf.lengthscale', 'Gaussian_noise.variance']",[5947.93774703   38.02261512   30.95806805   44.39058   ],1731
4,[47.26210784],[[15.73620567]],"[array([[60.59846795, 30.0409725 ]]), 50.541970190729785]","[nan, nan]","['rbf.variance', 'rbf.lengthscale', 'Gaussian_noise.variance']",[5.94793404e+03 3.74675528e+01 2.26171982e+01 1.00775309e-02],1731
5,[46.54302068],[[13.63179482]],"[array([[16.64422746, 26.65529042]]), 53.18489280896381]","[nan, nan]","['rbf.variance', 'rbf.lengthscale', 'Gaussian_noise.variance']",[5937.95874409   37.26297757   27.3496918    47.95839527],1731
