,X_r,OC,KG,DL,HP_names,HP_vars,file_number
0,[16.24608421],[[41.39921967]],"[array([[ 0.61793201, 41.70193289]]), 67.82117771639608]","[nan, nan]","['rbf.variance', 'rbf.lengthscale', 'Gaussian_noise.variance']",[11790.24892999    53.83826499    36.8085311    157.64170346],1819
1,[42.83233445],[[3.98900911]],"[array([[97.47821561, 39.92318261]]), 69.22587315333709]","[nan, nan]","['rbf.variance', 'rbf.lengthscale', 'Gaussian_noise.variance']",[8.20637212e+03 4.18800505e+01 2.36604610e+01 1.00000000e-03],1819
2,[29.03688978],[[15.81866306]],"[array([[29.11805782,  1.03863684]]), 57.54425589815871]","[nan, nan]","['rbf.variance', 'rbf.lengthscale', 'Gaussian_noise.variance']",[11866.40187817    41.33005152    40.27939311   134.39333885],1819
3,[32.05142643],[[9.81891728]],"[array([[48.8326169 , 73.03108744]]), 59.6834473235709]","[nan, nan]","['rbf.variance', 'rbf.lengthscale', 'Gaussian_noise.variance']",[9473.3871807    42.23724118   30.40975138   64.53489962],1819
