,X_r,OC,KG,DL,HP_names,HP_vars,file_number
0,[28.4731547],[[16.94559303]],"[array([[14.56295678, 43.73637758]]), 62.795704120340886]","[nan, nan]","['rbf.variance', 'rbf.lengthscale', 'Gaussian_noise.variance']",[1.20857825e+04 4.79374564e+01 5.03262887e+01 2.70631749e-05],1639
1,[37.92408736],[[0.4736313]],"[array([[40.63313628, 46.22468463]]), 60.953381977913985]","[nan, nan]","['rbf.variance', 'rbf.lengthscale', 'Gaussian_noise.variance']",[8.38299838e+03 3.67228590e+01 4.60044718e+01 1.00000000e-03],1639
2,[41.02824246],[[1.0438915]],"[array([[13.44861919, 67.8506704 ]]), 61.3184864091059]","[nan, nan]","['rbf.variance', 'rbf.lengthscale', 'Gaussian_noise.variance']",[8.00710282e+03 3.88854492e+01 4.10983873e+01 1.00000000e-03],1639
3,[41.18489343],[[1.22935843]],"[array([[41.17402683, 71.71704723]]), 60.97619823375548]","[nan, nan]","['rbf.variance', 'rbf.lengthscale', 'Gaussian_noise.variance']",[7.61934875e+03 3.82279515e+01 4.21056683e+01 1.00000000e-03],1639
4,[41.38772594],[[1.49089551]],"[array([[41.38841363, 75.09439941]]), 66.81920488901703]","[nan, nan]","['rbf.variance', 'rbf.lengthscale', 'Gaussian_noise.variance']",[7.75555098e+03 3.48970915e+01 3.75342470e+01 1.00000000e-03],1639
5,[41.15346099],[[1.19097844]],"[array([[41.14810709, 32.73887196]]), 68.33856501888883]","[nan, nan]","['rbf.variance', 'rbf.lengthscale', 'Gaussian_noise.variance']",[6.85304171e+03 3.36350393e+01 3.62813658e+01 8.10576271e-02],1639
6,[40.17526558],[[0.29653801]],"[array([[55.82434685, 29.29735997]]), 61.57000911268982]","[nan, nan]","['rbf.variance', 'rbf.lengthscale', 'Gaussian_noise.variance']",[1.01621819e+04 4.29038080e+01 3.20973921e+01 1.14795508e+00],1639
7,[40.52975352],[[0.55240094]],"[array([[40.50953778, 16.0816063 ]]), 62.87657340217507]","[nan, nan]","['rbf.variance', 'rbf.lengthscale', 'Gaussian_noise.variance']",[9654.29108124   41.29501063   39.63640939   39.67797604],1639
