,X_r,OC,KG,DL,HP_names,HP_vars,file_number
0,[40.17443708],[[0.29603221]],"[array([[ 0.96031115, 28.43998547]]), 63.662607510599884]","[nan, nan]","['rbf.variance', 'rbf.lengthscale', 'Gaussian_noise.variance']",[28221.69898555    57.37514105    54.15880471    39.07484724],1914
1,[41.27828951],[[1.3468169]],"[array([[41.88407741, 66.32745198]]), 61.94754939936521]","[nan, nan]","['rbf.variance', 'rbf.lengthscale', 'Gaussian_noise.variance']",[28218.58130764    52.51360368    46.10588635    40.30136268],1914
