,X_r,OC,KG,DL,HP_names,HP_vars,file_number
0,[47.29033411],[[15.81937485]],"[array([[41.39507048, 35.96550153]]), 46.1002255778713]","[nan, nan]","['rbf.variance', 'rbf.lengthscale', 'Gaussian_noise.variance']",[1.16278293e+04 2.77905107e+01 4.71859727e+01 1.00000000e-03],1765
1,[37.85616776],[[0.52378076]],"[array([[18.88250045, 37.82498388]]), 53.84336969844747]","[nan, nan]","['rbf.variance', 'rbf.lengthscale', 'Gaussian_noise.variance']",[9.86279122e+03 3.20759240e+01 3.38927733e+01 1.00000000e-03],1765
2,[36.48215411],[[1.98562893]],"[array([[36.49455134, 59.82714055]]), 55.14650207818629]","[nan, nan]","['rbf.variance', 'rbf.lengthscale', 'Gaussian_noise.variance']",[9.86289860e+03 3.52064797e+01 3.25207718e+01 8.53585136e-06],1765
3,[36.68065493],[[1.72745463]],"[array([[ 2.06661658, 36.83948511]]), 49.895306355709195]","[nan, nan]","['rbf.variance', 'rbf.lengthscale', 'Gaussian_noise.variance']",[1.06260633e+04 3.12098161e+01 3.77471657e+01 1.00000000e-03],1765
4,[36.25243248],[[2.30106084]],"[array([[44.96746962, 54.82695949]]), 49.809811205696]","[nan, nan]","['rbf.variance', 'rbf.lengthscale', 'Gaussian_noise.variance']",[1.11364322e+04 3.33005444e+01 3.72570918e+01 1.00000000e-03],1765
5,[36.65720096],[[1.75723125]],"[array([[ 9.88841244, 37.09241002]]), 50.260898935052715]","[nan, nan]","['rbf.variance', 'rbf.lengthscale', 'Gaussian_noise.variance']",[1.11363879e+04 3.32060334e+01 3.69667928e+01 7.21732616e-01],1765
