,X_r,OC,KG,DL,HP_names,HP_vars,file_number
0,[35.95864944],[[2.72830359]],"[array([[14.86158947, 43.87639904]]), 66.00159965070068]","[nan, nan]","['rbf.variance', 'rbf.lengthscale', 'Gaussian_noise.variance']",[12913.97759378    48.09638184    39.98641703    85.29320639],1814
1,[42.56050699],[[3.44126337]],"[array([[69.25391151, 31.30802222]]), 58.64186914563882]","[nan, nan]","['rbf.variance', 'rbf.lengthscale', 'Gaussian_noise.variance']",[12918.53438153    43.53261202    40.99262152    45.08720058],1814
2,[42.41809087],[[3.16754396]],"[array([[33.73618928, 37.17694003]]), 60.622458273863835]","[nan, nan]","['rbf.variance', 'rbf.lengthscale', 'Gaussian_noise.variance']",[1.74354258e+04 4.88197621e+01 4.00270675e+01 1.00000000e-03],1814
3,[38.50128281],[[0.14531017]],"[array([[38.50089464, 46.78645389]]), 69.19803785347386]","[nan, nan]","['rbf.variance', 'rbf.lengthscale', 'Gaussian_noise.variance']",[10829.04275714    44.67008658    32.23991452    50.97730644],1814
