,X_r,OC,KG,DL,HP_names,HP_vars,file_number
0,[33.77309003],[[6.49098039]],"[array([[0.23286155, 9.3245403 ]]), 20.786330914604996]","[nan, nan]","['rbf.variance', 'rbf.lengthscale', 'Gaussian_noise.variance']",[60586.06613742    98.82576329    67.84018181   164.8055476 ],1912
1,[21.73171806],[[30.42795186]],"[array([[99.91393202, 99.99999998]]), 26.368930161609285]","[nan, nan]","['rbf.variance', 'rbf.lengthscale', 'Gaussian_noise.variance']",[60585.91148911    99.58288905    65.42405779   148.71190372],1912
