,X_r,OC,KG,DL,HP_names,HP_vars,file_number
0,[39.80020614],[[0.11190804]],"[array([[40.0222196 , 29.69453916]]), 55.88400662102666]","[nan, nan]","['rbf.variance', 'rbf.lengthscale', 'Gaussian_noise.variance']",[3.07002410e+04 5.38092893e+01 5.55523058e+01 7.42662187e-05],1669
1,[38.43168317],[[0.17528615]],"[array([[38.42163407, 56.55571355]]), 53.535571666809176]","[nan, nan]","['rbf.variance', 'rbf.lengthscale', 'Gaussian_noise.variance']",[3.07002380e+04 5.46856328e+01 5.59978142e+01 2.23932456e+01],1669
2,[39.03332187],[[0.00832951]],"[array([[39.04429881, 25.82552416]]), 55.05166866642337]","[nan, nan]","['rbf.variance', 'rbf.lengthscale', 'Gaussian_noise.variance']",[3.10972109e+04 5.31975592e+01 5.75613629e+01 1.79783104e+01],1669
3,[34.25689077],[[5.59432035]],"[array([[34.25657717, 89.03321253]]), 50.86930872285065]","[nan, nan]","['rbf.variance', 'rbf.lengthscale', 'Gaussian_noise.variance']",[35884.6682686     63.38370162    57.47825774   175.16535298],1669
4,[33.61744257],[[6.78429692]],"[array([[33.61172822, 35.41277694]]), 50.045351590056654]","[nan, nan]","['rbf.variance', 'rbf.lengthscale', 'Gaussian_noise.variance']",[40554.41841135    68.09627524    61.30729153   164.88039363],1669
5,[32.65183019],[[8.64172818]],"[array([[32.67263321, 26.03143207]]), 54.567526360016934]","[nan, nan]","['rbf.variance', 'rbf.lengthscale', 'Gaussian_noise.variance']",[33966.95064255    65.03785182    55.90013186   209.9097776 ],1669
6,[32.60043959],[[8.74197691]],"[array([[32.60425652, 48.40109014]]), 54.76854279634139]","[nan, nan]","['rbf.variance', 'rbf.lengthscale', 'Gaussian_noise.variance']",[33999.03287172    65.11031308    56.01431382   185.73898946],1669
7,[32.83938541],[[8.276843]],"[array([[32.82206712, 60.4414944 ]]), 54.90888415527622]","[nan, nan]","['rbf.variance', 'rbf.lengthscale', 'Gaussian_noise.variance']",[34501.73830837    65.50021393    56.46950274   166.11479803],1669
