,X_r,OC,KG,DL,HP_names,HP_vars,file_number
0,[66.58624374],[[73.65011923]],"[array([[10.74297991, 43.88497659]]), 13.845752272781175]","[nan, nan]","['rbf.variance', 'rbf.lengthscale', 'Gaussian_noise.variance']",[8.71211894e+03 2.83105788e+01 4.14166968e+01 3.25607967e-04],1962
1,[15.97624986],[[41.93888829]],"[array([[18.85800711, 45.41706282]]), 24.029887255714556]","[nan, nan]","['rbf.variance', 'rbf.lengthscale', 'Gaussian_noise.variance']",[1.82339967e+04 2.98349950e+01 7.98648490e+01 1.00000000e-03],1962
