,X_r,OC,KG,DL,HP_names,HP_vars,file_number
0,[35.86076117],[[2.87614746]],"[array([[47.32842417, 38.35925289]]), 55.31381812035066]","[nan, nan]","['rbf.variance', 'rbf.lengthscale', 'Gaussian_noise.variance']",[1.71240029e+04 4.03073459e+01 4.94035610e+01 1.24606558e-05],1774
1,[43.06471185],[[4.48209329]],"[array([[41.50504098, 37.57617493]]), 61.530440249759586]","[nan, nan]","['rbf.variance', 'rbf.lengthscale', 'Gaussian_noise.variance']",[1.96922420e+04 3.82147418e+01 5.89471986e+01 1.00000000e-03],1774
2,[40.54186294],[[0.56252885]],"[array([[40.62334124,  6.94769218]]), 70.65135677860941]","[nan, nan]","['rbf.variance', 'rbf.lengthscale', 'Gaussian_noise.variance']",[19367.42252528    38.98012995    55.49188924   143.08367062],1774
3,[37.93558609],[[0.46537225]],"[array([[37.87972236, 81.38436718]]), 74.55641083003896]","[nan, nan]","['rbf.variance', 'rbf.lengthscale', 'Gaussian_noise.variance']",[19278.54843229    38.82411204    45.59510411   152.86753664],1774
4,[36.52886273],[[1.92363982]],"[array([[6.69212883, 1.14145077]]), 74.62145237373092]","[nan, nan]","['rbf.variance', 'rbf.lengthscale', 'Gaussian_noise.variance']",[19271.78924543    42.46601442    46.31872919   171.85369479],1774
5,[37.49985353],[[0.82396129]],"[array([[37.49643662, 99.99995347]]), 72.41489009437625]","[nan, nan]","['rbf.variance', 'rbf.lengthscale', 'Gaussian_noise.variance']",[17536.98528556    40.33174426    45.74657558   165.87658095],1774
