,X_r,OC,KG,DL,HP_names,HP_vars,file_number
0,[35.18074446],[[3.96852905]],"[array([[3.07039308e-06, 4.54272007e+01]]), 25.729824478757113]","[nan, nan]","['rbf.variance', 'rbf.lengthscale', 'Gaussian_noise.variance']",[7.79373562e+03 5.23235743e+01 2.90551500e+01 3.34222732e-04],889
1,[37.09179877],[[1.23935598]],"[array([[24.87422944, 38.69544511]]), 22.39209559644086]","[nan, nan]","['rbf.variance', 'rbf.lengthscale', 'Gaussian_noise.variance']",[7.79360257e+03 5.53703829e+01 2.96159203e+01 1.16501839e-05],889
2,[32.15604345],[[9.61295978]],"[array([[33.7928034 , 38.86699027]]), 54.345892342401136]","[nan, nan]","['rbf.variance', 'rbf.lengthscale', 'Gaussian_noise.variance']",[9.13686117e+03 4.47396102e+01 3.70486679e+01 1.00000000e-03],889
3,[34.28831477],[[5.5369805]],"[array([[34.30394004, 90.84858215]]), 61.30858057184661]","[nan, nan]","['rbf.variance', 'rbf.lengthscale', 'Gaussian_noise.variance']",[9148.9525045    40.24651183   36.96194037   50.2094158 ],889
4,[38.40414163],[[0.18789547]],"[array([[38.78393799, 37.84360763]]), 71.98340088784938]","[nan, nan]","['rbf.variance', 'rbf.lengthscale', 'Gaussian_noise.variance']",[1.29467079e+04 3.41353520e+01 4.51344724e+01 1.00000000e-03],889
5,[38.89129273],[[0.02863192]],"[array([[38.97914879, 53.15924297]]), 75.8418697947716]","[nan, nan]","['rbf.variance', 'rbf.lengthscale', 'Gaussian_noise.variance']",[11483.84468559    32.24476805    40.8085316     24.28767449],889
6,[39.35411646],[[0.00739249]],"[array([[39.10212329, 22.05074453]]), 75.15156056354617]","[nan, nan]","['rbf.variance', 'rbf.lengthscale', 'Gaussian_noise.variance']",[8711.16441725   31.0269373    33.08889889   18.24760687],889
7,[36.21552069],[[2.35331992]],"[array([[36.20329159, 21.21905855]]), 68.15824688402795]","[nan, nan]","['rbf.variance', 'rbf.lengthscale', 'Gaussian_noise.variance']",[8716.84393304   36.69123119   35.13933092   62.50494846],889
8,[36.65179549],[[1.76412214]],"[array([[36.65105191,  0.11436069]]), 68.9336365149288]","[nan, nan]","['rbf.variance', 'rbf.lengthscale', 'Gaussian_noise.variance']",[8716.70803027   35.99317456   35.00651537   49.8003096 ],889
9,[35.81502615],[[2.94610816]],"[array([[35.82050981, 77.35509418]]), 67.87561525777579]","[nan, nan]","['rbf.variance', 'rbf.lengthscale', 'Gaussian_noise.variance']",[9893.00938118   38.01640426   37.10696302   58.1595846 ],889
