,X_r,OC,KG,DL,HP_names,HP_vars,file_number
0,[72.42089114],[[91.15406158]],"[array([[79.64800691, 47.67699483]]), 110.54744212021588]","[nan, nan]","['rbf.variance', 'rbf.lengthscale', 'Gaussian_noise.variance']",[6.90881337e+03 1.26034166e+01 7.72134444e+01 9.96131137e-03],1911
1,[69.27977261],[[81.73070599]],"[array([[2.00625174e-07, 4.04399089e+01]]), 56.865810042717456]","[nan, nan]","['rbf.variance', 'rbf.lengthscale', 'Gaussian_noise.variance']",[4.88928710e+03 1.37712351e+01 2.72862208e+01 1.00000000e-03],1911
