,X_r,OC,KG,DL,HP_names,HP_vars,file_number
0,[37.53907938],[[0.78795168]],"[array([[35.95736087, 34.25471073]]), 73.99263103652302]","[nan, nan]","['rbf.variance', 'rbf.lengthscale', 'Gaussian_noise.variance']",[8.56329236e+03 3.56408108e+01 2.27171397e+01 6.18977634e-04],1636
1,[34.22199698],[[5.65813117]],"[array([[49.64182508, 33.38355839]]), 89.71880225814311]","[nan, nan]","['rbf.variance', 'rbf.lengthscale', 'Gaussian_noise.variance']",[9.16999666e+03 3.33028922e+01 2.73270189e+01 1.00000000e-03],1636
2,[32.77645831],[[8.39908672]],"[array([[99.99999996, 37.70527676]]), 83.12247805601727]","[nan, nan]","['rbf.variance', 'rbf.lengthscale', 'Gaussian_noise.variance']",[7874.47184138   26.43698768   28.9244066   224.10268282],1636
3,[40.80968457],[[0.80970644]],"[array([[18.78682307, 41.95970944]]), 96.8295937808285]","[nan, nan]","['rbf.variance', 'rbf.lengthscale', 'Gaussian_noise.variance']",[7.87447874e+03 1.16131920e+01 2.52335465e+01 7.22720930e-03],1636
4,[34.55146443],[[5.06181041]],"[array([[50.73259387, 59.53299831]]), 69.38349429591902]","[nan, nan]","['rbf.variance', 'rbf.lengthscale', 'Gaussian_noise.variance']",[8879.13591885   31.48552119   32.49060828  275.77358297],1636
5,[34.01566355],[[6.03832009]],"[array([[34.01068145, 53.29658058]]), 67.33341274237425]","[nan, nan]","['rbf.variance', 'rbf.lengthscale', 'Gaussian_noise.variance']",[8879.45778604   33.18523497   33.77153885  260.33548361],1636
6,[34.03204169],[[6.00797064]],"[array([[34.04596476, 93.99507637]]), 64.33413069694863]","[nan, nan]","['rbf.variance', 'rbf.lengthscale', 'Gaussian_noise.variance']",[8878.53110483   34.6443219    33.02173095  231.74055506],1636
7,[34.09067922],[[5.89954839]],"[array([[34.07494283, 73.4497987 ]]), 64.04886722954986]","[nan, nan]","['rbf.variance', 'rbf.lengthscale', 'Gaussian_noise.variance']",[8877.52270179   34.23609912   34.82631191  229.42913334],1636
