,X_r,OC,KG,DL,HP_names,HP_vars,file_number
0,[36.9156114],[[1.44045593]],"[array([[65.22625727, 34.39992028]]), 43.476580637232196]","[nan, nan]","['rbf.variance', 'rbf.lengthscale', 'Gaussian_noise.variance']",[3.10660336e+04 6.97648821e+01 6.19818007e+01 1.71803019e-04],1646
1,[38.50936575],[[0.14200545]],"[array([[14.74279671, 23.00492118]]), 46.53520293066703]","[nan, nan]","['rbf.variance', 'rbf.lengthscale', 'Gaussian_noise.variance']",[2.37565307e+04 6.28713821e+01 5.87792230e+01 1.00000000e-03],1646
2,[35.04535413],[[4.1979206]],"[array([[99.38694906, 84.88231547]]), 50.69969663337851]","[nan, nan]","['rbf.variance', 'rbf.lengthscale', 'Gaussian_noise.variance']",[23760.82264607    62.75686515    54.87874318    75.94375709],1646
3,[35.21209362],[[3.91592175]],"[array([[99.315395  ,  0.95169968]]), 50.94657517471876]","[nan, nan]","['rbf.variance', 'rbf.lengthscale', 'Gaussian_noise.variance']",[23761.12134595    63.66535066    55.74036928    62.9407174 ],1646
4,[34.95528617],[[4.35241379]],"[array([[34.96188615,  5.97875391]]), 50.565223145933174]","[nan, nan]","['rbf.variance', 'rbf.lengthscale', 'Gaussian_noise.variance']",[23761.61038828    64.76570757    55.12321787    65.2031815 ],1646
5,[35.63640246],[[3.22451744]],"[array([[35.66664016, 18.24272913]]), 52.97752944814451]","[nan, nan]","['rbf.variance', 'rbf.lengthscale', 'Gaussian_noise.variance']",[23761.594196      60.22987144    55.99646788    61.26963874],1646
6,[37.23763316],[[1.08257562]],"[array([[37.24173905, 67.75911686]]), 59.0627780486434]","[nan, nan]","['rbf.variance', 'rbf.lengthscale', 'Gaussian_noise.variance']",[2.37616242e+04 5.70747289e+01 4.01954783e+01 7.95547303e+00],1646
7,[37.14876009],[[1.17705269]],"[array([[99.99990868, 99.99994167]]), 60.041256322703596]","[nan, nan]","['rbf.variance', 'rbf.lengthscale', 'Gaussian_noise.variance']",[23759.0341845     51.81918643    47.83393888    37.19026271],1646
