,X_r,OC,KG,DL,HP_names,HP_vars,file_number
0,[38.97701273],[[0.01493549]],"[array([[11.00042545, 41.32006608]]), 61.82628651487172]","[nan, nan]","['rbf.variance', 'rbf.lengthscale', 'Gaussian_noise.variance']",[1.33185348e+04 4.05848973e+01 3.97036508e+01 3.75154164e-04],150
1,[39.46535482],[[0.02183599]],"[array([[60.25125426, 49.41678709]]), 60.483438141062315]","[nan, nan]","['rbf.variance', 'rbf.lengthscale', 'Gaussian_noise.variance']",[1.27916346e+04 4.34553597e+01 3.82494516e+01 1.00000000e-03],150
2,[37.98515901],[[0.43053983]],"[array([[15.24872355, 40.31798284]]), 56.692330684306285]","[nan, nan]","['rbf.variance', 'rbf.lengthscale', 'Gaussian_noise.variance']",[1.38025420e+04 4.18330835e+01 4.34042091e+01 1.00000000e-03],150
3,[37.75369454],[[0.60380941]],"[array([[37.7910014 , 42.23990458]]), 57.82367985522805]","[nan, nan]","['rbf.variance', 'rbf.lengthscale', 'Gaussian_noise.variance']",[1.39324407e+04 4.25226637e+01 4.45978558e+01 1.00000000e-03],150
4,[37.86119114],[[0.51999228]],"[array([[37.99142182,  1.21582698]]), 70.03126518600764]","[nan, nan]","['rbf.variance', 'rbf.lengthscale', 'Gaussian_noise.variance']",[1.4288400e+04 3.9233575e+01 4.3099310e+01 1.0409472e+01],150
5,[38.34196923],[[0.2179065]],"[array([[38.15408364, 99.71501543]]), 68.6995246299921]","[nan, nan]","['rbf.variance', 'rbf.lengthscale', 'Gaussian_noise.variance']",[1.45459316e+04 4.52897416e+01 3.83877186e+01 1.27838625e+01],150
6,[38.31736668],[[0.23037029]],"[array([[38.33724314,  7.04106665]]), 69.15357240047804]","[nan, nan]","['rbf.variance', 'rbf.lengthscale', 'Gaussian_noise.variance']",[1.35733489e+04 4.37431757e+01 3.83583066e+01 1.08743677e+01],150
7,[39.23680366],[[0.00044047]],"[array([[39.23427882, 79.25047761]]), 67.47848690354562]","[nan, nan]","['rbf.variance', 'rbf.lengthscale', 'Gaussian_noise.variance']",[13343.56234374    50.28608287    34.7490045     17.17207946],150
8,[39.06573202],[[0.00539203]],"[array([[39.03771886, 92.50569112]]), 67.13471776500391]","[nan, nan]","['rbf.variance', 'rbf.lengthscale', 'Gaussian_noise.variance']",[13343.55895589    49.80026648    34.3915829     14.47733326],150
9,[39.05765236],[[0.00606504]],"[array([[39.06729771, 95.87490601]]), 67.88501570142715]","[nan, nan]","['rbf.variance', 'rbf.lengthscale', 'Gaussian_noise.variance']",[1.28427280e+04 4.89455009e+01 3.39551003e+01 1.12570488e+01],150
