,X_r,OC,KG,DL,HP_names,HP_vars,file_number
0,[41.3693185],[[1.46617844]],"[array([[63.79082311, 44.26098092]]), 89.02893196632513]","[nan, nan]","['rbf.variance', 'rbf.lengthscale', 'Gaussian_noise.variance']",[1.05582302e+04 3.32198737e+01 3.65909944e+01 1.00000000e-03],1617
1,[32.29804112],[[9.33392688]],"[array([[51.44321174, 41.26962129]]), 60.22691967610426]","[nan, nan]","['rbf.variance', 'rbf.lengthscale', 'Gaussian_noise.variance']",[1.05582303e+04 2.61621121e+01 4.80043818e+01 1.01406580e-02],1617
2,[33.53334084],[[6.94362842]],"[array([[ 5.86818861, 34.52232377]]), 63.869802319617726]","[nan, nan]","['rbf.variance', 'rbf.lengthscale', 'Gaussian_noise.variance']",[1.33984065e+04 2.78744286e+01 5.37132288e+01 1.00000000e-03],1617
3,[33.92959605],[[6.19826503]],"[array([[12.53592784, 31.365549  ]]), 63.0769259127644]","[nan, nan]","['rbf.variance', 'rbf.lengthscale', 'Gaussian_noise.variance']",[1.33927506e+04 2.76726134e+01 5.53822891e+01 2.83222583e-06],1617
4,[34.32425801],[[5.47154441]],"[array([[34.3356035 , 67.38490926]]), 60.672041102537655]","[nan, nan]","['rbf.variance', 'rbf.lengthscale', 'Gaussian_noise.variance']",[1.33925851e+04 2.74899574e+01 5.42008940e+01 1.00657407e+00],1617
5,[34.02841026],[[6.01469772]],"[array([[34.04411235, 92.87991435]]), 60.83820371451121]","[nan, nan]","['rbf.variance', 'rbf.lengthscale', 'Gaussian_noise.variance']",[1.33925250e+04 2.78151022e+01 5.85881273e+01 1.43554754e+00],1617
6,[34.84860039],[[4.53726145]],"[array([[35.00418989, 68.63772675]]), 58.9470104924733]","[nan, nan]","['rbf.variance', 'rbf.lengthscale', 'Gaussian_noise.variance']",[1.08408702e+04 2.61346800e+01 5.33397840e+01 1.00000000e-03],1617
7,[34.90860375],[[4.43305645]],"[array([[34.89444567, 25.23073433]]), 58.081340149075075]","[nan, nan]","['rbf.variance', 'rbf.lengthscale', 'Gaussian_noise.variance']",[1.10424529e+04 2.64042894e+01 5.48366403e+01 1.00000000e-03],1617
