,X_r,OC,KG,DL,HP_names,HP_vars,file_number
0,[58.25698356],[[48.66233886]],"[array([[77.2474461 , 37.40752158]]), 65.7370575977154]","[nan, nan]","['rbf.variance', 'rbf.lengthscale', 'Gaussian_noise.variance']",[7360.52636883   33.32657187   39.63429857  154.92714627],178
1,[39.7743138],[[0.1024338]],"[array([[ 8.5964604 , 65.66198648]]), 65.80616292419178]","[nan, nan]","['rbf.variance', 'rbf.lengthscale', 'Gaussian_noise.variance']",[3.08496626e+04 5.26911693e+01 5.18590934e+01 1.91765722e+01],178
2,[43.09927544],[[4.55729027]],"[array([[94.89937259, 32.9130302 ]]), 60.464873713112496]","[nan, nan]","['rbf.variance', 'rbf.lengthscale', 'Gaussian_noise.variance']",[30846.1983325     47.367492      53.77835834    47.06173689],178
3,[41.44867751],[[1.5741225]],"[array([[7.94892936e-03, 8.13590677e+01]]), 61.926619136899106]","[nan, nan]","['rbf.variance', 'rbf.lengthscale', 'Gaussian_noise.variance']",[8483.34079125   36.68795193   35.52670469   68.09365018],178
4,[41.66157707],[[1.88125966]],"[array([[53.08317059, 16.6583073 ]]), 62.15056421383964]","[nan, nan]","['rbf.variance', 'rbf.lengthscale', 'Gaussian_noise.variance']",[8471.35456895   36.4520594    36.94396886   55.6102507 ],178
5,[41.15218181],[[1.18942885]],"[array([[41.05183115, 34.79798339]]), 67.17712836923579]","[nan, nan]","['rbf.variance', 'rbf.lengthscale', 'Gaussian_noise.variance']",[1.01923469e+04 3.48896090e+01 3.20741015e+01 1.00000000e-03],178
