,X_r,OC,KG,DL,HP_names,HP_vars,file_number
0,[42.7677183],[[3.85588758]],"[array([[ 8.54690155, 39.2866675 ]]), 66.52303673823056]","[nan, nan]","['rbf.variance', 'rbf.lengthscale', 'Gaussian_noise.variance']",[1.14005291e+04 3.31142585e+01 3.58647851e+01 4.85955727e-04],1650
1,[39.87735862],[[0.14264185]],"[array([[51.2452021 , 36.13762476]]), 60.17426674347487]","[nan, nan]","['rbf.variance', 'rbf.lengthscale', 'Gaussian_noise.variance']",[11396.22447273    37.58372319    34.44327187    23.17266099],1650
2,[39.96518672],[[0.18219496]],"[array([[40.58258307, 27.10237835]]), 59.62855561137021]","[nan, nan]","['rbf.variance', 'rbf.lengthscale', 'Gaussian_noise.variance']",[11394.49089974    40.73000502    34.10855941    16.31997206],1650
3,[38.04092069],[[0.39287157]],"[array([[99.41603707, 42.34713824]]), 59.96306843345872]","[nan, nan]","['rbf.variance', 'rbf.lengthscale', 'Gaussian_noise.variance']",[1.13944877e+04 3.71314416e+01 2.09288605e+01 9.27733840e-03],1650
4,[38.06750208],[[0.375484]],"[array([[38.01861939, 59.59372597]]), 59.58975516466297]","[nan, nan]","['rbf.variance', 'rbf.lengthscale', 'Gaussian_noise.variance']",[1.05821864e+04 3.84362038e+01 2.11136314e+01 1.00000000e-03],1650
5,[39.19082729],[[1.95068197e-05]],"[array([[52.42964608, 42.21581474]]), 60.83028301027127]","[nan, nan]","['rbf.variance', 'rbf.lengthscale', 'Gaussian_noise.variance']",[1.05821737e+04 4.05109457e+01 1.79365029e+01 9.97257105e-03],1650
6,[36.17869579],[[2.40587454]],"[array([[36.15150335, 37.20009575]]), 62.42059381165031]","[nan, nan]","['rbf.variance', 'rbf.lengthscale', 'Gaussian_noise.variance']",[27194.76849491    50.07605577    50.97315288   132.23824654],1650
7,[36.12378343],[[2.48500631]],"[array([[36.14717128, 49.76950961]]), 66.17173928482832]","[nan, nan]","['rbf.variance', 'rbf.lengthscale', 'Gaussian_noise.variance']",[23581.55276404    47.01892497    47.41993258   127.33149647],1650
