,X_r,OC,KG,DL,HP_names,HP_vars,file_number
0,[19.77746648],[[34.33645521]],"[array([[ 0.29548761, 28.25312689]]), 47.018330196640825]","[nan, nan]","['rbf.variance', 'rbf.lengthscale', 'Gaussian_noise.variance']",[5.84545895e+04 8.29648982e+01 7.62143003e+01 3.59404772e+01],1649
1,[30.04880041],[[13.79735025]],"[array([[30.0642719 , 65.76008028]]), 38.498500093443916]","[nan, nan]","['rbf.variance', 'rbf.lengthscale', 'Gaussian_noise.variance']",[5.84545152e+04 8.16939875e+01 7.49921352e+01 5.53270003e+01],1649
2,[31.55664427],[[10.79658068]],"[array([[97.4703168 , 99.63296107]]), 35.75940158063582]","[nan, nan]","['rbf.variance', 'rbf.lengthscale', 'Gaussian_noise.variance']",[33065.24576078    67.61814806    68.00913343   104.77710211],1649
3,[30.11068612],[[13.6738429]],"[array([[30.12337238, 65.66481507]]), 37.5736666578839]","[nan, nan]","['rbf.variance', 'rbf.lengthscale', 'Gaussian_noise.variance']",[45381.50052178    73.92633261    77.96172478    97.0039524 ],1649
4,[47.10343957],[[15.26937925]],"[array([[70.13717722, 38.51520629]]), 36.45558509434466]","[nan, nan]","['rbf.variance', 'rbf.lengthscale', 'Gaussian_noise.variance']",[1.13516244e+04 5.39341573e+01 2.11499730e+01 1.54629313e-03],1649
5,[28.51690989],[[16.85811267]],"[array([[28.53468405, 23.14442319]]), 35.16143288202357]","[nan, nan]","['rbf.variance', 'rbf.lengthscale', 'Gaussian_noise.variance']",[32925.21784226    66.64911072    69.86046799   149.09277358],1649
6,[37.16296655],[[1.16172573]],"[array([[37.91820704, 37.74738806]]), 64.79416840054883]","[nan, nan]","['rbf.variance', 'rbf.lengthscale', 'Gaussian_noise.variance']",[3.29252127e+04 2.37009559e+01 8.03740999e+01 8.62278475e-03],1649
7,[39.52357692],[[0.03246008]],"[array([[39.7659873 , 39.36224063]]), 76.05951576738431]","[nan, nan]","['rbf.variance', 'rbf.lengthscale', 'Gaussian_noise.variance']",[1.76554319e+04 1.77878322e+01 6.15787017e+01 1.00000000e-03],1649
