,X_r,OC,KG,DL,HP_names,HP_vars,file_number
0,[25.57077096],[[22.74985431]],"[array([[ 2.05897351, 37.28365993]]), 90.24016002734791]","[nan, nan]","['rbf.variance', 'rbf.lengthscale', 'Gaussian_noise.variance']",[5.97266723e+03 4.48102547e+01 2.48986623e+01 9.99954199e-03],194
1,[37.75926182],[[0.59932828]],"[array([[18.02784155, 38.3644226 ]]), 68.85382297242793]","[nan, nan]","['rbf.variance', 'rbf.lengthscale', 'Gaussian_noise.variance']",[5255.07655531   37.74589654   27.03513606   20.50972518],194
