,X_r,OC,KG,DL,HP_names,HP_vars,file_number
0,[31.9731245],[[9.97326202]],"[array([[15.84220575, 53.86443206]]), 47.28450037082301]","[nan, nan]","['rbf.variance', 'rbf.lengthscale', 'Gaussian_noise.variance']",[16566.86838181    53.61017493    42.52672653    33.29044421],1685
1,[37.66891162],[[0.67391794]],"[array([[12.19036481, 20.06268658]]), 51.025505535947524]","[nan, nan]","['rbf.variance', 'rbf.lengthscale', 'Gaussian_noise.variance']",[13565.27785228    44.85069543    43.51210126    36.46337728],1685
2,[37.06773231],[[1.26608387]],"[array([[58.98748519, 29.36938755]]), 57.09847177430524]","[nan, nan]","['rbf.variance', 'rbf.lengthscale', 'Gaussian_noise.variance']",[13563.84393225    43.99728068    43.46473289    18.04782352],1685
3,[37.66655053],[[0.67592014]],"[array([[32.0561797 , 47.48155418]]), 67.48562851514433]","[nan, nan]","['rbf.variance', 'rbf.lengthscale', 'Gaussian_noise.variance']",[1.22861604e+04 4.26927340e+01 3.94990157e+01 1.00000000e-03],1685
4,[38.70106824],[[0.07453216]],"[array([[38.69363775, 22.29459494]]), 63.306118675060155]","[nan, nan]","['rbf.variance', 'rbf.lengthscale', 'Gaussian_noise.variance']",[1.21645273e+04 4.11564498e+01 4.31429109e+01 4.07236599e+00],1685
5,[39.69143553],[[0.07494252]],"[array([[39.69161794, 68.10005342]]), 57.5529135933269]","[nan, nan]","['rbf.variance', 'rbf.lengthscale', 'Gaussian_noise.variance']",[12858.34445136    43.05303597    44.30251421    23.55623536],1685
6,[41.1996315],[[1.24755426]],"[array([[41.16471342,  9.30479541]]), 62.46592827005112]","[nan, nan]","['rbf.variance', 'rbf.lengthscale', 'Gaussian_noise.variance']",[1.28583381e+04 3.93732060e+01 3.64678627e+01 2.12244403e+00],1685
7,[38.93896351],[[0.02047458]],"[array([[58.85586613, 40.06009762]]), 61.17172593239789]","[nan, nan]","['rbf.variance', 'rbf.lengthscale', 'Gaussian_noise.variance']",[1.93679892e+04 5.80220068e+01 2.28777948e+01 2.29037798e+00],1685
