,X_r,OC,KG,DL,HP_names,HP_vars,file_number
0,[31.87948103],[[10.15804893]],"[array([[ 6.42557238, 40.96145821]]), 61.19049165067953]","[nan, nan]","['rbf.variance', 'rbf.lengthscale', 'Gaussian_noise.variance']",[2.21794990e+04 8.13684852e+01 3.41391171e+01 1.41269942e-05],181
1,[37.77491151],[[0.58681326]],"[array([[32.66375082, 42.69311378]]), 59.292536362905935]","[nan, nan]","['rbf.variance', 'rbf.lengthscale', 'Gaussian_noise.variance']",[1.68190038e+04 5.88571060e+01 3.26495574e+01 1.00000000e-03],181
2,[36.05515494],[[2.58516324]],"[array([[98.67840853, 44.13361823]]), 61.30550751186556]","[nan, nan]","['rbf.variance', 'rbf.lengthscale', 'Gaussian_noise.variance']",[1.68183256e+04 5.06058532e+01 3.55026932e+01 6.29393345e+00],181
3,[36.19128418],[[2.38786254]],"[array([[36.19723317, 25.66623072]]), 61.692508180296876]","[nan, nan]","['rbf.variance', 'rbf.lengthscale', 'Gaussian_noise.variance']",[1.15796477e+04 4.82858970e+01 2.79388706e+01 6.63613128e+00],181
