,X_r,OC,KG,DL,HP_names,HP_vars,file_number
0,[35.07186304],[[4.15273292]],"[array([[23.96579873, 51.69931631]]), 66.77825985937719]","[nan, nan]","['rbf.variance', 'rbf.lengthscale', 'Gaussian_noise.variance']",[5.13105261e+04 5.74062404e+01 6.80757604e+01 1.00000000e-03],1822
1,[40.2540584],[[0.34659491]],"[array([[53.74143549, 46.00771   ]]), 68.4697711104159]","[nan, nan]","['rbf.variance', 'rbf.lengthscale', 'Gaussian_noise.variance']",[2.42933152e+04 4.00371715e+01 6.02993248e+01 1.00000000e-03],1822
2,[40.66964848],[[0.67494833]],"[array([[15.51947876, 60.25997477]]), 68.22829271884981]","[nan, nan]","['rbf.variance', 'rbf.lengthscale', 'Gaussian_noise.variance']",[2.38679658e+04 4.27498457e+01 5.62957854e+01 1.00000000e-03],1822
3,[40.71502312],[[0.71729404]],"[array([[40.72397305, 62.67406166]]), 67.17487910022288]","[nan, nan]","['rbf.variance', 'rbf.lengthscale', 'Gaussian_noise.variance']",[2.38679622e+04 4.02054793e+01 5.84889615e+01 1.87181367e+00],1822
