,X_r,OC,KG,DL,HP_names,HP_vars,file_number
0,[28.66546732],[[16.56111259]],"[array([[34.38994141, 54.92691208]]), 45.32687471201345]","[nan, nan]","['rbf.variance', 'rbf.lengthscale', 'Gaussian_noise.variance']",[1.89890388e+04 4.82640139e+01 3.87340535e+01 1.01106650e-02],1715
1,[31.11737178],[[11.66832241]],"[array([[ 1.84586415, 16.82633513]]), 42.514130350370095]","[nan, nan]","['rbf.variance', 'rbf.lengthscale', 'Gaussian_noise.variance']",[1.89889048e+04 4.96143399e+01 3.71548938e+01 4.92356016e+00],1715
2,[28.48835236],[[16.91520789]],"[array([[59.96385843, 62.5148272 ]]), 56.82497315808873]","[nan, nan]","['rbf.variance', 'rbf.lengthscale', 'Gaussian_noise.variance']",[1.48687659e+04 4.11727588e+01 3.79326576e+01 1.11435979e+01],1715
3,[33.9402151],[[6.1784901]],"[array([[10.89346728, 64.87018595]]), 52.50262411235287]","[nan, nan]","['rbf.variance', 'rbf.lengthscale', 'Gaussian_noise.variance']",[1.23969648e+04 3.68577553e+01 3.20743059e+01 1.00000000e-03],1715
4,[32.57654009],[[8.78863507]],"[array([[64.17358914,  9.16328612]]), 49.27958328481746]","[nan, nan]","['rbf.variance', 'rbf.lengthscale', 'Gaussian_noise.variance']",[1.21134252e+04 3.62692052e+01 3.25697959e+01 5.04288587e-01],1715
5,[31.86453656],[[10.18755816]],"[array([[31.9457887 , 27.90809162]]), 48.0691134338633]","[nan, nan]","['rbf.variance', 'rbf.lengthscale', 'Gaussian_noise.variance']",[1.21134244e+04 3.77948484e+01 3.31740363e+01 5.73352659e-01],1715
