,X_r,OC,KG,DL,HP_names,HP_vars,file_number
0,[24.80725921],[[24.27687211]],"[array([[ 2.54953888, 41.35812561]]), 56.13376139607033]","[nan, nan]","['rbf.variance', 'rbf.lengthscale', 'Gaussian_noise.variance']",[1.17230210e+04 4.76809122e+01 2.62031350e+01 9.97232795e-03],1975
1,[36.52476051],[[1.92905407]],"[array([[54.47507951, 44.66211234]]), 54.12191630480964]","[nan, nan]","['rbf.variance', 'rbf.lengthscale', 'Gaussian_noise.variance']",[1.17230217e+04 4.48593082e+01 2.72702598e+01 9.90654298e-03],1975
