,X_r,OC,KG,DL,HP_names,HP_vars,file_number
0,[39.00927259],[[0.01091798]],"[array([[ 0.20905563, 40.83499404]]), 47.28294822058846]","[nan, nan]","['rbf.variance', 'rbf.lengthscale', 'Gaussian_noise.variance']",[9.99991389e+03 3.63006245e+01 4.39631780e+01 9.99866456e-03],1725
1,[38.53028221],[[0.13362522]],"[array([[24.96908618, 37.92114391]]), 46.82145739566045]","[nan, nan]","['rbf.variance', 'rbf.lengthscale', 'Gaussian_noise.variance']",[9.99991052e+03 3.64261789e+01 4.66496606e+01 1.00701172e-02],1725
2,[31.50887547],[[10.89123263]],"[array([[99.49361367, 52.62867923]]), 45.689112775503155]","[nan, nan]","['rbf.variance', 'rbf.lengthscale', 'Gaussian_noise.variance']",[18312.20282595    52.47183651    58.09022446    83.2858743 ],1725
3,[31.13414145],[[11.63499327]],"[array([[31.1566532, 87.0479533]]), 43.17412475981235]","[nan, nan]","['rbf.variance', 'rbf.lengthscale', 'Gaussian_noise.variance']",[35992.37382281    65.03635416    76.08525408    86.73485779],1725
4,[33.73403081],[[6.5643889]],"[array([[33.75984078, 40.41614469]]), 55.559155621973616]","[nan, nan]","['rbf.variance', 'rbf.lengthscale', 'Gaussian_noise.variance']",[8.25661346e+03 4.04565900e+01 3.41079407e+01 5.97831763e-01],1725
5,[33.93391561],[[6.19021977]],"[array([[33.96599912, 20.94933205]]), 57.45022373090704]","[nan, nan]","['rbf.variance', 'rbf.lengthscale', 'Gaussian_noise.variance']",[9236.56844213   41.40084769   37.05463211   41.0756368 ],1725
