,X_r,OC,KG,DL,HP_names,HP_vars,file_number
0,[30.97352526],[[11.95434893]],"[array([[ 6.82529497, 48.02345622]]), 54.38843645176631]","[nan, nan]","['rbf.variance', 'rbf.lengthscale', 'Gaussian_noise.variance']",[1.34195008e+04 4.38240538e+01 3.18055995e+01 1.00000000e-02],1632
1,[33.84175435],[[6.36226977]],"[array([[60.8704918 , 33.90072886]]), 52.22368566831405]","[nan, nan]","['rbf.variance', 'rbf.lengthscale', 'Gaussian_noise.variance']",[1.34194051e+04 4.21637689e+01 3.41538940e+01 2.03429521e-05],1632
2,[28.42465078],[[17.04256927]],"[array([[92.25145944, 38.43008426]]), 48.54786977648018]","[nan, nan]","['rbf.variance', 'rbf.lengthscale', 'Gaussian_noise.variance']",[13373.8935465     44.70100162    31.68504169    31.50946131],1632
3,[27.97805006],[[17.9355552]],"[array([[ 0.29674159, 31.26549956]]), 48.50995206786855]","[nan, nan]","['rbf.variance', 'rbf.lengthscale', 'Gaussian_noise.variance']",[13373.13032058    45.71967642    32.3975556     26.53726168],1632
4,[27.99059219],[[17.91047548]],"[array([[88.3143844 , 12.87008208]]), 47.53883587859103]","[nan, nan]","['rbf.variance', 'rbf.lengthscale', 'Gaussian_noise.variance']",[14414.52686395    47.78714883    34.70300883    26.13203442],1632
5,[26.24543454],[[21.40054165]],"[array([[26.24569699, 12.56247256]]), 41.554807689140546]","[nan, nan]","['rbf.variance', 'rbf.lengthscale', 'Gaussian_noise.variance']",[2.51728112e+04 5.83770310e+01 3.91361957e+01 2.51308236e+01],1632
6,[25.94080289],[[22.00979654]],"[array([[1.04311853e-06, 9.41187750e+01]]), 41.84950107109809]","[nan, nan]","['rbf.variance', 'rbf.lengthscale', 'Gaussian_noise.variance']",[2.80866919e+04 6.01370234e+01 4.05044129e+01 1.86902751e+01],1632
7,[26.06025766],[[21.77088987]],"[array([[26.06041525, 44.62190941]]), 41.738976436161465]","[nan, nan]","['rbf.variance', 'rbf.lengthscale', 'Gaussian_noise.variance']",[2.46455208e+04 5.87100691e+01 3.87382498e+01 1.63452004e+01],1632
