,X_r,OC,KG,DL,HP_names,HP_vars,file_number
0,[32.14198831],[[9.64061208]],"[array([[99.51715311, 44.14361651]]), 64.03234783361779]","[nan, nan]","['rbf.variance', 'rbf.lengthscale', 'Gaussian_noise.variance']",[6.53607673e+03 1.94119948e+01 3.66941551e+01 3.42866988e-04],174
1,[35.0882039],[[4.12494317]],"[array([[12.67650889, 36.57598587]]), 55.071699393315455]","[nan, nan]","['rbf.variance', 'rbf.lengthscale', 'Gaussian_noise.variance']",[8.52731037e+03 2.57242347e+01 2.97437114e+01 2.27604545e-04],174
2,[39.64694949],[[0.06196528]],"[array([[65.68657769, 40.65018308]]), 50.09609039668708]","[nan, nan]","['rbf.variance', 'rbf.lengthscale', 'Gaussian_noise.variance']",[1.08352092e+04 4.20850999e+01 2.68906950e+01 1.00000000e-03],174
3,[30.49377692],[[12.90974713]],"[array([[44.4507705 , 39.42779103]]), 43.843218724297344]","[nan, nan]","['rbf.variance', 'rbf.lengthscale', 'Gaussian_noise.variance']",[8.92409776e+03 2.62167421e+01 3.40654205e+01 1.00000000e-03],174
4,[37.05669727],[[1.27841868]],"[array([[37.07508301,  1.55243523]]), 65.85519582875995]","[nan, nan]","['rbf.variance', 'rbf.lengthscale', 'Gaussian_noise.variance']",[13898.98738183    40.92464075    37.88477205   102.69848988],174
5,[37.90849197],[[0.48494013]],"[array([[20.99596563, 55.06561857]]), 65.68827366457681]","[nan, nan]","['rbf.variance', 'rbf.lengthscale', 'Gaussian_noise.variance']",[11494.67636672    41.40707312    29.80899365    73.4956919 ],174
