,X_r,OC,KG,DL,HP_names,HP_vars,file_number
0,[40.44665192],[[0.48536094]],"[array([[36.02114191, 38.07582264]]), 89.0376220394223]","[nan, nan]","['rbf.variance', 'rbf.lengthscale', 'Gaussian_noise.variance']",[1.05405681e+04 2.68907898e+01 4.23414462e+01 1.00000000e-03],1652
1,[43.5103917],[[5.48607795]],"[array([[99.824166 , 36.7799123]]), 87.63772948481147]","[nan, nan]","['rbf.variance', 'rbf.lengthscale', 'Gaussian_noise.variance']",[1.00765068e+04 2.43623239e+01 4.79623126e+01 1.00000000e-03],1652
2,[42.60960337],[[3.53777892]],"[array([[2.78800543e-02, 3.41644520e+01]]), 83.75440890605651]","[nan, nan]","['rbf.variance', 'rbf.lengthscale', 'Gaussian_noise.variance']",[10070.47591379    28.07554417    37.83349409    13.99084797],1652
3,[41.61463346],[[1.8113666]],"[array([[41.72477838, 14.82325631]]), 82.6453671568814]","[nan, nan]","['rbf.variance', 'rbf.lengthscale', 'Gaussian_noise.variance']",[9735.12305534   29.42961588   38.59759057   24.21660531],1652
4,[35.4170566],[[3.57696416]],"[array([[35.40819186, 48.5886219 ]]), 80.22304348443254]","[nan, nan]","['rbf.variance', 'rbf.lengthscale', 'Gaussian_noise.variance']",[10768.56413487    37.1926756     28.99934822   149.73573981],1652
5,[35.56868848],[[3.33212268]],"[array([[35.60374827, 75.09814477]]), 69.98544687849879]","[nan, nan]","['rbf.variance', 'rbf.lengthscale', 'Gaussian_noise.variance']",[11432.44926641    41.36942884    30.34453679   246.17378293],1652
6,[35.61126385],[[3.26433716]],"[array([[35.64554146, 33.68349471]]), 70.58121512454298]","[nan, nan]","['rbf.variance', 'rbf.lengthscale', 'Gaussian_noise.variance']",[12409.5138442     42.17761067    32.55676051   218.52651542],1652
7,[35.46151379],[[3.50463703]],"[array([[35.46198656, 99.9995225 ]]), 72.13542527998806]","[nan, nan]","['rbf.variance', 'rbf.lengthscale', 'Gaussian_noise.variance']",[12538.50051362    41.68665478    32.42868689   172.88584362],1652
