,X_r,OC,KG,DL,HP_names,HP_vars,file_number
0,[0.001542],[[73.88830398]],"[array([[99.05020597, 36.3553404 ]]), 60.942400902628776]","[nan, nan]","['rbf.variance', 'rbf.lengthscale', 'Gaussian_noise.variance']",[3.37072633e+04 2.78380989e+04 1.64794326e+01 1.08173865e-04],1830
1,[23.1799824],[[27.53142332]],"[0, -90000000000.0]","[nan, nan]","['rbf.variance', 'rbf.lengthscale', 'Gaussian_noise.variance']",[1.12325440e+04 2.78254810e+04 1.12777069e-22 1.00000000e-03],1830
