,X_r,OC,KG,DL,HP_names,HP_vars,file_number
0,[21.21946394],[[31.45246016]],"[array([[13.20375383, 42.40851289]]), 56.9707574516634]","[nan, nan]","['rbf.variance', 'rbf.lengthscale', 'Gaussian_noise.variance']",[4326.03418631   15.46701505   22.42980247   53.08184991],1612
1,[28.33936063],[[17.21309862]],"[array([[68.05218606, 36.56930697]]), 45.568867749603534]","[nan, nan]","['rbf.variance', 'rbf.lengthscale', 'Gaussian_noise.variance']",[4029.04772746   18.04777713   23.30760838  125.46919034],1612
2,[34.44541643],[[5.25218853]],"[array([[39.09573093, 43.97189572]]), 50.55496361663558]","[nan, nan]","['rbf.variance', 'rbf.lengthscale', 'Gaussian_noise.variance']",[4.02905148e+03 1.48816266e+01 1.94732072e+01 9.96354098e-03],1612
3,[39.62377586],[[0.05569667]],"[array([[ 1.83911221, 39.27781809]]), 68.57341828451499]","[nan, nan]","['rbf.variance', 'rbf.lengthscale', 'Gaussian_noise.variance']",[4.02906234e+03 1.57242737e+01 1.95725586e+01 9.99674629e-03],1612
4,[39.86935743],[[0.13928024]],"[array([[33.2590541 , 43.70468863]]), 68.94339384345193]","[nan, nan]","['rbf.variance', 'rbf.lengthscale', 'Gaussian_noise.variance']",[4.02906316e+03 1.58550820e+01 1.94726181e+01 1.00095994e-02],1612
5,[40.99051409],[[1.00140745]],"[array([[99.99999992, 39.86178042]]), 65.29269454235933]","[nan, nan]","['rbf.variance', 'rbf.lengthscale', 'Gaussian_noise.variance']",[4.37908470e+03 1.62773171e+01 2.41191899e+01 1.00000000e-03],1612
6,[35.80999566],[[2.95383713]],"[array([[35.81028398, 98.80102244]]), 51.02361957027313]","[nan, nan]","['rbf.variance', 'rbf.lengthscale', 'Gaussian_noise.variance']",[19702.9515586     53.14008638    60.11345283   208.18276535],1612
7,[37.13538186],[[1.19156406]],"[array([[37.15025577, 10.99210108]]), 51.23656696747016]","[nan, nan]","['rbf.variance', 'rbf.lengthscale', 'Gaussian_noise.variance']",[9597.87943348   43.30656305   40.12482601  211.77556327],1612
