,X_r,OC,KG,DL,HP_names,HP_vars,file_number
0,[37.05388984],[[1.28156477]],"[array([[ 0.4397768 , 16.40930103]]), 68.25007258713177]","[nan, nan]","['rbf.variance', 'rbf.lengthscale', 'Gaussian_noise.variance']",[23096.20248273    48.12262038    53.86412426   198.53201066],1718
1,[37.24874218],[[1.07100387]],"[array([[ 0.24376466, 63.78082985]]), 66.24868345977312]","[nan, nan]","['rbf.variance', 'rbf.lengthscale', 'Gaussian_noise.variance']",[22941.97140252    49.63065703    56.13561374   177.41513029],1718
2,[37.6072064],[[0.72711951]],"[array([[2.55730204, 1.82077998]]), 66.40958976180545]","[nan, nan]","['rbf.variance', 'rbf.lengthscale', 'Gaussian_noise.variance']",[25454.06195873    52.19302852    58.26730396   137.31849094],1718
3,[45.42734444],[[10.45130255]],"[array([[46.32156763, 51.53963932]]), 88.00613097077888]","[nan, nan]","['rbf.variance', 'rbf.lengthscale', 'Gaussian_noise.variance']",[1.51236457e+04 4.73514105e+01 3.38050969e+01 1.00000000e-03],1718
4,[44.14234467],[[7.02322553]],"[array([[85.33146526,  0.50302997]]), 79.6590352957424]","[nan, nan]","['rbf.variance', 'rbf.lengthscale', 'Gaussian_noise.variance']",[17368.52155644    49.43685751    37.8031127     22.81620918],1718
5,[44.23442189],[[7.25678902]],"[array([[43.84490721, 91.39766121]]), 79.74118817118382]","[nan, nan]","['rbf.variance', 'rbf.lengthscale', 'Gaussian_noise.variance']",[17295.09241912    51.35651602    37.71655641    19.58402042],1718
