,X_r,OC,KG,DL,HP_names,HP_vars,file_number
0,[11.4825477],[[50.92629278]],"[array([[1.04691596e-04, 4.05579690e+01]]), 78.47832660252692]","[nan, nan]","['rbf.variance', 'rbf.lengthscale', 'Gaussian_noise.variance']",[1.19931612e+04 4.86786256e+01 2.31264892e+01 1.00000000e-03],1657
1,[31.90664194],[[10.10443048]],"[array([[11.44060725, 40.24767306]]), 31.81279966507543]","[nan, nan]","['rbf.variance', 'rbf.lengthscale', 'Gaussian_noise.variance']",[1.19931429e+04 4.66078300e+01 2.31535763e+01 9.90552691e-03],1657
2,[29.88946737],[[14.11541268]],"[array([[45.30280423, 40.72319015]]), 39.263935565633574]","[nan, nan]","['rbf.variance', 'rbf.lengthscale', 'Gaussian_noise.variance']",[1.08646596e+04 4.78262741e+01 2.32033283e+01 1.00000000e-03],1657
3,[37.45172598],[[0.86911166]],"[array([[37.41678376, 43.05633668]]), 64.25825509670759]","[nan, nan]","['rbf.variance', 'rbf.lengthscale', 'Gaussian_noise.variance']",[16169.608182      46.65429199    48.45571075   369.55730549],1657
4,[43.243298],[[4.87558892]],"[array([[42.99514325, 43.01103649]]), 92.49289862319073]","[nan, nan]","['rbf.variance', 'rbf.lengthscale', 'Gaussian_noise.variance']",[1.61694901e+04 1.48506470e+01 7.06000878e+01 1.76981018e-05],1657
5,[37.43111476],[[0.88877158]],"[array([[37.43107491, 89.46979166]]), 69.37015611626687]","[nan, nan]","['rbf.variance', 'rbf.lengthscale', 'Gaussian_noise.variance']",[15619.14877754    45.44618432    47.57894787   282.55169216],1657
6,[68.81901556],[[80.34843488]],"[array([[68.00296437, 62.70597719]]), 108.83603745807133]","[nan, nan]","['rbf.variance', 'rbf.lengthscale', 'Gaussian_noise.variance']",[8.64778023e+03 6.52194750e+00 6.74260959e+06 1.00000000e-03],1657
7,[37.68518412],[[0.66019187]],"[array([[37.69059563, 74.37813445]]), 67.05222080789882]","[nan, nan]","['rbf.variance', 'rbf.lengthscale', 'Gaussian_noise.variance']",[15127.46034159    45.82093727    44.09748758   323.87646534],1657
