,X_r,OC,KG,DL,HP_names,HP_vars,file_number
0,[22.87318264],[[28.14502295]],"[array([[2.27818931e-08, 3.89906300e+01]]), 70.36233395030595]","[nan, nan]","['rbf.variance', 'rbf.lengthscale', 'Gaussian_noise.variance']",[8.25356741e+03 3.31692645e+01 2.63810382e+01 1.00176043e-02],1946
1,[33.85278572],[[6.34163281]],"[array([[26.94490111, 48.7950833 ]]), 52.66520617695707]","[nan, nan]","['rbf.variance', 'rbf.lengthscale', 'Gaussian_noise.variance']",[8.25356244e+03 3.28747425e+01 2.52551323e+01 1.00161731e-02],1946
