,X_r,OC,KG,DL,HP_names,HP_vars,file_number
0,[29.78115793],[[14.33167727]],"[array([[ 3.57750559, 37.75496627]]), 60.23946569644792]","[nan, nan]","['rbf.variance', 'rbf.lengthscale', 'Gaussian_noise.variance']",[1.39957594e+04 4.78165261e+01 3.27393890e+01 9.88242650e-05],1716
1,[36.18037132],[[2.40347435]],"[array([[99.99999765, 38.8117334 ]]), 57.217959068373716]","[nan, nan]","['rbf.variance', 'rbf.lengthscale', 'Gaussian_noise.variance']",[13821.35374943    45.88589843    36.35245991   150.01564212],1716
2,[34.51824551],[[5.12127682]],"[array([[34.69414723, 99.99999844]]), 50.40803358683763]","[nan, nan]","['rbf.variance', 'rbf.lengthscale', 'Gaussian_noise.variance']",[21038.55782372    52.69728974    53.65591148   322.83084317],1716
3,[34.88616908],[[4.47194588]],"[array([[2.05031976, 0.56576843]]), 50.197582926328614]","[nan, nan]","['rbf.variance', 'rbf.lengthscale', 'Gaussian_noise.variance']",[20873.99297423    52.1943942     53.73066585   315.59313372],1716
4,[34.87794818],[[4.48621801]],"[array([[34.86452607, 92.52906175]]), 49.896243157175405]","[nan, nan]","['rbf.variance', 'rbf.lengthscale', 'Gaussian_noise.variance']",[20705.82287456    52.26082302    55.86575015   293.84717334],1716
5,[35.64350475],[[3.21329543]],"[array([[99.18737189,  1.58432664]]), 51.48088362911615]","[nan, nan]","['rbf.variance', 'rbf.lengthscale', 'Gaussian_noise.variance']",[20595.3477777     50.43194575    53.38847828   236.62648285],1716
