,X_r,OC,KG,DL,HP_names,HP_vars,file_number
0,[1.08136372],[[71.72866072]],"[array([[2.51302316e-02, 3.53349318e+01]]), 96.38882578517459]","[nan, nan]","['rbf.variance', 'rbf.lengthscale', 'Gaussian_noise.variance']",[1.34818770e+04 3.33380941e+01 3.63906506e+01 1.00000000e-02],1626
1,[38.26636648],[[0.25726125]],"[array([[17.03980892, 42.55128306]]), 77.0895104277224]","[nan, nan]","['rbf.variance', 'rbf.lengthscale', 'Gaussian_noise.variance']",[1.34818601e+04 3.67674216e+01 2.96603597e+01 1.00140103e-02],1626
2,[38.74671477],[[0.06158596]],"[array([[70.49846126, 19.61247945]]), 74.1348919948034]","[nan, nan]","['rbf.variance', 'rbf.lengthscale', 'Gaussian_noise.variance']",[1.23240924e+04 3.91847905e+01 3.00807493e+01 1.00000000e-03],1626
3,[39.94972313],[[0.17487824]],"[array([[29.9403626 , 35.32399938]]), 86.17498497373181]","[nan, nan]","['rbf.variance', 'rbf.lengthscale', 'Gaussian_noise.variance']",[1.23240827e+04 3.53672473e+01 2.83228124e+01 1.00119867e-02],1626
4,[39.3605106],[[0.00801534]],"[array([[39.24067285, 19.95650136]]), 66.4103055082332]","[nan, nan]","['rbf.variance', 'rbf.lengthscale', 'Gaussian_noise.variance']",[11264.45374567    37.426944      30.70258551    93.06786127],1626
5,[40.9256459],[[0.93036321]],"[array([[94.83763737,  0.92822407]]), 65.34810244980021]","[nan, nan]","['rbf.variance', 'rbf.lengthscale', 'Gaussian_noise.variance']",[11231.62371701    34.15545098    29.49094815    62.36700263],1626
6,[37.31145623],[[1.00668076]],"[array([[51.60879358, 39.80227882]]), 59.32614339601464]","[nan, nan]","['rbf.variance', 'rbf.lengthscale', 'Gaussian_noise.variance']",[1.12316518e+04 4.40773261e+01 1.14072884e+01 1.08370113e-02],1626
7,[41.20825356],[[1.25825829]],"[array([[29.55216175, 40.12570898]]), 65.71070367796386]","[nan, nan]","['rbf.variance', 'rbf.lengthscale', 'Gaussian_noise.variance']",[1.12316630e+04 4.45985856e+01 1.21561159e+01 9.97360023e-03],1626
