,X_r,OC,KG,DL,HP_names,HP_vars,file_number
0,[99.99836172],[[173.8864731]],"[array([[ 3.31481349, 37.83876899]]), 33.07580293934884]","[nan, nan]","['rbf.variance', 'rbf.lengthscale', 'Gaussian_noise.variance']",[2040.70445172 2384.70985914    6.25836236   59.53867254],183
1,[99.99836172],[[173.8864731]],"[array([[1.12956972e-05, 3.94788254e+01]]), 33.51752827848825]","[nan, nan]","['rbf.variance', 'rbf.lengthscale', 'Gaussian_noise.variance']",[2.04070587e+03 2.38471093e+03 1.41003387e+00 9.07537807e-03],183
2,[99.99836172],[[173.8864731]],"[array([[100.        ,  39.84989192]]), 50.5299602538348]","[nan, nan]","['rbf.variance', 'rbf.lengthscale', 'Gaussian_noise.variance']",[2026.25994338   89.61729899    6.37181405    8.71082159],183
3,[44.15177847],[[7.04705232]],"[array([[97.35794923, 19.32502017]]), 43.57451008904951]","[nan, nan]","['rbf.variance', 'rbf.lengthscale', 'Gaussian_noise.variance']",[10280.60259225    45.06467343    48.1097171    178.20549584],183
