,X_r,OC,KG,DL,HP_names,HP_vars,file_number
0,[31.35558364],[[11.19523079]],"[array([[46.82634925, 38.93109416]]), 59.94015068119035]","[nan, nan]","['rbf.variance', 'rbf.lengthscale', 'Gaussian_noise.variance']",[9.99994876e+03 2.96830351e+01 4.73818692e+01 2.28922777e-04],172
1,[34.70798923],[[4.78378246]],"[array([[19.62469232, 42.16370284]]), 62.40376763878258]","[nan, nan]","['rbf.variance', 'rbf.lengthscale', 'Gaussian_noise.variance']",[1.54231244e+04 3.75076755e+01 5.53961886e+01 1.00000000e-03],172
2,[35.56131603],[[3.34390439]],"[array([[35.51234732,  1.30712043]]), 60.05616240283638]","[nan, nan]","['rbf.variance', 'rbf.lengthscale', 'Gaussian_noise.variance']",[1.54227899e+04 3.66966305e+01 5.62589616e+01 5.75159169e+00],172
3,[35.51237259],[[3.42244165]],"[array([[35.54032846,  8.33802776]]), 59.19129074642941]","[nan, nan]","['rbf.variance', 'rbf.lengthscale', 'Gaussian_noise.variance']",[1.20629992e+04 4.97624966e+01 3.09390244e+01 1.00000000e-03],172
4,[35.36718232],[[3.65862316]],"[array([[35.21379261, 34.96089243]]), 60.7904023769737]","[nan, nan]","['rbf.variance', 'rbf.lengthscale', 'Gaussian_noise.variance']",[7.68754421e+03 4.19455820e+01 2.72665730e+01 1.00000000e-03],172
5,[35.83695794],[[2.91249006]],"[array([[35.84639504, 58.73857034]]), 64.56861386316434]","[nan, nan]","['rbf.variance', 'rbf.lengthscale', 'Gaussian_noise.variance']",[6852.99901726   37.59811088   24.62894501   42.55808378],172
