,X_r,OC,KG,DL,HP_names,HP_vars,file_number
0,[31.4140759],[[11.07918817]],"[array([[15.49500258, 41.29689157]]), 91.09294352855454]","[nan, nan]","['rbf.variance', 'rbf.lengthscale', 'Gaussian_noise.variance']",[8.48679466e+03 3.63642547e+01 2.26398039e+01 9.98757337e-03],1939
1,[38.17721727],[[0.30764997]],"[array([[99.28953225, 38.7657424 ]]), 80.59171611561143]","[nan, nan]","['rbf.variance', 'rbf.lengthscale', 'Gaussian_noise.variance']",[8.48678973e+03 2.91464245e+01 2.48865390e+01 1.00066070e-02],1939
