,X_r,OC,KG,DL,HP_names,HP_vars,file_number
0,[49.01595331],[[20.94937353]],"[array([[ 0.23700707, 39.71428293]]), 52.61998197657607]","[nan, nan]","['rbf.variance', 'rbf.lengthscale', 'Gaussian_noise.variance']",[4.72160217e+03 2.30600437e+01 2.45987134e+01 9.97622566e-03],1938
1,[49.9352882],[[23.70088192]],"[array([[34.0284739 , 40.86336132]]), 49.77879522164405]","[nan, nan]","['rbf.variance', 'rbf.lengthscale', 'Gaussian_noise.variance']",[4.72159018e+03 2.28980520e+01 2.71665511e+01 9.94942209e-03],1938
