,X_r,OC,KG,DL,HP_names,HP_vars,file_number
0,[40.55782663],[[0.57601963]],"[array([[55.0802369, 32.472174 ]]), 34.37111647028972]","[nan, nan]","['rbf.variance', 'rbf.lengthscale', 'Gaussian_noise.variance']",[2.45986458e+05 1.01338457e+02 1.20729083e+02 7.89326041e-05],1750
1,[29.69673175],[[14.50028154]],"[array([[5.09557856, 0.04778113]]), 27.66588462687376]","[nan, nan]","['rbf.variance', 'rbf.lengthscale', 'Gaussian_noise.variance']",[2.45986354e+05 1.11561650e+02 1.05954491e+02 1.29020676e+02],1750
2,[25.94768302],[[21.99603653]],"[array([[99.99999972, 99.99975351]]), 28.30215561336606]","[nan, nan]","['rbf.variance', 'rbf.lengthscale', 'Gaussian_noise.variance']",[2.45986284e+05 1.09705464e+02 1.12036214e+02 1.16574163e+02],1750
3,[26.50769959],[[20.87602249]],"[array([[26.49584184, 38.29584606]]), 28.659596795365722]","[nan, nan]","['rbf.variance', 'rbf.lengthscale', 'Gaussian_noise.variance']",[2.45986214e+05 1.15095382e+02 1.13280821e+02 1.13299565e+02],1750
4,[22.63586193],[[28.61966433]],"[array([[22.63814489, 69.77251891]]), 36.301563714385374]","[nan, nan]","['rbf.variance', 'rbf.lengthscale', 'Gaussian_noise.variance']",[2.45986101e+05 1.21692644e+02 1.12795448e+02 1.82401952e+02],1750
5,[24.32748252],[[25.23642416]],"[array([[24.30104444, 88.62174026]]), 34.177987230586226]","[nan, nan]","['rbf.variance', 'rbf.lengthscale', 'Gaussian_noise.variance']",[2.45985995e+05 1.14786287e+02 1.14194789e+02 1.76507106e+02],1750
