,DL,HP_names,HP_vars,KG,OC,X_r,file_number
0,"[0, 5.247357342760714e-09]","['rbf.variance', 'rbf.lengthscale', 'Gaussian_noise.variance']",[0.10791778 0.27215737 0.29351447 0.001     ],"[array([[0.99348488, 0.53974072]]), 0.0077892108550565095]",[0.01407614],[0.99999898],0
