,X_r,OC,KG,DL,HP_names,HP_vars,file_number
0,[45.3622162],[[10.27024892]],"[array([[29.69093626, 40.48303385]]), 60.98272509647523]","[nan, nan]","['rbf.variance', 'rbf.lengthscale', 'Gaussian_noise.variance']",[1.29748706e+04 3.81851355e+01 4.57176761e+01 1.55621063e-05],1787
1,[41.20838462],[[1.25842134]],"[array([[ 0.04132081, 31.73304904]]), 68.25613599831631]","[nan, nan]","['rbf.variance', 'rbf.lengthscale', 'Gaussian_noise.variance']",[1.38427003e+04 4.13914408e+01 4.52410044e+01 1.00000000e-03],1787
2,[41.33772942],[[1.42421524]],"[array([[41.53901813, 34.10316592]]), 68.72626831493679]","[nan, nan]","['rbf.variance', 'rbf.lengthscale', 'Gaussian_noise.variance']",[1.38425913e+04 4.20431802e+01 4.61155632e+01 2.10862362e-04],1787
3,[38.17022712],[[0.31178166]],"[array([[37.78462521, 18.23942532]]), 61.051212543377545]","[nan, nan]","['rbf.variance', 'rbf.lengthscale', 'Gaussian_noise.variance']",[11314.09045877    48.59551507    36.47343013    27.10354156],1787
4,[38.37571165],[[0.20135384]],"[array([[50.23440648, 63.85001241]]), 61.88816381817276]","[nan, nan]","['rbf.variance', 'rbf.lengthscale', 'Gaussian_noise.variance']",[11311.82761114    41.50214869    23.90323347    24.86601067],1787
5,[37.99073652],[[0.42669976]],"[array([[38.01902544, 40.55798765]]), 60.17276084608761]","[nan, nan]","['rbf.variance', 'rbf.lengthscale', 'Gaussian_noise.variance']",[11308.69621771    48.7919261     39.49848489    24.95465118],1787
