,X_r,OC,KG,DL,HP_names,HP_vars,file_number
0,[41.0142172],[[1.0279987]],"[array([[ 3.01321334, 39.9572485 ]]), 68.63094434392077]","[nan, nan]","['rbf.variance', 'rbf.lengthscale', 'Gaussian_noise.variance']",[1.16442500e+04 4.12708102e+01 4.45261345e+01 1.01923583e-04],1779
1,[40.84667633],[[0.84730842]],"[array([[19.05808027, 37.98999449]]), 67.63996704847614]","[nan, nan]","['rbf.variance', 'rbf.lengthscale', 'Gaussian_noise.variance']",[1.10349356e+04 4.21931434e+01 4.47627067e+01 1.00000000e-03],1779
2,[41.1112163],[[1.14031514]],"[array([[79.48534144, 22.86237162]]), 67.20920311620733]","[nan, nan]","['rbf.variance', 'rbf.lengthscale', 'Gaussian_noise.variance']",[1.07340610e+04 4.18017843e+01 4.69747455e+01 1.00000000e-03],1779
3,[39.36429425],[[0.00839565]],"[array([[39.36431818, 45.87575949]]), 62.01783261978234]","[nan, nan]","['rbf.variance', 'rbf.lengthscale', 'Gaussian_noise.variance']",[14406.78703722    47.55229832    50.31723848    61.80567059],1779
4,[39.95878214],[[0.17914631]],"[array([[99.99999994, 78.64458845]]), 66.34785580599095]","[nan, nan]","['rbf.variance', 'rbf.lengthscale', 'Gaussian_noise.variance']",[13250.93032578    45.85563198    48.63479072    56.3480165 ],1779
5,[39.58881652],[[0.04687652]],"[array([[39.589122  , 14.62616055]]), 66.75516594747364]","[nan, nan]","['rbf.variance', 'rbf.lengthscale', 'Gaussian_noise.variance']",[14646.1124575     46.50542882    51.1657539     56.32212577],1779
