,X_r,OC,KG,DL,HP_names,HP_vars,file_number
0,[0.00154619],[[73.88829579]],"[array([[ 0.06955847, 28.3741453 ]]), 88.66489230928521]","[nan, nan]","['rbf.variance', 'rbf.lengthscale', 'Gaussian_noise.variance']",[1.55496732e+04 3.75959894e+01 4.52807825e+01 1.17221998e-04],1967
1,[27.80059405],[[18.29041032]],"[array([[52.06540648, 24.5045023 ]]), 45.49061682625549]","[nan, nan]","['rbf.variance', 'rbf.lengthscale', 'Gaussian_noise.variance']",[11137.65824477    49.65581654    36.94380966   469.03593769],1967
