,X_r,OC,KG,DL,HP_names,HP_vars,file_number
0,[32.82341916],[[8.30784163]],"[array([[38.00637313, 49.3680797 ]]), 42.501224485326354]","[nan, nan]","['rbf.variance', 'rbf.lengthscale', 'Gaussian_noise.variance']",[2.38701024e+04 6.10395718e+01 4.84084175e+01 1.14214954e-04],1978
1,[33.85540501],[[6.33673445]],"[array([[33.9336879 , 94.01050365]]), 45.71838251749832]","[nan, nan]","['rbf.variance', 'rbf.lengthscale', 'Gaussian_noise.variance']",[23869.93088171    58.66247544    47.67709881    39.81944153],1978
