,X_r,OC,KG,DL,HP_names,HP_vars,file_number
0,[42.84951909],[[4.02471097]],"[array([[2.87204509e-07, 3.88985377e+01]]), 40.00234974241354]","[nan, nan]","['rbf.variance', 'rbf.lengthscale', 'Gaussian_noise.variance']",[1.54830800e+04 4.66506387e+01 3.55362562e+01 9.98610090e-03],1719
1,[41.48857073],[[1.6297387]],"[array([[25.90720882, 44.77894477]]), 38.43890609240441]","[nan, nan]","['rbf.variance', 'rbf.lengthscale', 'Gaussian_noise.variance']",[1.81996105e+04 5.33479497e+01 3.55085352e+01 1.00000000e-03],1719
2,[37.53406356],[[0.79251669]],"[array([[83.70010195, 46.16554898]]), 47.689706464743225]","[nan, nan]","['rbf.variance', 'rbf.lengthscale', 'Gaussian_noise.variance']",[18199.8483717     55.51906964    36.8394432     28.15973456],1719
3,[37.56706574],[[0.76269842]],"[array([[ 3.59499371, 37.89328856]]), 60.13380664620866]","[nan, nan]","['rbf.variance', 'rbf.lengthscale', 'Gaussian_noise.variance']",[1.93767873e+04 5.58479035e+01 2.93462922e+01 1.00000000e-03],1719
4,[38.16656471],[[0.31395667]],"[array([[38.17371168, 36.90507893]]), 58.6872096240655]","[nan, nan]","['rbf.variance', 'rbf.lengthscale', 'Gaussian_noise.variance']",[1.93767571e+04 5.49529388e+01 3.02837162e+01 5.22718651e+00],1719
5,[38.14595266],[[0.32633083]],"[array([[38.14531332,  0.08495819]]), 70.18862665356978]","[nan, nan]","['rbf.variance', 'rbf.lengthscale', 'Gaussian_noise.variance']",[1.26226812e+04 4.55947668e+01 2.50799317e+01 6.40156309e+00],1719
