,X_r,OC,KG,DL,HP_names,HP_vars,file_number
0,[11.77728873],[[50.33681065]],"[array([[ 0.72766921, 35.71492883]]), 72.6718803895937]","[nan, nan]","['rbf.variance', 'rbf.lengthscale', 'Gaussian_noise.variance']",[1.47915055e+04 4.80469427e+01 4.14972721e+01 4.97297409e-04],1921
1,[32.02057334],[[9.87971423]],"[array([[17.13238145, 41.89788333]]), 57.28877350931839]","[nan, nan]","['rbf.variance', 'rbf.lengthscale', 'Gaussian_noise.variance']",[1.27058286e+04 3.54691432e+01 4.73072065e+01 1.00000000e-03],1921
