,X_r,OC,KG,DL,HP_names,HP_vars,file_number
0,[35.26243123],[[3.83186358]],"[array([[1.61191694e-07, 3.91619876e+01]]), 68.73631640523672]","[nan, nan]","['rbf.variance', 'rbf.lengthscale', 'Gaussian_noise.variance']",[9897.23133927   41.72472009   26.58759529  104.35537423],1990
1,[38.28450635],[[0.24753413]],"[array([[28.35682322, 29.1934289 ]]), 61.66596774969442]","[nan, nan]","['rbf.variance', 'rbf.lengthscale', 'Gaussian_noise.variance']",[9891.10734146   40.34411947   30.50608991   85.41841637],1990
