,X_r,OC,KG,DL,HP_names,HP_vars,file_number
0,[28.13711299],[[17.61749282]],"[array([[33.15318037, 60.74424544]]), 33.91551010881518]","[nan, nan]","['rbf.variance', 'rbf.lengthscale', 'Gaussian_noise.variance']",[1.54406124e+04 5.02428440e+01 4.55873827e+01 1.00000000e-02],164
1,[32.34189355],[[9.24788366]],"[array([[ 7.46763772, 40.91467022]]), 34.47566208221284]","[nan, nan]","['rbf.variance', 'rbf.lengthscale', 'Gaussian_noise.variance']",[1.22156131e+04 4.56221873e+01 4.16628450e+01 4.36157931e-01],164
2,[28.97420289],[[15.94395737]],"[array([[42.33346829, 41.21153849]]), 34.954222153384535]","[nan, nan]","['rbf.variance', 'rbf.lengthscale', 'Gaussian_noise.variance']",[1.54650412e+04 5.12883539e+01 4.61246216e+01 1.36032569e+00],164
3,[41.22764595],[[1.28249264]],"[array([[46.01288367, 41.25337467]]), 82.86642068405803]","[nan, nan]","['rbf.variance', 'rbf.lengthscale', 'Gaussian_noise.variance']",[8.00984629e+03 3.59919721e+01 2.30451123e+01 1.00000000e-03],164
4,[37.08979075],[[1.24157714]],"[array([[37.22994054, 42.08701741]]), 86.36867759620702]","[nan, nan]","['rbf.variance', 'rbf.lengthscale', 'Gaussian_noise.variance']",[7.71717648e+03 3.14254312e+01 2.54721861e+01 1.00000000e-03],164
5,[42.49518727],[[3.31455667]],"[array([[42.35737113, 30.55412944]]), 76.58924543546507]","[nan, nan]","['rbf.variance', 'rbf.lengthscale', 'Gaussian_noise.variance']",[8702.97625429   38.20505575   23.72553568   16.65460845],164
6,[41.11441898],[[1.1441191]],"[array([[41.12732558, 27.48681697]]), 79.15205854718083]","[nan, nan]","['rbf.variance', 'rbf.lengthscale', 'Gaussian_noise.variance']",[8102.55167518   35.33962555   21.28966805   18.04386677],164
7,[38.87398513],[[0.0319278]],"[array([[38.89868441, 32.22088194]]), 80.38623321615297]","[nan, nan]","['rbf.variance', 'rbf.lengthscale', 'Gaussian_noise.variance']",[8136.96414004   32.29799381   21.86162714   37.05900407],164
