,X_r,OC,KG,DL,HP_names,HP_vars,file_number
0,[16.92366398],[[40.04406014]],"[array([[1.65339468e-06, 3.97326912e+01]]), 103.5278862948407]","[nan, nan]","['rbf.variance', 'rbf.lengthscale', 'Gaussian_noise.variance']",[7879.82337154   39.01374886   34.05856591   89.87143516],1735
1,[32.58137359],[[8.77919693]],"[array([[26.33895193, 41.6087797 ]]), 84.15299098920714]","[nan, nan]","['rbf.variance', 'rbf.lengthscale', 'Gaussian_noise.variance']",[4.23291100e+03 2.31558334e+01 2.17604343e+01 1.00000000e-03],1735
2,[33.03991931],[[7.88860672]],"[array([[ 8.03612933, 64.68151931]]), 58.285999071222946]","[nan, nan]","['rbf.variance', 'rbf.lengthscale', 'Gaussian_noise.variance']",[8067.13113108   38.69862285   41.72204729  168.40832906],1735
3,[33.18436408],[[7.6103376]],"[array([[33.18454464, 14.11485792]]), 58.34571981085162]","[nan, nan]","['rbf.variance', 'rbf.lengthscale', 'Gaussian_noise.variance']",[10902.37291524    42.37811358    50.48936389   137.88981693],1735
4,[33.10314783],[[7.76664782]],"[array([[33.08184642, 66.91451882]]), 57.534531528558]","[nan, nan]","['rbf.variance', 'rbf.lengthscale', 'Gaussian_noise.variance']",[12633.61515508    45.31331703    52.74106051   120.10365909],1735
5,[36.39086312],[[2.10891487]],"[array([[73.62453929, 15.64251049]]), 63.42479005582364]","[nan, nan]","['rbf.variance', 'rbf.lengthscale', 'Gaussian_noise.variance']",[5226.35034773   31.58526432   29.64661983   77.4638835 ],1735
