,X_r,OC,KG,DL,HP_names,HP_vars,file_number
0,[46.19116809],[[12.61509623]],"[array([[88.05440193, 38.24270522]]), 53.05707130207689]","[nan, nan]","['rbf.variance', 'rbf.lengthscale', 'Gaussian_noise.variance']",[1.54016958e+04 6.68967417e+01 3.04083206e+01 1.00073178e-02],1942
1,[42.78387054],[[3.88899727]],"[array([[21.84942394, 45.0183824 ]]), 66.86673156305814]","[nan, nan]","['rbf.variance', 'rbf.lengthscale', 'Gaussian_noise.variance']",[1.95162987e+04 5.05769834e+01 4.62935595e+01 1.00000000e-03],1942
