,X_r,OC,KG,DL,HP_names,HP_vars,file_number
0,[29.58967022],[[14.71412173]],"[array([[37.97730183, 33.11331194]]), 63.753865583879666]","[nan, nan]","['rbf.variance', 'rbf.lengthscale', 'Gaussian_noise.variance']",[1.42371357e+04 4.56571382e+01 3.29472974e+01 1.00000000e-02],1631
1,[32.73706265],[[8.4757123]],"[array([[98.36457626, 38.00955548]]), 68.78206031373381]","[nan, nan]","['rbf.variance', 'rbf.lengthscale', 'Gaussian_noise.variance']",[1.27922125e+04 4.60643169e+01 3.10173845e+01 1.00000000e-03],1631
2,[32.57868389],[[8.78444888]],"[array([[13.11162553, 33.27337847]]), 69.91705116300227]","[nan, nan]","['rbf.variance', 'rbf.lengthscale', 'Gaussian_noise.variance']",[1.21132867e+04 4.45141848e+01 3.06745935e+01 1.00000000e-03],1631
3,[31.75076348],[[10.41237851]],"[array([[31.78952982, 42.48578973]]), 72.2890103763549]","[nan, nan]","['rbf.variance', 'rbf.lengthscale', 'Gaussian_noise.variance']",[1.34494078e+04 4.42663632e+01 3.20703137e+01 1.00000000e-03],1631
4,[31.45975417],[[10.98860522]],"[array([[26.51499583, 43.74714636]]), 59.61226516274151]","[nan, nan]","['rbf.variance', 'rbf.lengthscale', 'Gaussian_noise.variance']",[1.05122031e+04 3.14588825e+01 3.24709368e+01 1.00000000e-03],1631
5,[31.51548401],[[10.87813565]],"[array([[31.52087764,  5.73495251]]), 55.17739910436123]","[nan, nan]","['rbf.variance', 'rbf.lengthscale', 'Gaussian_noise.variance']",[11102.91595146    43.03860909    34.90586572    59.49616712],1631
6,[34.78334573],[[4.65126947]],"[array([[34.80671126, 20.05814753]]), 59.37946367281128]","[nan, nan]","['rbf.variance', 'rbf.lengthscale', 'Gaussian_noise.variance']",[11102.87140321    49.68153507    20.58725173    22.46978791],1631
7,[31.99567614],[[9.9287931]],"[array([[31.98795878, 31.35095406]]), 53.853702757911094]","[nan, nan]","['rbf.variance', 'rbf.lengthscale', 'Gaussian_noise.variance']",[13431.88463547    50.01206082    36.42487694   204.71704893],1631
