,X_r,OC,KG,DL,HP_names,HP_vars,file_number
0,[33.37456927],[[7.24590185]],"[array([[6.01184403e-06, 7.35678147e+01]]), 33.746279926903185]","[nan, nan]","['rbf.variance', 'rbf.lengthscale', 'Gaussian_noise.variance']",[24699.4094311     61.8819671     56.77405408    84.82312505],198
1,[33.10633008],[[7.76051557]],"[array([[ 0.33828531, 11.18299216]]), 34.00773898482563]","[nan, nan]","['rbf.variance', 'rbf.lengthscale', 'Gaussian_noise.variance']",[24695.80682335    65.24879617    56.56792121    65.00466993],198
