,X_r,OC,KG,DL,HP_names,HP_vars,file_number
0,[31.94654029],[[10.02569896]],"[array([[24.66648969, 44.19968204]]), 63.20212424831453]","[nan, nan]","['rbf.variance', 'rbf.lengthscale', 'Gaussian_noise.variance']",[1.19501784e+04 4.03992118e+01 5.65709950e+01 7.39166999e-05],1633
1,[37.64573903],[[0.69368388]],"[array([[40.87510059, 46.77788784]]), 65.35840610435815]","[nan, nan]","['rbf.variance', 'rbf.lengthscale', 'Gaussian_noise.variance']",[1.00613643e+04 3.03566911e+01 6.08142180e+01 1.00000000e-03],1633
2,[38.38908223],[[0.19496869]],"[array([[38.37094786, 81.38437074]]), 69.09316205089017]","[nan, nan]","['rbf.variance', 'rbf.lengthscale', 'Gaussian_noise.variance']",[9837.13022687   28.50891214   60.07450374   12.94629912],1633
3,[39.35641169],[[0.00761329]],"[array([[39.35849963, 99.84001943]]), 71.54088581212042]","[nan, nan]","['rbf.variance', 'rbf.lengthscale', 'Gaussian_noise.variance']",[7251.90707122   26.96293325   42.70633659    8.11783856],1633
4,[39.33990705],[[0.00609942]],"[array([[39.33967812, 14.68831206]]), 71.4224883218309]","[nan, nan]","['rbf.variance', 'rbf.lengthscale', 'Gaussian_noise.variance']",[7.10725157e+03 2.75846071e+01 4.25280706e+01 6.92659250e+00],1633
5,[38.75437587],[[0.05953202]],"[array([[38.72763671,  6.78575662]]), 63.5694062383253]","[nan, nan]","['rbf.variance', 'rbf.lengthscale', 'Gaussian_noise.variance']",[7149.32674002   33.16023919   35.97295693    9.54119693],1633
6,[36.80189246],[[1.57675814]],"[array([[36.80211043,  2.9717359 ]]), 60.80721995687911]","[nan, nan]","['rbf.variance', 'rbf.lengthscale', 'Gaussian_noise.variance']",[9998.83414108   37.48679842   40.12078779   67.31632906],1633
7,[38.58884695],[[0.11148042]],"[array([[38.57826856, 46.69922742]]), 65.94154103992165]","[nan, nan]","['rbf.variance', 'rbf.lengthscale', 'Gaussian_noise.variance']",[10211.56689156    33.20110976    39.05203934    29.97640619],1633
