,X_r,OC,KG,DL,HP_names,HP_vars,file_number
0,[32.98701816],[[7.99081785]],"[array([[57.18927166, 21.43180327]]), 67.84757490881624]","[nan, nan]","['rbf.variance', 'rbf.lengthscale', 'Gaussian_noise.variance']",[1.85121366e+04 5.27516178e+01 3.39991208e+01 9.99933121e-03],179
1,[32.47227597],[[8.99244928]],"[array([[32.16995627, 42.76222812]]), 67.26985487159928]","[nan, nan]","['rbf.variance', 'rbf.lengthscale', 'Gaussian_noise.variance']",[2.10184101e+04 5.83640360e+01 3.60640030e+01 1.00000000e-03],179
2,[33.43555033],[[7.12958468]],"[array([[ 0.40525915, 40.52251449]]), 61.642939473812376]","[nan, nan]","['rbf.variance', 'rbf.lengthscale', 'Gaussian_noise.variance']",[1.91691820e+04 5.48810991e+01 3.34290186e+01 1.00000000e-03],179
3,[33.1437188],[[7.68851452]],"[array([[27.30165023, 42.85495545]]), 61.36466249534362]","[nan, nan]","['rbf.variance', 'rbf.lengthscale', 'Gaussian_noise.variance']",[1.91690060e+04 5.69854626e+01 2.95381283e+01 2.63371446e-06],179
4,[35.11622187],[[4.07741244]],"[array([[35.07253558, 71.04043578]]), 61.831502126144855]","[nan, nan]","['rbf.variance', 'rbf.lengthscale', 'Gaussian_noise.variance']",[17281.41517992    52.61011326    32.92437618    25.04724793],179
5,[36.27889193],[[2.26386179]],"[array([[36.27821203, 84.76479566]]), 63.51323545223399]","[nan, nan]","['rbf.variance', 'rbf.lengthscale', 'Gaussian_noise.variance']",[17495.39824493    47.80906918    37.66725106    31.36122416],179
