,X_r,OC,KG,DL,HP_names,HP_vars,file_number
0,[30.34467417],[[13.20703935]],"[array([[30.33494614, 58.69806126]]), 59.50168502881842]","[nan, nan]","['rbf.variance', 'rbf.lengthscale', 'Gaussian_noise.variance']",[9.94226665e+04 7.49531013e+01 9.62143223e+01 2.01471840e-05],1960
1,[30.40513451],[[13.08647192]],"[array([[97.55469638,  1.00143604]]), 55.18865262171755]","[nan, nan]","['rbf.variance', 'rbf.lengthscale', 'Gaussian_noise.variance']",[9.94225647e+04 7.76044863e+01 8.34386973e+01 3.52092472e+01],1960
