,X_r,OC,KG,DL,HP_names,HP_vars,file_number
0,[36.48277495],[[1.98480007]],"[array([[99.94758464, 97.39160877]]), 42.813264169634394]","[nan, nan]","['rbf.variance', 'rbf.lengthscale', 'Gaussian_noise.variance']",[26741.65570113    66.08648445    48.62598662   308.64651925],1932
1,[37.15071709],[[1.17493628]],"[array([[5.09153221e-03, 4.51773571e+01]]), 43.29707013329522]","[nan, nan]","['rbf.variance', 'rbf.lengthscale', 'Gaussian_noise.variance']",[26539.87957233    63.57265821    52.46744685   264.32728191],1932
