,X_r,OC,KG,DL,HP_names,HP_vars,file_number
0,[23.60846506],[[26.67445829]],"[array([[12.18907165, 36.92145904]]), 102.45742620582156]","[nan, nan]","['rbf.variance', 'rbf.lengthscale', 'Gaussian_noise.variance']",[2.59312675e+04 3.71028628e+01 6.09474287e+01 2.10632324e-04],1997
1,[34.93806614],[[4.38211672]],"[array([[27.37223032, 37.07317151]]), 84.36738184052979]","[nan, nan]","['rbf.variance', 'rbf.lengthscale', 'Gaussian_noise.variance']",[2.59312442e+04 3.03626191e+01 5.69569452e+01 9.78046744e-03],1997
