,X_r,OC,KG,DL,HP_names,HP_vars,file_number
0,[5.30540611],[[63.28057579]],"[array([[12.0809618 , 39.49811891]]), 61.983070311352776]","[nan, nan]","['rbf.variance', 'rbf.lengthscale', 'Gaussian_noise.variance']",[7.33248073e+03 2.96916916e+01 3.21964817e+01 9.99114649e-03],1721
1,[33.82293786],[[6.39749745]],"[array([[45.88437222, 39.30383271]]), 58.542439183791586]","[nan, nan]","['rbf.variance', 'rbf.lengthscale', 'Gaussian_noise.variance']",[7.01947533e+03 2.96742752e+01 3.01237569e+01 8.33209677e-04],1721
2,[39.0830949],[[0.00407901]],"[array([[38.98354062, 39.60861085]]), 67.52317591914318]","[nan, nan]","['rbf.variance', 'rbf.lengthscale', 'Gaussian_noise.variance']",[7.81126876e+03 3.07007483e+01 3.33870534e+01 1.00000000e-03],1721
3,[37.904691],[[0.48771494]],"[array([[37.96501873, 92.90516186]]), 74.00209569272998]","[nan, nan]","['rbf.variance', 'rbf.lengthscale', 'Gaussian_noise.variance']",[7493.31406936   30.28761978   30.29983142   36.52264937],1721
4,[37.09736778],[[1.23320525]],"[array([[62.1904691 , 36.13891183]]), 77.48039317977657]","[nan, nan]","['rbf.variance', 'rbf.lengthscale', 'Gaussian_noise.variance']",[7488.46757139   25.04744513   25.16572293   17.70556967],1721
5,[37.5871403],[[0.74481009]],"[array([[37.59361201, 56.81623475]]), 74.2335875521121]","[nan, nan]","['rbf.variance', 'rbf.lengthscale', 'Gaussian_noise.variance']",[6950.90449014   30.66769736   30.18849461   24.39102629],1721
