,X_r,OC,KG,DL,HP_names,HP_vars,file_number
0,[99.99967299],[[173.8904068]],"[array([[86.60024712, 44.62400983]]), 26.948924813491416]","[nan, nan]","['rbf.variance', 'rbf.lengthscale', 'Gaussian_noise.variance']",[1.67445720e+04 1.16189827e+04 1.54833545e+01 1.00000000e-03],73
1,[0.00157317],[[73.88824149]],"[array([[93.75432793, 99.96187674]]), 3.704321235952942]","[nan, nan]","['rbf.variance', 'rbf.lengthscale', 'Gaussian_noise.variance']",[ 7986.356707   11609.24788909    13.60310059  1073.9349994 ],73
2,[0.00157317],[[73.88824149]],"[array([[2.65957536e-02, 6.54218749e+01]]), 4.4459278197681735]","[nan, nan]","['rbf.variance', 'rbf.lengthscale', 'Gaussian_noise.variance']",[ 9729.57266647 11610.10521891    14.92049366   960.0270362 ],73
3,[66.10164599],[[72.19632578]],"[0, -90000000000.0]","[nan, nan]","['rbf.variance', 'rbf.lengthscale', 'Gaussian_noise.variance']",[1.03951559e+04 1.16100948e+04 4.26801645e-05 1.47984249e+02],73
