,X_r,OC,KG,DL,HP_names,HP_vars,file_number
0,[34.59695609],[[4.98063135]],"[array([[ 0.44086735, 47.86790223]]), 58.098063566065946]","[nan, nan]","['rbf.variance', 'rbf.lengthscale', 'Gaussian_noise.variance']",[15325.25427119    41.95929345    56.39022235   176.69514468],1995
1,[34.03890857],[[5.99525482]],"[array([[33.99639929, 90.65783115]]), 57.10034755737921]","[nan, nan]","['rbf.variance', 'rbf.lengthscale', 'Gaussian_noise.variance']",[15176.05086649    44.82554351    57.77413705   167.25344483],1995
