,X_r,OC,KG,DL,HP_names,HP_vars,file_number
0,[32.13052895],[[9.66316149]],"[array([[2.71661269e-06, 9.19609637e+01]]), 49.37313052348539]","[nan, nan]","['rbf.variance', 'rbf.lengthscale', 'Gaussian_noise.variance']",[15916.78890551    53.97615257    53.12659918   362.42949606],1816
1,[33.65793999],[[6.70777985]],"[array([[42.04069013,  0.37117121]]), 46.43727574107474]","[nan, nan]","['rbf.variance', 'rbf.lengthscale', 'Gaussian_noise.variance']",[15553.59447871    53.81296271    57.37872569   339.99836196],1816
2,[11.5720385],[[50.74731119]],"[array([[5.01941488e-07, 3.59043443e+01]]), 69.78091777650378]","[nan, nan]","['rbf.variance', 'rbf.lengthscale', 'Gaussian_noise.variance']",[15098.86140345    70.04715563    35.09291046   326.70977009],1816
3,[31.70489638],[[10.5030922]],"[array([[17.64023668, 48.87218431]]), 50.69628344972349]","[nan, nan]","['rbf.variance', 'rbf.lengthscale', 'Gaussian_noise.variance']",[13490.74160934    53.13574001    41.94318669   553.37052605],1816
