,X_r,OC,KG,DL,HP_names,HP_vars,file_number
0,[47.41898568],[[16.19888418]],"[array([[54.08207073, 42.92286759]]), 75.07896256226451]","[nan, nan]","['rbf.variance', 'rbf.lengthscale', 'Gaussian_noise.variance']",[1.71128408e+04 5.30007996e+01 3.10356391e+01 1.00026052e-02],1728
1,[42.02402249],[[2.46091863]],"[array([[99.72934988, 45.0462423 ]]), 55.04615866397295]","[nan, nan]","['rbf.variance', 'rbf.lengthscale', 'Gaussian_noise.variance']",[22931.85571701    61.60094116    42.77627479   113.82450265],1728
2,[43.88847965],[[6.39128112]],"[array([[ 0.2941725 , 42.12341193]]), 57.1442935190345]","[nan, nan]","['rbf.variance', 'rbf.lengthscale', 'Gaussian_noise.variance']",[22908.9416865     49.16353462    47.65915354   122.89393586],1728
3,[43.69365766],[[5.91916092]],"[array([[43.69808894, 18.12538494]]), 58.69542430154117]","[nan, nan]","['rbf.variance', 'rbf.lengthscale', 'Gaussian_noise.variance']",[22893.61236316    51.26062239    45.80701087   109.69392039],1728
4,[43.51659214],[[5.50054769]],"[array([[43.73708772, 98.56521942]]), 60.44958319331253]","[nan, nan]","['rbf.variance', 'rbf.lengthscale', 'Gaussian_noise.variance']",[23823.50805819    50.8342818     45.25688777    79.75236466],1728
5,[43.66273453],[[5.84531428]],"[array([[43.6838011 ,  9.85642465]]), 60.68850705504161]","[nan, nan]","['rbf.variance', 'rbf.lengthscale', 'Gaussian_noise.variance']",[23816.44443846    50.84611869    47.11984683    72.80181077],1728
