,X_r,OC,KG,DL,HP_names,HP_vars,file_number
0,[35.02467613],[[4.2332594]],"[array([[55.03431215,  9.5805657 ]]), 56.70967928977444]","[nan, nan]","['rbf.variance', 'rbf.lengthscale', 'Gaussian_noise.variance']",[12246.98838001    45.98256703    43.52812514    55.16961874],1767
1,[34.90165793],[[4.4450873]],"[array([[34.90309354, 99.99996621]]), 55.784392044466586]","[nan, nan]","['rbf.variance', 'rbf.lengthscale', 'Gaussian_noise.variance']",[12238.72983705    47.25683193    44.93392179    56.35540709],1767
2,[35.33935889],[[3.70441206]],"[array([[95.51808961,  0.65012481]]), 55.811054825412796]","[nan, nan]","['rbf.variance', 'rbf.lengthscale', 'Gaussian_noise.variance']",[12211.82324152    48.70526541    42.07431688    56.64195318],1767
3,[38.40807588],[[0.18606842]],"[array([[38.4319451 , 96.81101776]]), 50.91411449835496]","[nan, nan]","['rbf.variance', 'rbf.lengthscale', 'Gaussian_noise.variance']",[59013.13375552    82.79390724    78.84208494   117.50264   ],1767
4,[38.54786961],[[0.12677001]],"[array([[38.50773805, 64.4697673 ]]), 51.180285790598084]","[nan, nan]","['rbf.variance', 'rbf.lengthscale', 'Gaussian_noise.variance']",[59308.78681279    83.50592853    78.77198494   101.70556767],1767
5,[38.18275997],[[0.30439276]],"[array([[38.17385738, 34.51494394]]), 48.17351435160561]","[nan, nan]","['rbf.variance', 'rbf.lengthscale', 'Gaussian_noise.variance']",[62651.76688864    83.77072973    81.61628063   108.63849874],1767
