,X_r,OC,KG,DL,HP_names,HP_vars,file_number
0,[39.42197027],[[0.01529026]],"[array([[53.76375805, 33.11731066]]), 70.13051847283526]","[nan, nan]","['rbf.variance', 'rbf.lengthscale', 'Gaussian_noise.variance']",[1.15483942e+04 4.98929466e+01 3.17950250e+01 2.61697622e-04],1795
1,[32.93177571],[[8.09771392]],"[array([[20.17538175, 38.54359024]]), 61.128680086042934]","[nan, nan]","['rbf.variance', 'rbf.lengthscale', 'Gaussian_noise.variance']",[1.19201235e+04 3.71811458e+01 4.57585787e+01 1.00000000e-03],1795
2,[36.38789809],[[2.11296552]],"[array([[47.60411207, 55.40636695]]), 57.7590939795606]","[nan, nan]","['rbf.variance', 'rbf.lengthscale', 'Gaussian_noise.variance']",[1.01438232e+04 3.46203159e+01 4.39570516e+01 1.00000000e-03],1795
3,[36.48368717],[[1.9835827]],"[array([[36.48662087, 43.66195539]]), 58.80866040789409]","[nan, nan]","['rbf.variance', 'rbf.lengthscale', 'Gaussian_noise.variance']",[10508.53975939    37.78010068    41.61674235    26.67046844],1795
4,[36.19081349],[[2.3885351]],"[array([[36.17487356,  0.29118921]]), 61.61177093830533]","[nan, nan]","['rbf.variance', 'rbf.lengthscale', 'Gaussian_noise.variance']",[10493.0577374     38.45684722    41.35298404    34.60846635],1795
5,[36.73172953],[[1.66330583]],"[array([[36.73644135, 39.37176501]]), 61.13432894223803]","[nan, nan]","['rbf.variance', 'rbf.lengthscale', 'Gaussian_noise.variance']",[14135.01526727    51.81179353    40.47665921    62.84256045],1795
