,X_r,OC,KG,DL,HP_names,HP_vars,file_number
0,[42.93247834],[[4.19879694]],"[array([[39.28036057, 47.02340325]]), 82.97277968928192]","[nan, nan]","['rbf.variance', 'rbf.lengthscale', 'Gaussian_noise.variance']",[1.32660650e+04 3.76159402e+01 2.97750128e+01 1.00224930e-02],1820
1,[43.47330555],[[5.39980617]],"[array([[22.80288696, 12.9511183 ]]), 70.22732931679077]","[nan, nan]","['rbf.variance', 'rbf.lengthscale', 'Gaussian_noise.variance']",[13229.49702352    41.6555379     30.8775423     68.58972617],1820
2,[49.83113603],[[23.38888776]],"[array([[ 7.59932889, 35.31563794]]), 69.26903595578005]","[nan, nan]","['rbf.variance', 'rbf.lengthscale', 'Gaussian_noise.variance']",[1.32295025e+04 3.79233375e+01 3.09922515e+01 9.98320171e-03],1820
3,[46.5542922],[[13.6645282]],"[array([[74.5363396 , 30.06630666]]), 69.12413612599532]","[nan, nan]","['rbf.variance', 'rbf.lengthscale', 'Gaussian_noise.variance']",[13229.18360104    43.11261427    30.02271463    34.89284664],1820
