,X_r,OC,KG,DL,HP_names,HP_vars,file_number
0,[34.1302131],[[5.82666232]],"[array([[18.77393425, 37.36233527]]), 45.960522446664875]","[nan, nan]","['rbf.variance', 'rbf.lengthscale', 'Gaussian_noise.variance']",[1.16085272e+04 4.02728372e+01 3.83648802e+01 9.95061022e-03],195
1,[32.58288481],[[8.77624626]],"[array([[58.00202845, 38.20117259]]), 48.22394414228509]","[nan, nan]","['rbf.variance', 'rbf.lengthscale', 'Gaussian_noise.variance']",[1.16087333e+04 4.34722233e+01 3.76883037e+01 1.52827475e-05],195
