,X_r,OC,KG,DL,HP_names,HP_vars,file_number
0,[99.99967107],[[173.89040133]],"[array([[99.99256486, 40.73133248]]), 107.32257014820256]","[nan, nan]","['rbf.variance', 'rbf.lengthscale', 'Gaussian_noise.variance']",[1.67609421e+04 1.26294455e+02 2.08249537e+01 9.12624830e-05],188
1,[2.53361364],[[68.82416084]],"[array([[ 1.62757419, 41.96311237]]), 87.82414984470452]","[nan, nan]","['rbf.variance', 'rbf.lengthscale', 'Gaussian_noise.variance']",[1.67610813e+04 7.46650463e+01 1.85788882e+01 9.50477680e-03],188
2,[35.63503628],[[3.22667777]],"[array([[58.04874743, 43.30134792]]), 60.463587315558755]","[nan, nan]","['rbf.variance', 'rbf.lengthscale', 'Gaussian_noise.variance']",[12574.58708673    45.59408107    34.84170134   131.34318794],188
3,[31.88374456],[[10.14963108]],"[array([[80.04444067, 40.66859166]]), 55.2961071079873]","[nan, nan]","['rbf.variance', 'rbf.lengthscale', 'Gaussian_noise.variance']",[12516.87604268    44.54566651    36.80848526   153.91080704],188
