,X_r,OC,KG,DL,HP_names,HP_vars,file_number
0,[65.89013909],[[71.56180525]],"[array([[ 0.53406022, 39.91174089]]), 16.02139622783912]","[nan, nan]","['rbf.variance', 'rbf.lengthscale', 'Gaussian_noise.variance']",[3.18204216e+03 6.37061789e-01 1.12239791e+00 1.86085989e+03],1732
1,[97.78073407],[[167.2335902]],"[array([[99.99999192, 15.4741251 ]]), 54.2955337834261]","[nan, nan]","['rbf.variance', 'rbf.lengthscale', 'Gaussian_noise.variance']",[3282.62213816   84.77779553   44.65446385  978.07866132],1732
2,[0.53458233],[[72.82222333]],"[array([[70.86429453, 39.73490643]]), 15.872904649638444]","[nan, nan]","['rbf.variance', 'rbf.lengthscale', 'Gaussian_noise.variance']",[4.62484686e+03 1.76649414e-01 7.18405722e-01 4.22808116e+03],1732
3,[34.92769424],[[4.4000321]],"[array([[1.03021845, 0.77260673]]), 73.10352177342428]","[nan, nan]","['rbf.variance', 'rbf.lengthscale', 'Gaussian_noise.variance']",[20850.83079279    48.4564202     50.48301567   351.95175379],1732
4,[35.66396887],[[3.18102932]],"[array([[19.64493452, 56.63658337]]), 71.61951738625427]","[nan, nan]","['rbf.variance', 'rbf.lengthscale', 'Gaussian_noise.variance']",[19620.06361601    47.05804087    49.71166145   317.32788623],1732
5,[39.23263544],[[0.00034882]],"[array([[39.29319002,  0.50737492]]), 57.70265294695124]","[nan, nan]","['rbf.variance', 'rbf.lengthscale', 'Gaussian_noise.variance']",[19591.84317015    47.15496421    53.52269679   360.578686  ],1732
