,X_r,OC,KG,DL,HP_names,HP_vars,file_number
0,[24.49078475],[[24.90981996]],"[array([[17.96444995, 43.19671578]]), 49.59319689828143]","[nan, nan]","['rbf.variance', 'rbf.lengthscale', 'Gaussian_noise.variance']",[6.65552414e+03 2.82433207e+01 2.92071499e+01 1.00000000e-02],1712
1,[28.87553006],[[16.14118905]],"[array([[42.33886662, 40.05851194]]), 50.72640766115172]","[nan, nan]","['rbf.variance', 'rbf.lengthscale', 'Gaussian_noise.variance']",[6.68444531e+03 2.78204422e+01 3.19725317e+01 1.00000000e-03],1712
2,[43.20959946],[[4.80040668]],"[array([[48.04376624, 40.11697596]]), 81.25438940189468]","[nan, nan]","['rbf.variance', 'rbf.lengthscale', 'Gaussian_noise.variance']",[7.13002745e+03 2.92018679e+01 2.76525637e+01 1.00000000e-03],1712
3,[35.40225526],[[3.60114155]],"[array([[65.15034715, 39.65505068]]), 84.40989066225508]","[nan, nan]","['rbf.variance', 'rbf.lengthscale', 'Gaussian_noise.variance']",[6645.70222748   23.73781412   28.95705453   36.96162151],1712
4,[35.55993205],[[3.34611738]],"[array([[35.55354061, 83.21223432]]), 79.2392978376409]","[nan, nan]","['rbf.variance', 'rbf.lengthscale', 'Gaussian_noise.variance']",[6799.10468129   26.77198216   29.41087554   47.53331187],1712
5,[35.42762783],[[3.55972598]],"[array([[35.44946444, 11.25476856]]), 79.36394422652762]","[nan, nan]","['rbf.variance', 'rbf.lengthscale', 'Gaussian_noise.variance']",[6410.15422753   26.97086039   26.99044857   51.82469702],1712
