,X_r,OC,KG,DL,HP_names,HP_vars,file_number
0,[17.35040016],[[39.19058787]],"[array([[ 0.08058793, 46.60712439]]), 43.499047674061906]","[nan, nan]","['rbf.variance', 'rbf.lengthscale', 'Gaussian_noise.variance']",[1.46664052e+04 6.19839493e+01 3.52368506e+01 6.07047721e-04],1762
1,[28.53684027],[[16.81826615]],"[array([[53.95865126, 40.62674821]]), 43.6680148338773]","[nan, nan]","['rbf.variance', 'rbf.lengthscale', 'Gaussian_noise.variance']",[1.46664197e+04 5.41150681e+01 3.81828866e+01 1.00954536e-02],1762
2,[30.20252654],[[13.49058779]],"[array([[ 6.85523361, 45.41233116]]), 45.19102498095815]","[nan, nan]","['rbf.variance', 'rbf.lengthscale', 'Gaussian_noise.variance']",[1.46668524e+04 5.15410549e+01 4.09068448e+01 4.78518713e-07],1762
3,[32.50194181],[[8.93441657]],"[array([[32.63840767, 87.14154345]]), 42.20351605531937]","[nan, nan]","['rbf.variance', 'rbf.lengthscale', 'Gaussian_noise.variance']",[2.16294764e+04 5.17791067e+01 4.77756302e+01 1.00000000e-03],1762
4,[31.31973947],[[11.26636733]],"[array([[31.2700023 , 34.73278393]]), 43.22423521651813]","[nan, nan]","['rbf.variance', 'rbf.lengthscale', 'Gaussian_noise.variance']",[2.16294653e+04 5.49373207e+01 4.71357050e+01 2.85891099e+00],1762
5,[31.9246975],[[10.06879664]],"[array([[37.70195899, 35.23849381]]), 60.415092761369856]","[nan, nan]","['rbf.variance', 'rbf.lengthscale', 'Gaussian_noise.variance']",[1.14627958e+04 3.49373940e+01 4.09796011e+01 1.00000000e-03],1762
