,X_r,OC,KG,DL,HP_names,HP_vars,file_number
0,[33.12551356],[[7.72356278]],"[array([[18.37478645, 41.14423946]]), 78.49235469551998]","[nan, nan]","['rbf.variance', 'rbf.lengthscale', 'Gaussian_noise.variance']",[1.19491544e+04 4.38007773e+01 3.03415504e+01 7.73337066e-05],165
1,[38.97319281],[[0.01545229]],"[array([[22.27390082, 40.17364149]]), 68.66440344490476]","[nan, nan]","['rbf.variance', 'rbf.lengthscale', 'Gaussian_noise.variance']",[1.04510158e+04 3.32739080e+01 3.44094112e+01 1.00000000e-03],165
2,[39.82050483],[[0.11963039]],"[array([[39.97375958, 70.85081695]]), 66.72951909833033]","[nan, nan]","['rbf.variance', 'rbf.lengthscale', 'Gaussian_noise.variance']",[1.02928435e+04 3.30407954e+01 3.53236635e+01 1.00000000e-03],165
3,[39.70012739],[[0.07762285]],"[array([[39.71159098, 38.99849555]]), 66.66161322919389]","[nan, nan]","['rbf.variance', 'rbf.lengthscale', 'Gaussian_noise.variance']",[1.02927523e+04 3.38315811e+01 3.53093507e+01 4.51394441e-07],165
4,[38.05419993],[[0.38413907]],"[array([[72.45180921, 44.30546975]]), 76.28426017530408]","[nan, nan]","['rbf.variance', 'rbf.lengthscale', 'Gaussian_noise.variance']",[10288.36676608    29.67131546    35.20862035    26.01214259],165
5,[38.51428861],[[0.14001084]],"[array([[38.54377112, 77.84358929]]), 73.4553550603226]","[nan, nan]","['rbf.variance', 'rbf.lengthscale', 'Gaussian_noise.variance']",[10407.24094644    32.49888839    34.01743102    34.45625645],165
6,[38.56856415],[[0.11892879]],"[array([[38.55086409, 30.06785557]]), 73.15434408918439]","[nan, nan]","['rbf.variance', 'rbf.lengthscale', 'Gaussian_noise.variance']",[10361.13667732    32.85319773    34.93411552    31.74975042],165
7,[38.54011098],[[0.12977242]],"[array([[38.5493103 , 86.57952974]]), 67.33911528614419]","[nan, nan]","['rbf.variance', 'rbf.lengthscale', 'Gaussian_noise.variance']",[10680.42468518    40.05340507    31.41993943    96.4238701 ],165
