,X_r,OC,KG,DL,HP_names,HP_vars,file_number
0,[36.56295626],[[1.87886737]],"[array([[ 0.29852344, 37.00103435]]), 65.7994824179443]","[nan, nan]","['rbf.variance', 'rbf.lengthscale', 'Gaussian_noise.variance']",[1.00000773e+04 3.57209121e+01 3.61894332e+01 1.36184722e-03],1661
1,[36.22794811],[[2.33567822]],"[array([[46.83593523, 40.48684644]]), 64.83134264877626]","[nan, nan]","['rbf.variance', 'rbf.lengthscale', 'Gaussian_noise.variance']",[1.00000751e+04 3.94669723e+01 3.55214835e+01 9.84755181e-03],1661
2,[40.23276146],[[0.33267954]],"[array([[98.35182435, 44.87456668]]), 74.75156542574132]","[nan, nan]","['rbf.variance', 'rbf.lengthscale', 'Gaussian_noise.variance']",[9184.13910249   35.5654642    30.900329    284.24332189],1661
3,[41.36444299],[[1.45966412]],"[array([[41.40353149,  9.61251945]]), 78.28331909881823]","[nan, nan]","['rbf.variance', 'rbf.lengthscale', 'Gaussian_noise.variance']",[8209.45697605   36.43454641   27.05050281  194.71472928],1661
4,[40.8217785],[[0.82190813]],"[array([[40.8437061 , 50.24886838]]), 76.74431281209252]","[nan, nan]","['rbf.variance', 'rbf.lengthscale', 'Gaussian_noise.variance']",[8465.60005945   37.94243996   28.74128739  187.69380331],1661
5,[40.72743917],[[0.72910181]],"[array([[40.76928613, 73.88445647]]), 73.241532043245]","[nan, nan]","['rbf.variance', 'rbf.lengthscale', 'Gaussian_noise.variance']",[8575.14637506   39.41818074   28.9508383   191.40904539],1661
6,[40.58219327],[[0.59691663]],"[array([[40.66073198, 80.91715363]]), 73.12103255421934]","[nan, nan]","['rbf.variance', 'rbf.lengthscale', 'Gaussian_noise.variance']",[8440.07903049   39.94269647   29.54947287  174.57635958],1661
7,[40.90870229],[[0.91222442]],"[array([[40.90916535,  6.79567806]]), 73.88299834704672]","[nan, nan]","['rbf.variance', 'rbf.lengthscale', 'Gaussian_noise.variance']",[8318.847697     39.87083643   29.06950691  149.43838502],1661
