,X_r,OC,KG,DL,HP_names,HP_vars,file_number
0,[6.21028415],[[61.4708198]],"[array([[ 0.56730278, 46.43841183]]), 37.90025231868694]","[nan, nan]","['rbf.variance', 'rbf.lengthscale', 'Gaussian_noise.variance']",[2.83404874e+04 8.54862002e+01 4.60622800e+01 8.61651103e-05],1625
1,[29.00198103],[[15.88843553]],"[array([[14.96590671, 30.0673561 ]]), 33.10639976563059]","[nan, nan]","['rbf.variance', 'rbf.lengthscale', 'Gaussian_noise.variance']",[2.83377393e+04 7.15771470e+01 4.61387028e+01 1.66173901e+01],1625
2,[26.60947087],[[20.67248533]],"[array([[49.36179858, 37.64315432]]), 42.01542975226033]","[nan, nan]","['rbf.variance', 'rbf.lengthscale', 'Gaussian_noise.variance']",[2.83378456e+04 6.23240653e+01 4.88744499e+01 3.34309179e-06],1625
3,[31.83000533],[[10.255763]],"[array([[31.91332156, 22.41266822]]), 44.84842320957586]","[nan, nan]","['rbf.variance', 'rbf.lengthscale', 'Gaussian_noise.variance']",[28335.74571221    69.37607845    48.55135164    57.29403428],1625
4,[32.23218128],[[9.46326775]],"[array([[32.21223427, 17.21542757]]), 49.05004128411176]","[nan, nan]","['rbf.variance', 'rbf.lengthscale', 'Gaussian_noise.variance']",[28335.70398298    65.70018285    50.00194235    75.45212813],1625
5,[32.22490094],[[9.47757383]],"[array([[32.210806  , 11.36101756]]), 48.70722681344704]","[nan, nan]","['rbf.variance', 'rbf.lengthscale', 'Gaussian_noise.variance']",[28335.66725137    66.42904633    50.31770145    69.55550697],1625
6,[33.3765254],[[7.24216679]],"[array([[33.38275074, 36.22951591]]), 46.56517727173605]","[nan, nan]","['rbf.variance', 'rbf.lengthscale', 'Gaussian_noise.variance']",[28335.66129452    63.87111282    53.02963645   175.21199289],1625
7,[33.13230161],[[7.71049241]],"[array([[33.10079981, 65.15955969]]), 53.73515105435013]","[nan, nan]","['rbf.variance', 'rbf.lengthscale', 'Gaussian_noise.variance']",[28335.56119771    61.20043495    51.35405335   202.24222405],1625
