,X_r,OC,KG,DL,HP_names,HP_vars,file_number
0,[36.03293468],[[2.61788575]],"[array([[ 0.09521853, 48.65762484]]), 35.0852212876227]","[nan, nan]","['rbf.variance', 'rbf.lengthscale', 'Gaussian_noise.variance']",[3.54277016e+04 7.20132204e+01 6.21482572e+01 1.55003874e-04],177
1,[34.31919006],[[5.48076102]],"[array([[34.17992412, 15.96396036]]), 39.348789896627736]","[nan, nan]","['rbf.variance', 'rbf.lengthscale', 'Gaussian_noise.variance']",[3.54264656e+04 7.85236770e+01 5.53689727e+01 4.03728386e+00],177
2,[34.06419042],[[5.94848104]],"[array([[11.99514526, 99.56910214]]), 39.18728531412049]","[nan, nan]","['rbf.variance', 'rbf.lengthscale', 'Gaussian_noise.variance']",[3.54264792e+04 7.72042025e+01 5.98147124e+01 1.29985969e+01],177
3,[35.19817987],[[3.9392466]],"[array([[90.96474373,  0.12429644]]), 41.138660466987204]","[nan, nan]","['rbf.variance', 'rbf.lengthscale', 'Gaussian_noise.variance']",[19357.48937668    62.65389763    48.89965116    23.59939194],177
4,[35.94239136],[[2.7526768]],"[array([[35.93610327, 67.55400663]]), 39.39186907328593]","[nan, nan]","['rbf.variance', 'rbf.lengthscale', 'Gaussian_noise.variance']",[2.79546518e+04 7.35790301e+01 5.44409890e+01 2.61813329e+01],177
5,[36.09170942],[[2.53164318]],"[array([[98.40291174, 27.68888194]]), 40.06692062427145]","[nan, nan]","['rbf.variance', 'rbf.lengthscale', 'Gaussian_noise.variance']",[2.79546499e+04 7.21211054e+01 5.50511626e+01 1.93759868e+01],177
