,X_r,OC,KG,DL,HP_names,HP_vars,file_number
0,[28.79134892],[[16.30946432]],"[array([[2.45344855e-02, 4.31931768e+01]]), 36.42804396255482]","[nan, nan]","['rbf.variance', 'rbf.lengthscale', 'Gaussian_noise.variance']",[1.77709487e+04 3.17623081e+01 5.41106901e+01 1.00092252e-02],1629
1,[26.61316145],[[20.66510444]],"[array([[42.98922994, 36.87229021]]), 33.346417376411196]","[nan, nan]","['rbf.variance', 'rbf.lengthscale', 'Gaussian_noise.variance']",[1.77711318e+04 3.24790472e+01 5.72015985e+01 4.82149476e-05],1629
2,[40.86791516],[[0.86927399]],"[array([[55.24737391, 36.08275874]]), 66.04054527254225]","[nan, nan]","['rbf.variance', 'rbf.lengthscale', 'Gaussian_noise.variance']",[1.77709574e+04 4.47015783e+01 3.37504690e+01 1.86499886e-04],1629
3,[35.78318862],[[2.99513538]],"[array([[35.77716395, 83.13342613]]), 52.11127417945714]","[nan, nan]","['rbf.variance', 'rbf.lengthscale', 'Gaussian_noise.variance']",[21224.10730021    55.85946185    47.11678097   123.77777862],1629
4,[35.49298089],[[3.45371196]],"[array([[35.47104612, 26.88081095]]), 51.1399913378516]","[nan, nan]","['rbf.variance', 'rbf.lengthscale', 'Gaussian_noise.variance']",[22437.00690215    57.28632105    50.72856613   115.07194824],1629
5,[34.10715897],[[5.86914479]],"[array([[34.12252506, 85.03484247]]), 58.631664639787665]","[nan, nan]","['rbf.variance', 'rbf.lengthscale', 'Gaussian_noise.variance']",[19421.71525619    48.93974188    49.64218262   202.35324779],1629
6,[33.36864335],[[7.25721956]],"[array([[32.20336429, 35.11346224]]), 76.82111119647656]","[nan, nan]","['rbf.variance', 'rbf.lengthscale', 'Gaussian_noise.variance']",[1.24975595e+04 2.28772399e+01 4.01901288e+01 1.29632311e-04],1629
7,[33.43211365],[[7.13613294]],"[array([[33.42894561, 59.25813469]]), 70.16341750296878]","[nan, nan]","['rbf.variance', 'rbf.lengthscale', 'Gaussian_noise.variance']",[16042.48717494    24.53365387    48.21986486    17.75219253],1629
