,X_r,OC,KG,DL,HP_names,HP_vars,file_number
0,[38.5049122],[[0.14382193]],"[array([[ 0.07056217, 45.31259105]]), 48.303724096823835]","[nan, nan]","['rbf.variance', 'rbf.lengthscale', 'Gaussian_noise.variance']",[18068.19449815    51.17635835    49.6725154    203.32272287],1697
1,[40.18118846],[[0.30016483]],"[array([[41.04518469, 32.20176741]]), 64.87781305261055]","[nan, nan]","['rbf.variance', 'rbf.lengthscale', 'Gaussian_noise.variance']",[8.61730084e+03 4.36144116e+01 2.39731326e+01 1.00000000e-03],1697
2,[39.58545333],[[0.04606825]],"[array([[39.58086324,  5.72829601]]), 50.25529852457959]","[nan, nan]","['rbf.variance', 'rbf.lengthscale', 'Gaussian_noise.variance']",[24644.12424753    57.29746691    54.85322423    95.84127233],1697
3,[39.63614463],[[0.05900059]],"[array([[39.63798302, 81.39029829]]), 49.98958539332698]","[nan, nan]","['rbf.variance', 'rbf.lengthscale', 'Gaussian_noise.variance']",[23987.97621374    56.7794022     56.03365502    89.98791301],1697
4,[41.08576822],[[1.11030614]],"[array([[41.08183847, 93.56475874]]), 51.49605776797542]","[nan, nan]","['rbf.variance', 'rbf.lengthscale', 'Gaussian_noise.variance']",[16513.09606653    50.0858874     46.10312166    76.53166515],1697
5,[41.63258083],[[1.83794432]],"[array([[41.63043568,  5.17545612]]), 52.11172889493419]","[nan, nan]","['rbf.variance', 'rbf.lengthscale', 'Gaussian_noise.variance']",[17157.13555129    50.51598933    46.78225877    61.72388955],1697
6,[41.4138164],[[1.52626142]],"[array([[41.43633847, 39.08352188]]), 52.07361900091068]","[nan, nan]","['rbf.variance', 'rbf.lengthscale', 'Gaussian_noise.variance']",[19045.01101961    51.67484096    47.98047933    58.70037341],1697
7,[41.11825714],[[1.14868567]],"[array([[95.38009966,  2.63102101]]), 60.385977531189795]","[nan, nan]","['rbf.variance', 'rbf.lengthscale', 'Gaussian_noise.variance']",[11249.25970966    44.47001726    36.63101034    74.29948124],1697
