,X_r,OC,KG,DL,HP_names,HP_vars,file_number
0,[43.93275829],[[6.50018192]],"[array([[28.91592441, 41.02536391]]), 74.99796013691528]","[nan, nan]","['rbf.variance', 'rbf.lengthscale', 'Gaussian_noise.variance']",[1.24523913e+04 4.15316626e+01 3.21208329e+01 9.99787155e-03],1698
1,[44.4983357],[[7.93803441]],"[array([[44.32353897, 56.02096422]]), 72.6253558971962]","[nan, nan]","['rbf.variance', 'rbf.lengthscale', 'Gaussian_noise.variance']",[1.24523890e+04 4.40821514e+01 3.21432265e+01 9.94370334e-03],1698
2,[44.27101601],[[7.35022445]],"[array([[44.25473102, 97.69802243]]), 71.93470178876211]","[nan, nan]","['rbf.variance', 'rbf.lengthscale', 'Gaussian_noise.variance']",[1.20043626e+04 4.37357181e+01 3.16545829e+01 6.07839401e+00],1698
3,[44.21445433],[[7.20595096]],"[array([[44.21463706, 41.52140452]]), 72.02384578220308]","[nan, nan]","['rbf.variance', 'rbf.lengthscale', 'Gaussian_noise.variance']",[1.22770541e+04 4.47730688e+01 3.21727023e+01 5.54467840e+00],1698
4,[25.06315838],[[23.76507495]],"[array([[21.59581365, 40.42595783]]), 59.32779275428614]","[nan, nan]","['rbf.variance', 'rbf.lengthscale', 'Gaussian_noise.variance']",[1.84121739e+04 2.62505400e+01 5.40039437e+01 1.00000000e-03],1698
5,[41.73369442],[[1.99098859]],"[array([[41.75193014, 33.27717555]]), 62.34919221870241]","[nan, nan]","['rbf.variance', 'rbf.lengthscale', 'Gaussian_noise.variance']",[15816.20107749    49.02174909    40.20919062    59.86293082],1698
6,[41.54824447],[[1.71460712]],"[array([[41.56794029, 17.20428981]]), 65.15742133908395]","[nan, nan]","['rbf.variance', 'rbf.lengthscale', 'Gaussian_noise.variance']",[14972.00190168    47.07595796    39.74658035    63.69889403],1698
7,[41.84229011],[[2.16153489]],"[array([[41.86256165, 15.6840649 ]]), 65.71840402172982]","[nan, nan]","['rbf.variance', 'rbf.lengthscale', 'Gaussian_noise.variance']",[16083.06085188    49.71615991    39.38165826    61.70662907],1698
