,X_r,OC,KG,DL,HP_names,HP_vars,file_number
0,[27.64307933],[[18.605399]],"[array([[41.2523406 , 37.26985807]]), 41.731044554091966]","[nan, nan]","['rbf.variance', 'rbf.lengthscale', 'Gaussian_noise.variance']",[4.54988176e+04 7.47984075e+01 7.19029719e+01 8.20998944e-01],1982
1,[41.23580454],[[1.29275405]],"[array([[46.25579465, 37.16150976]]), 71.05602301528421]","[nan, nan]","['rbf.variance', 'rbf.lengthscale', 'Gaussian_noise.variance']",[1.43920224e+04 4.06484792e+01 3.80285423e+01 8.72565954e-05],1982
