,X_r,OC,KG,DL,HP_names,HP_vars,file_number
0,[24.49951407],[[24.89236139]],"[array([[ 1.06483299, 39.24294366]]), 79.53501724336768]","[nan, nan]","['rbf.variance', 'rbf.lengthscale', 'Gaussian_noise.variance']",[1.56279703e+04 4.99440634e+01 3.56993476e+01 8.46137559e-05],1917
1,[30.69040467],[[12.51793389]],"[array([[19.38321266, 42.74326386]]), 77.98411981386042]","[nan, nan]","['rbf.variance', 'rbf.lengthscale', 'Gaussian_noise.variance']",[1.56279650e+04 3.78536612e+01 3.61724787e+01 1.01157852e-02],1917
