,X_r,OC,KG,DL,HP_names,HP_vars,file_number
0,[33.87893963],[[6.29275147]],"[array([[ 0.11242711, 34.387563  ]]), 22.537531225070428]","[nan, nan]","['rbf.variance', 'rbf.lengthscale', 'Gaussian_noise.variance']",[10554.98101676    51.38940675    41.18207652   701.12766236],1648
1,[31.67156566],[[10.56903868]],"[array([[ 0.25614755, 97.86261117]]), 23.899964849759026]","[nan, nan]","['rbf.variance', 'rbf.lengthscale', 'Gaussian_noise.variance']",[11876.27954152    54.9015811     46.47283279   609.44423611],1648
2,[24.28317819],[[25.32503267]],"[array([[ 3.28529885, 33.7540754 ]]), 23.182126049592227]","[nan, nan]","['rbf.variance', 'rbf.lengthscale', 'Gaussian_noise.variance']",[1.18761858e+04 5.96396343e+01 1.94998655e+01 1.01964008e-02],1648
3,[28.47444937],[[16.94300442]],"[array([[ 5.01008541, 48.34921646]]), 30.2543007110905]","[nan, nan]","['rbf.variance', 'rbf.lengthscale', 'Gaussian_noise.variance']",[6.84243008e+03 4.83924126e+01 1.70446151e+01 5.58744476e+00],1648
4,[29.17943047],[[15.53378588]],"[array([[59.42853035, 42.10329368]]), 28.023372461882026]","[nan, nan]","['rbf.variance', 'rbf.lengthscale', 'Gaussian_noise.variance']",[6.84298364e+03 5.02844726e+01 1.77721881e+01 2.46349135e+00],1648
5,[34.53188501],[[5.09684141]],"[array([[34.50527238, 98.02563714]]), 31.87473312339838]","[nan, nan]","['rbf.variance', 'rbf.lengthscale', 'Gaussian_noise.variance']",[14377.03657884    57.05760544    50.94596331   334.23171195],1648
6,[34.46481189],[[5.21725372]],"[array([[34.48095255,  4.26861886]]), 32.66326810500743]","[nan, nan]","['rbf.variance', 'rbf.lengthscale', 'Gaussian_noise.variance']",[13296.07021724    56.41967615    48.50988428   297.50896419],1648
7,[34.63790791],[[4.90781229]],"[array([[34.6362808 , 75.47237097]]), 31.925341882725974]","[nan, nan]","['rbf.variance', 'rbf.lengthscale', 'Gaussian_noise.variance']",[15474.69289696    59.50736223    51.62672943   291.14350961],1648
