,X_r,OC,KG,DL,HP_names,HP_vars,file_number
0,[26.85854084],[[20.17436218]],"[array([[1.20293776e-06, 4.20638694e+01]]), 95.82557525011144]","[nan, nan]","['rbf.variance', 'rbf.lengthscale', 'Gaussian_noise.variance']",[12475.02532577    46.56124794    37.03376512   216.66818816],1674
1,[35.37543716],[[3.6450698]],"[array([[25.10822781, 55.72817173]]), 80.35148639224813]","[nan, nan]","['rbf.variance', 'rbf.lengthscale', 'Gaussian_noise.variance']",[12305.00326698    40.75052376    40.48211868   218.61954975],1674
2,[39.12956861],[[0.00146275]],"[array([[ 0.52611101, 96.54107061]]), 70.07214633989393]","[nan, nan]","['rbf.variance', 'rbf.lengthscale', 'Gaussian_noise.variance']",[9986.96983572   39.96144924   33.98204117  226.69207311],1674
3,[39.31311167],[[0.00399929]],"[array([[39.28635859, 10.67979867]]), 68.05945906067693]","[nan, nan]","['rbf.variance', 'rbf.lengthscale', 'Gaussian_noise.variance']",[11463.46965939    41.15979007    40.44699057   224.11211236],1674
4,[38.98638531],[[0.01370363]],"[array([[23.55141958,  0.33056441]]), 68.13457025089676]","[nan, nan]","['rbf.variance', 'rbf.lengthscale', 'Gaussian_noise.variance']",[10696.27900634    43.2001786     36.73730153   194.6378578 ],1674
5,[38.91048731],[[0.02518465]],"[array([[38.99199832, 72.67427573]]), 71.6599815439363]","[nan, nan]","['rbf.variance', 'rbf.lengthscale', 'Gaussian_noise.variance']",[10250.18778089    45.67963305    30.48108549   145.77502861],1674
6,[38.93269697],[[0.02146937]],"[array([[38.91925688, 94.3484172 ]]), 72.26333289570772]","[nan, nan]","['rbf.variance', 'rbf.lengthscale', 'Gaussian_noise.variance']",[9887.68063271   45.64214121   30.87515428  151.86558102],1674
7,[38.96779895],[[0.01619707]],"[array([[ 3.88230405, 62.92047098]]), 72.63291147599728]","[nan, nan]","['rbf.variance', 'rbf.lengthscale', 'Gaussian_noise.variance']",[9697.44117208   45.26607146   30.54187055  119.83761844],1674
