,X_r,OC,KG,DL,HP_names,HP_vars,file_number
0,[35.25638419],[[3.84193411]],"[array([[ 7.33494827, 39.02832219]]), 69.1049812387995]","[nan, nan]","['rbf.variance', 'rbf.lengthscale', 'Gaussian_noise.variance']",[1.71960423e+04 6.12676490e+01 3.29308161e+01 2.82272414e-04],1692
1,[40.54350003],[[0.56390486]],"[array([[35.89710224, 35.66344077]]), 64.28981040679787]","[nan, nan]","['rbf.variance', 'rbf.lengthscale', 'Gaussian_noise.variance']",[1.80473931e+04 5.60727858e+01 3.73497949e+01 1.00000000e-03],1692
2,[38.98857697],[[0.01342338]],"[array([[38.98894569, 99.99990275]]), 69.97944040028061]","[nan, nan]","['rbf.variance', 'rbf.lengthscale', 'Gaussian_noise.variance']",[17267.42342574    50.88498235    37.42150176   106.16971121],1692
3,[38.97070927],[[0.01579312]],"[array([[99.79822908, 53.03236066]]), 69.9634448884385]","[nan, nan]","['rbf.variance', 'rbf.lengthscale', 'Gaussian_noise.variance']",[19142.72013393    53.17112142    40.32467346    91.35608571],1692
4,[40.52557111],[[0.54892387]],"[array([[40.50431311, 57.60850233]]), 70.51406412608168]","[nan, nan]","['rbf.variance', 'rbf.lengthscale', 'Gaussian_noise.variance']",[16736.30011364    45.58828309    39.24139724   156.87188457],1692
5,[41.32065376],[[1.40177108]],"[array([[41.26005916,  5.69305246]]), 69.95640974060778]","[nan, nan]","['rbf.variance', 'rbf.lengthscale', 'Gaussian_noise.variance']",[16855.9605992     43.57714093    39.74878032   115.34772271],1692
6,[42.02701692],[[2.46599523]],"[array([[42.02986831, 56.63873567]]), 71.92747726953887]","[nan, nan]","['rbf.variance', 'rbf.lengthscale', 'Gaussian_noise.variance']",[17955.41810185    47.30914713    34.6258693    114.46372606],1692
7,[42.31825915],[[2.9813446]],"[array([[42.36145057, 84.8290315 ]]), 71.4844912921562]","[nan, nan]","['rbf.variance', 'rbf.lengthscale', 'Gaussian_noise.variance']",[18294.25099631    47.20541889    34.67880785    90.92595109],1692
