,X_r,OC,KG,DL,HP_names,HP_vars,file_number
0,[39.45554703],[[0.02025374]],"[array([[35.1917834 , 41.42505664]]), 62.519493932576026]","[nan, nan]","['rbf.variance', 'rbf.lengthscale', 'Gaussian_noise.variance']",[1.19006033e+04 4.66512495e+01 3.75939025e+01 1.01480985e-02],167
1,[32.90106529],[[8.15720827]],"[array([[25.72585533, 41.4384886 ]]), 70.44094166030325]","[nan, nan]","['rbf.variance', 'rbf.lengthscale', 'Gaussian_noise.variance']",[1.10773412e+04 3.32710517e+01 4.28918636e+01 1.00000000e-03],167
2,[38.61070339],[[0.10371673]],"[array([[38.6397653 , 95.16043688]]), 62.99556724546659]","[nan, nan]","['rbf.variance', 'rbf.lengthscale', 'Gaussian_noise.variance']",[10808.58764396    44.80927586    37.87440758    30.07565736],167
3,[38.47720155],[[0.15537425]],"[array([[38.47793937, 61.05591266]]), 62.998685230444096]","[nan, nan]","['rbf.variance', 'rbf.lengthscale', 'Gaussian_noise.variance']",[10562.3674793     45.14407157    38.84249764    27.0121985 ],167
4,[37.28864459],[[1.02987901]],"[array([[37.29576357, 77.15024779]]), 62.81398706954046]","[nan, nan]","['rbf.variance', 'rbf.lengthscale', 'Gaussian_noise.variance']",[9516.18959311   40.74413305   38.19255853   25.3743028 ],167
5,[37.20131737],[[1.12077515]],"[array([[37.24028323, 12.84246866]]), 63.492228631697174]","[nan, nan]","['rbf.variance', 'rbf.lengthscale', 'Gaussian_noise.variance']",[8923.30702757   38.8847124    37.8139332    17.59962609],167
6,[38.49282825],[[0.14880641]],"[array([[38.50879679, 99.94561335]]), 62.43581656590124]","[nan, nan]","['rbf.variance', 'rbf.lengthscale', 'Gaussian_noise.variance']",[10000.52325916    49.37162367    34.71272904    19.41625821],167
7,[38.43773847],[[0.17257026]],"[array([[38.44010288, 15.73945546]]), 62.620013667456796]","[nan, nan]","['rbf.variance', 'rbf.lengthscale', 'Gaussian_noise.variance']",[9735.82754965   48.67595303   34.77333845   15.91285982],167
