,X_r,OC,KG,DL,HP_names,HP_vars,file_number
0,[5.26219865],[[63.36699087]],"[array([[1.40260963e-07, 4.28711381e+01]]), 71.04671743696282]","[nan, nan]","['rbf.variance', 'rbf.lengthscale', 'Gaussian_noise.variance']",[7715.20326015   65.60995739   25.90453324   87.49620716],1770
1,[38.67976853],[[0.0809869]],"[array([[50.59999761, 41.30765427]]), 70.0701103894861]","[nan, nan]","['rbf.variance', 'rbf.lengthscale', 'Gaussian_noise.variance']",[5.20481878e+03 3.75192774e+01 2.03950079e+01 1.00000000e-03],1770
2,[37.31931858],[[0.99873802]],"[array([[97.58098847, 40.01042792]]), 68.49848731188162]","[nan, nan]","['rbf.variance', 'rbf.lengthscale', 'Gaussian_noise.variance']",[5.09012468e+03 3.75042647e+01 2.16272065e+01 1.00000000e-03],1770
3,[38.52122146],[[0.13722519]],"[array([[23.97615432, 40.66856546]]), 69.77136286085062]","[nan, nan]","['rbf.variance', 'rbf.lengthscale', 'Gaussian_noise.variance']",[6.34213446e+03 3.88065902e+01 1.97227309e+01 1.00000000e-03],1770
4,[40.44452366],[[0.48370067]],"[array([[ 7.57786868, 30.976838  ]]), 67.59293074330665]","[nan, nan]","['rbf.variance', 'rbf.lengthscale', 'Gaussian_noise.variance']",[6424.93198415   37.57713399   20.8280284    21.90695801],1770
5,[40.56235426],[[0.57987474]],"[array([[40.5685919 , 94.57675652]]), 67.78599187812341]","[nan, nan]","['rbf.variance', 'rbf.lengthscale', 'Gaussian_noise.variance']",[6606.59885204   38.16076676   22.04949127   18.3720099 ],1770
