,X_r,OC,KG,DL,HP_names,HP_vars,file_number
0,[35.23062817],[[3.8849116]],"[array([[29.23474896, 34.41030904]]), 40.56580825972237]","[nan, nan]","['rbf.variance', 'rbf.lengthscale', 'Gaussian_noise.variance']",[2.48097649e+04 7.12170838e+01 4.99400890e+01 1.20839113e-04],1971
1,[34.45461214],[[5.23561911]],"[array([[34.68307001,  4.35769616]]), 47.72791793791234]","[nan, nan]","['rbf.variance', 'rbf.lengthscale', 'Gaussian_noise.variance']",[24807.98978573    68.64048995    48.01007983    76.24518616],1971
