,X_r,OC,KG,DL,HP_names,HP_vars,file_number
0,[36.61765242],[[1.80789004]],"[array([[44.84547513, 43.29341062]]), 68.56524810603507]","[nan, nan]","['rbf.variance', 'rbf.lengthscale', 'Gaussian_noise.variance']",[9.61871390e+03 3.14351736e+01 2.83308199e+01 1.00000000e-03],1824
1,[47.74030752],[[17.14952987]],"[array([[56.09782387, 44.09956835]]), 82.6553327814807]","[nan, nan]","['rbf.variance', 'rbf.lengthscale', 'Gaussian_noise.variance']",[1.23171645e+04 3.71255768e+01 2.97284635e+01 1.00000000e-03],1824
2,[24.60530681],[[24.68077621]],"[array([[24.61707593, 44.19743624]]), 53.07904852533759]","[nan, nan]","['rbf.variance', 'rbf.lengthscale', 'Gaussian_noise.variance']",[13266.02543251    55.24693475    39.19643804   712.90398038],1824
3,[26.87191016],[[20.14762494]],"[array([[26.75573335, 72.04163122]]), 48.231799000843814]","[nan, nan]","['rbf.variance', 'rbf.lengthscale', 'Gaussian_noise.variance']",[13737.27508978    54.69511663    41.22905414   629.23469348],1824
