,X_r,OC,KG,DL,HP_names,HP_vars,file_number
0,[24.56686245],[[24.75766475]],"[array([[ 1.14550567, 32.6918222 ]]), 51.18274303043269]","[nan, nan]","['rbf.variance', 'rbf.lengthscale', 'Gaussian_noise.variance']",[11606.26733547    53.14131072    35.67601116    27.04638309],1714
1,[28.79843848],[[16.29529211]],"[array([[ 7.91565264, 32.11606042]]), 61.39660423580774]","[nan, nan]","['rbf.variance', 'rbf.lengthscale', 'Gaussian_noise.variance']",[2.52686448e+04 5.22802221e+01 5.52217233e+01 1.00000000e-03],1714
2,[29.93607386],[[14.02236543]],"[array([[29.95767236,  1.61849119]]), 57.37019417606735]","[nan, nan]","['rbf.variance', 'rbf.lengthscale', 'Gaussian_noise.variance']",[2.52686002e+04 5.37895519e+01 5.61814318e+01 2.41935309e+01],1714
3,[31.39184718],[[11.12328152]],"[array([[31.38721787, 99.6889588 ]]), 54.31030186775876]","[nan, nan]","['rbf.variance', 'rbf.lengthscale', 'Gaussian_noise.variance']",[20581.64152647    55.87188562    52.81399083    74.98177403],1714
4,[33.39066335],[[7.21517785]],"[array([[66.87509773, 40.93695035]]), 78.65646822093944]","[nan, nan]","['rbf.variance', 'rbf.lengthscale', 'Gaussian_noise.variance']",[1.19293602e+04 3.24783000e+01 4.02056216e+01 1.00000000e-03],1714
5,[31.32155425],[[11.26276513]],"[array([[31.35785712, 49.55566921]]), 63.791033468122116]","[nan, nan]","['rbf.variance', 'rbf.lengthscale', 'Gaussian_noise.variance']",[13793.29665855    43.40179009    41.45726764    19.82553011],1714
