,X_r,OC,KG,DL,HP_names,HP_vars,file_number
0,[37.14123115],[[1.18520998]],"[array([[19.82583567, 82.3072634 ]]), 69.81559873720707]","[nan, nan]","['rbf.variance', 'rbf.lengthscale', 'Gaussian_noise.variance']",[12659.21180118    38.14554625    50.53574039    99.75115874],166
1,[35.39300832],[[3.61627029]],"[array([[34.60090328,  1.79177484]]), 67.57009940977355]","[nan, nan]","['rbf.variance', 'rbf.lengthscale', 'Gaussian_noise.variance']",[12624.0259479     38.44817984    57.88910425   125.03760225],166
2,[40.66225034],[[0.66816401]],"[array([[46.42778695, 40.69693044]]), 81.26614444902181]","[nan, nan]","['rbf.variance', 'rbf.lengthscale', 'Gaussian_noise.variance']",[8.37689190e+03 3.88076428e+01 2.64670637e+01 1.00000000e-03],166
3,[34.96313318],[[4.33889588]],"[array([[99.86753995, 39.89674481]]), 74.45445730080213]","[nan, nan]","['rbf.variance', 'rbf.lengthscale', 'Gaussian_noise.variance']",[8320.9863732    35.87591266   27.38758398   59.35097471],166
4,[35.01896411],[[4.24303492]],"[array([[72.48099829, 40.99011108]]), 74.47931678651567]","[nan, nan]","['rbf.variance', 'rbf.lengthscale', 'Gaussian_noise.variance']",[7925.7106367    35.52546637   27.79925487   53.62163838],166
5,[36.58420446],[[1.85116889]],"[array([[36.58513964, 13.79589182]]), 72.05363599798574]","[nan, nan]","['rbf.variance', 'rbf.lengthscale', 'Gaussian_noise.variance']",[9472.24288286   40.5653788    30.02094953   57.38762521],166
6,[36.3750791],[[2.13051091]],"[array([[36.36063308, 98.66739728]]), 72.31120749039175]","[nan, nan]","['rbf.variance', 'rbf.lengthscale', 'Gaussian_noise.variance']",[9735.62702752   40.72060792   30.89572734   42.2936618 ],166
7,[36.4119782],[[2.08015238]],"[array([[36.40172339, 77.3105047 ]]), 72.13274119288684]","[nan, nan]","['rbf.variance', 'rbf.lengthscale', 'Gaussian_noise.variance']",[8957.17789216   40.61950173   30.43032532   41.58005244],166
