,X_r,OC,KG,DL,HP_names,HP_vars,file_number
0,[42.79631571],[[3.91458382]],"[array([[ 0.35187811, 45.36745118]]), 55.82695383138481]","[nan, nan]","['rbf.variance', 'rbf.lengthscale', 'Gaussian_noise.variance']",[2.14044367e+04 4.39443894e+01 6.42876597e+01 6.37273101e-06],199
1,[43.20762499],[[4.79601457]],"[array([[39.0180425 , 31.67569549]]), 52.66324709942161]","[nan, nan]","['rbf.variance', 'rbf.lengthscale', 'Gaussian_noise.variance']",[2.14042222e+04 4.39844068e+01 6.67298488e+01 6.49503509e-05],199
