,X_r,OC,KG,DL,HP_names,HP_vars,file_number
0,[29.18916248],[[15.514337]],"[array([[ 0.08662526, 38.22390483]]), 72.25663976088964]","[nan, nan]","['rbf.variance', 'rbf.lengthscale', 'Gaussian_noise.variance']",[8348.95686303   37.85452715   33.71295026   92.80757405],1729
1,[35.72512263],[[3.085226]],"[array([[54.42385734, 31.36599953]]), 60.26407112610501]","[nan, nan]","['rbf.variance', 'rbf.lengthscale', 'Gaussian_noise.variance']",[8962.40116347   39.87459192   37.76757265  122.19784233],1729
2,[31.24199339],[[11.42072603]],"[array([[92.96416232,  6.15828615]]), 53.400394686128365]","[nan, nan]","['rbf.variance', 'rbf.lengthscale', 'Gaussian_noise.variance']",[6776.22499229   37.11854808   33.91913408  187.29718891],1729
3,[33.37386321],[[7.24725029]],"[array([[33.57054875, 99.99982053]]), 45.62516110809208]","[nan, nan]","['rbf.variance', 'rbf.lengthscale', 'Gaussian_noise.variance']",[16103.3097088     54.36518181    52.34252811   254.73508258],1729
4,[33.38031996],[[7.23492159]],"[array([[33.37935555, 84.43510334]]), 45.44082333734826]","[nan, nan]","['rbf.variance', 'rbf.lengthscale', 'Gaussian_noise.variance']",[15166.07197625    55.23049356    51.80282145   240.70113471],1729
5,[33.79563021],[[6.44868093]],"[array([[33.76707754, 56.91449658]]), 46.28475015071155]","[nan, nan]","['rbf.variance', 'rbf.lengthscale', 'Gaussian_noise.variance']",[14013.90740987    54.02546379    48.44793422   226.24866142],1729
