,X_r,OC,KG,DL,HP_names,HP_vars,file_number
0,[32.35049179],[[9.23102018]],"[array([[ 0.95892345, 22.39449993]]), 22.576502279568764]","[nan, nan]","['rbf.variance', 'rbf.lengthscale', 'Gaussian_noise.variance']",[37114.25635652    76.13927972    54.83639716   181.65652476],1987
1,[28.33349309],[[17.22483022]],"[array([[1.88657298e-05, 9.99998688e+01]]), 23.321670922907536]","[nan, nan]","['rbf.variance', 'rbf.lengthscale', 'Gaussian_noise.variance']",[37065.98328576    80.44163326    56.42104622   164.35781147],1987
