,X_r,OC,KG,DL,HP_names,HP_vars,file_number
0,[24.98958913],[[23.91221311]],"[array([[1.54832872e-05, 3.32721990e+01]]), 90.7591665113158]","[nan, nan]","['rbf.variance', 'rbf.lengthscale', 'Gaussian_noise.variance']",[7.53291920e+03 3.62963895e+01 2.70973735e+01 1.00085435e-02],1980
1,[32.92949099],[[8.10213841]],"[array([[15.7411258 , 38.13415295]]), 74.2019435839204]","[nan, nan]","['rbf.variance', 'rbf.lengthscale', 'Gaussian_noise.variance']",[7.53291651e+03 3.12683894e+01 2.49503126e+01 1.00662626e-02],1980
