,X_r,OC,KG,DL,HP_names,HP_vars,file_number
0,[22.18690953],[[29.51756913]],"[array([[ 4.05133174, 39.69037698]]), 66.88398423726244]","[nan, nan]","['rbf.variance', 'rbf.lengthscale', 'Gaussian_noise.variance']",[1.34830938e+04 3.56415840e+01 4.13778251e+01 1.00000000e-03],186
1,[27.26539838],[[19.3606916]],"[array([[ 8.99218842, 41.30438079]]), 60.9216449725306]","[nan, nan]","['rbf.variance', 'rbf.lengthscale', 'Gaussian_noise.variance']",[1.23181532e+04 3.16357541e+01 4.41188454e+01 1.00000000e-03],186
2,[29.07614613],[[15.74020332]],"[array([[99.99999998, 39.82792695]]), 62.367652315899434]","[nan, nan]","['rbf.variance', 'rbf.lengthscale', 'Gaussian_noise.variance']",[1.11417203e+04 2.81365724e+01 4.50145625e+01 4.04781582e+00],186
3,[29.19936175],[[15.49395479]],"[array([[29.35685614,  0.2160259 ]]), 59.91031007669707]","[nan, nan]","['rbf.variance', 'rbf.lengthscale', 'Gaussian_noise.variance']",[13572.64531742    35.29026941    43.37146661    22.70443296],186
