,X_r,OC,KG,DL,HP_names,HP_vars,file_number
0,[42.26063706],[[2.8760518]],"[array([[ 0.29786905, 32.93478269]]), 66.38492883399726]","[nan, nan]","['rbf.variance', 'rbf.lengthscale', 'Gaussian_noise.variance']",[12740.21882777    40.73071499    35.75873983   393.10931171],1973
1,[43.19202957],[[4.76137731]],"[array([[87.11282092,  2.81383276]]), 66.35024392583827]","[nan, nan]","['rbf.variance', 'rbf.lengthscale', 'Gaussian_noise.variance']",[13459.19523915    43.711425      37.67434547   337.95731467],1973
