,X_r,OC,KG,DL,HP_names,HP_vars,file_number
0,[0.45911529],[[72.97315754]],"[array([[ 0.30660864, 39.30756616]]), 79.15593876461838]","[nan, nan]","['rbf.variance', 'rbf.lengthscale', 'Gaussian_noise.variance']",[13242.8992137     66.52391457    37.630846      15.83154893],1825
1,[31.86609607],[[10.18447852]],"[array([[34.13285341, 40.64837063]]), 60.485339808610405]","[nan, nan]","['rbf.variance', 'rbf.lengthscale', 'Gaussian_noise.variance']",[9.34767166e+03 3.89433810e+01 3.27356878e+01 1.00000000e-03],1825
2,[33.25062906],[[7.48310398]],"[array([[33.3593408 ,  8.86831185]]), 63.8640166143976]","[nan, nan]","['rbf.variance', 'rbf.lengthscale', 'Gaussian_noise.variance']",[9616.95470489   38.04650029   34.07279529   29.41986989],1825
3,[38.43772207],[[0.17257773]],"[array([[57.15332364, 43.45130788]]), 68.06675127773164]","[nan, nan]","['rbf.variance', 'rbf.lengthscale', 'Gaussian_noise.variance']",[7806.09805387   32.67900666   28.07007192   10.45002433],1825
