,X_r,OC,KG,DL,HP_names,HP_vars,file_number
0,[25.07352776],[[23.7443363]],"[array([[14.40955165, 23.49450729]]), 57.98312421605023]","[nan, nan]","['rbf.variance', 'rbf.lengthscale', 'Gaussian_noise.variance']",[5.50802738e+03 2.43137441e+01 3.11183125e+01 1.35496692e-04],1699
1,[26.16625904],[[21.55889023]],"[array([[48.84579595, 50.39409304]]), 56.142458434198346]","[nan, nan]","['rbf.variance', 'rbf.lengthscale', 'Gaussian_noise.variance']",[5.74472382e+03 2.61844871e+01 3.30656895e+01 1.00000000e-03],1699
2,[29.83939229],[[14.21539381]],"[array([[17.9063851 , 49.75867517]]), 85.12654370385582]","[nan, nan]","['rbf.variance', 'rbf.lengthscale', 'Gaussian_noise.variance']",[6504.18708342   30.13089884   30.94567733   13.23798979],1699
3,[35.51060633],[[3.42528628]],"[array([[27.93904505, 48.7824924 ]]), 65.62605248622185]","[nan, nan]","['rbf.variance', 'rbf.lengthscale', 'Gaussian_noise.variance']",[5.38644611e+03 2.72911281e+01 2.56473621e+01 1.00000000e-03],1699
4,[39.09922739],[[0.00302275]],"[array([[58.78504067, 32.81408214]]), 58.75113244069203]","[nan, nan]","['rbf.variance', 'rbf.lengthscale', 'Gaussian_noise.variance']",[5.27256795e+03 2.64270753e+01 2.56451689e+01 1.00000000e-03],1699
5,[40.92067902],[[0.92502806]],"[array([[24.60419977, 31.35288978]]), 65.18936505854786]","[nan, nan]","['rbf.variance', 'rbf.lengthscale', 'Gaussian_noise.variance']",[7.71805563e+03 3.28477383e+01 2.60440398e+01 1.00000000e-03],1699
6,[40.30770798],[[0.38291253]],"[array([[40.36873061, 40.74777371]]), 67.34608006419431]","[nan, nan]","['rbf.variance', 'rbf.lengthscale', 'Gaussian_noise.variance']",[7.20719951e+03 3.29040441e+01 2.56749491e+01 1.00000000e-03],1699
7,[39.56696927],[[0.04175272]],"[array([[39.58443869, 76.01643093]]), 75.2110732595653]","[nan, nan]","['rbf.variance', 'rbf.lengthscale', 'Gaussian_noise.variance']",[5278.56492978   27.41067186   25.71117642   19.67389498],1699
