,X_r,OC,KG,DL,HP_names,HP_vars,file_number
0,[25.21987975],[[23.45163331]],"[array([[10.59636008, 26.41599095]]), 38.9370809276263]","[nan, nan]","['rbf.variance', 'rbf.lengthscale', 'Gaussian_noise.variance']",[1.21612101e+04 5.23732875e+01 4.03717436e+01 5.01628382e-05],1686
1,[27.67154608],[[18.54847227]],"[array([[75.50788844, 54.24004048]]), 41.36976879788492]","[nan, nan]","['rbf.variance', 'rbf.lengthscale', 'Gaussian_noise.variance']",[14259.52046386    48.89598907    44.88058064    16.36799261],1686
2,[29.77467509],[[14.34462315]],"[array([[95.35746523, 63.23898524]]), 43.26961400523009]","[nan, nan]","['rbf.variance', 'rbf.lengthscale', 'Gaussian_noise.variance']",[14259.48787075    48.57481662    47.01547976    16.53319971],1686
3,[28.79520315],[[16.30175969]],"[array([[3.00390551e-02, 3.14726163e+01]]), 40.63723022188811]","[nan, nan]","['rbf.variance', 'rbf.lengthscale', 'Gaussian_noise.variance']",[19295.19110528    50.34995659    48.18977349    21.58151452],1686
4,[29.93966509],[[14.01519625]],"[array([[47.83101134, 29.8202214 ]]), 48.039543482698015]","[nan, nan]","['rbf.variance', 'rbf.lengthscale', 'Gaussian_noise.variance']",[1.92951904e+04 4.41813137e+01 4.52918718e+01 5.75098599e+00],1686
5,[31.76493209],[[10.38436545]],"[array([[31.75734505, 85.09983457]]), 56.47260353589412]","[nan, nan]","['rbf.variance', 'rbf.lengthscale', 'Gaussian_noise.variance']",[1.49574110e+04 4.07210524e+01 4.09674317e+01 6.53950574e+00],1686
6,[32.07172084],[[9.7789405]],"[array([[31.67630264, 24.56134839]]), 56.442105472172784]","[nan, nan]","['rbf.variance', 'rbf.lengthscale', 'Gaussian_noise.variance']",[1.48233524e+04 4.08347521e+01 4.08011349e+01 4.12114420e+00],1686
7,[31.80855327],[[10.29814794]],"[array([[31.8093303 , 96.17013852]]), 58.127136586402685]","[nan, nan]","['rbf.variance', 'rbf.lengthscale', 'Gaussian_noise.variance']",[1.48233554e+04 3.93566532e+01 4.14070508e+01 2.69231599e+00],1686
