,X_r,OC,KG,DL,HP_names,HP_vars,file_number
0,[37.02162797],[[1.31794829]],"[array([[ 0.57672814, 67.53277892]]), 56.761857686148716]","[nan, nan]","['rbf.variance', 'rbf.lengthscale', 'Gaussian_noise.variance']",[25607.42261605    48.6163823     64.37903009    81.60209021],1783
1,[38.98699049],[[0.01362589]],"[array([[69.68414268, 14.65312063]]), 55.55064097561589]","[nan, nan]","['rbf.variance', 'rbf.lengthscale', 'Gaussian_noise.variance']",[20577.08310717    44.63610063    62.7185946     90.36094053],1783
2,[39.63640711],[[0.05907148]],"[array([[1.64957286, 0.37000823]]), 57.476164954536685]","[nan, nan]","['rbf.variance', 'rbf.lengthscale', 'Gaussian_noise.variance']",[20563.53255847    45.89071935    64.57495764    82.17653302],1783
3,[39.35213239],[[0.00720427]],"[array([[78.5827203,  0.1510426]]), 62.744240378962296]","[nan, nan]","['rbf.variance', 'rbf.lengthscale', 'Gaussian_noise.variance']",[20551.53274282    32.55457704    48.7011379     81.77471102],1783
4,[39.89489771],[[0.15015161]],"[array([[40.04444185, 20.16934389]]), 63.538275183954596]","[nan, nan]","['rbf.variance', 'rbf.lengthscale', 'Gaussian_noise.variance']",[20538.1126623     42.781399      73.08164858    72.55790662],1783
5,[36.3263533],[[2.1976912]],"[array([[36.34319167, 90.59856822]]), 45.08555997530775]","[nan, nan]","['rbf.variance', 'rbf.lengthscale', 'Gaussian_noise.variance']",[28835.75158997    56.87145994    71.93811792   139.22091042],1783
