,X_r,OC,KG,DL,HP_names,HP_vars,file_number
0,[39.77986515],[[0.10442957]],"[array([[19.45139727, 45.82606797]]), 72.18734405657663]","[nan, nan]","['rbf.variance', 'rbf.lengthscale', 'Gaussian_noise.variance']",[7.84033564e+03 3.09644081e+01 3.20061517e+01 1.29409601e-04],1915
1,[40.66141276],[[0.66739842]],"[array([[52.12457647, 41.92614251]]), 58.91382182076049]","[nan, nan]","['rbf.variance', 'rbf.lengthscale', 'Gaussian_noise.variance']",[7.07278791e+03 3.06716335e+01 3.13685655e+01 1.00000000e-03],1915
