,X_r,OC,KG,DL,HP_names,HP_vars,file_number
0,[28.55756826],[[16.77682512]],"[array([[ 0.07204996, 43.1218536 ]]), 8.256954486364904]","[nan, nan]","['rbf.variance', 'rbf.lengthscale', 'Gaussian_noise.variance']",[1.20066311e+04 4.73913340e+01 4.33583735e+01 6.46206463e+00],1773
1,[26.37484654],[[21.14172242]],"[array([[19.10373123, 33.43509703]]), 6.881130963511229]","[nan, nan]","['rbf.variance', 'rbf.lengthscale', 'Gaussian_noise.variance']",[1.20061456e+04 4.94446888e+01 4.42828043e+01 7.91150182e+00],1773
2,[21.01800187],[[31.85538422]],"[array([[26.95551829, 34.14202535]]), 38.47645617843059]","[nan, nan]","['rbf.variance', 'rbf.lengthscale', 'Gaussian_noise.variance']",[1.02565890e+04 3.60747270e+01 3.88523635e+01 1.00000000e-03],1773
3,[27.43136074],[[19.02879292]],"[array([[99.99999764, 39.05264992]]), 59.43413986246755]","[nan, nan]","['rbf.variance', 'rbf.lengthscale', 'Gaussian_noise.variance']",[1.02565836e+04 2.16886273e+01 4.13711359e+01 9.24766890e-03],1773
4,[27.33139079],[[19.22871631]],"[array([[21.76265471, 33.96531988]]), 59.27471170238875]","[nan, nan]","['rbf.variance', 'rbf.lengthscale', 'Gaussian_noise.variance']",[1.02565783e+04 2.14811414e+01 4.51364014e+01 9.91907452e-03],1773
5,[27.48727806],[[18.9169685]],"[array([[27.51286945, 83.77053615]]), 57.562947506228426]","[nan, nan]","['rbf.variance', 'rbf.lengthscale', 'Gaussian_noise.variance']",[9.68239908e+03 2.15799846e+01 4.37367551e+01 5.43068941e+00],1773
