,X_r,OC,KG,DL,HP_names,HP_vars,file_number
0,[39.22329321],[[0.00018236]],"[array([[ 0.1010281 , 40.71337424]]), 58.681736664833934]","[nan, nan]","['rbf.variance', 'rbf.lengthscale', 'Gaussian_noise.variance']",[1.99024045e+04 5.04544814e+01 3.95998735e+01 5.69693018e-05],1689
1,[40.7773977],[[0.77756988]],"[array([[26.83571206, 37.61255022]]), 55.210092081593146]","[nan, nan]","['rbf.variance', 'rbf.lengthscale', 'Gaussian_noise.variance']",[2.19623043e+04 5.21697931e+01 4.27335996e+01 1.00000000e-03],1689
2,[34.51337563],[[5.13000743]],"[array([[34.76497935, 37.02612881]]), 60.02332483377221]","[nan, nan]","['rbf.variance', 'rbf.lengthscale', 'Gaussian_noise.variance']",[2.86192532e+04 6.34815840e+01 3.92534421e+01 1.00000000e-03],1689
3,[38.22201427],[[0.28179479]],"[array([[51.38985588, 46.12577321]]), 65.53457422493395]","[nan, nan]","['rbf.variance', 'rbf.lengthscale', 'Gaussian_noise.variance']",[1.42086223e+04 5.25306511e+01 2.70388022e+01 1.00000000e-03],1689
4,[42.8871885],[[4.10340383]],"[array([[75.73478306, 57.28900667]]), 72.9563907402386]","[nan, nan]","['rbf.variance', 'rbf.lengthscale', 'Gaussian_noise.variance']",[10665.16567848    39.79121253    27.28982102    57.53612978],1689
5,[42.59408379],[[3.50715223]],"[array([[42.60078784, 81.79403625]]), 71.79090357031097]","[nan, nan]","['rbf.variance', 'rbf.lengthscale', 'Gaussian_noise.variance']",[10760.17844636    40.29169834    28.87646839    55.94123896],1689
6,[42.34794521],[[3.03621603]],"[array([[42.42270241, 98.17237208]]), 71.70910786208489]","[nan, nan]","['rbf.variance', 'rbf.lengthscale', 'Gaussian_noise.variance']",[11607.21265821    43.84053945    29.56189943    54.67659364],1689
7,[42.18560802],[[2.7413854]],"[array([[42.15400107, 13.89809433]]), 70.6309055023971]","[nan, nan]","['rbf.variance', 'rbf.lengthscale', 'Gaussian_noise.variance']",[11541.92292461    43.48839991    31.23003343    55.62176629],1689
