,X_r,OC,KG,DL,HP_names,HP_vars,file_number
0,[0.00064682],[[73.89009448]],"[array([[ 2.02714113, 42.00682981]]), 13.311586206695859]","[nan, nan]","['rbf.variance', 'rbf.lengthscale', 'Gaussian_noise.variance']",[3385.66561192  107.95623631   22.90761993  146.52174628],1933
1,[99.99944788],[[173.88973174]],"[array([[4.87193642e-04, 9.99998919e+01]]), 6.151875430387895]","[nan, nan]","['rbf.variance', 'rbf.lengthscale', 'Gaussian_noise.variance']",[2.97147809e+03 6.31889990e+04 2.02358769e+01 1.72398662e+02],1933
