,X_r,OC,KG,DL,HP_names,HP_vars,file_number
0,[44.54964034],[[8.0723824]],"[array([[51.31079201, 29.60957238]]), 54.28773258941433]","[nan, nan]","['rbf.variance', 'rbf.lengthscale', 'Gaussian_noise.variance']",[1.53749000e+04 5.05769076e+01 4.17523734e+01 9.60097963e-05],1943
1,[41.49727893],[[1.64199855]],"[array([[41.9376215 , 59.53216283]]), 53.29646834788364]","[nan, nan]","['rbf.variance', 'rbf.lengthscale', 'Gaussian_noise.variance']",[1.68882733e+04 5.31677004e+01 4.17118085e+01 1.00000000e-03],1943
