,X_r,OC,KG,DL,HP_names,HP_vars,file_number
0,[39.94299089],[[0.17173961]],"[array([[18.75806452, 97.57438568]]), 70.05545445586358]","[nan, nan]","['rbf.variance', 'rbf.lengthscale', 'Gaussian_noise.variance']",[3.77839949e+04 6.29239124e+01 6.05732181e+01 2.50233126e+01],1723
1,[41.63827202],[[1.84640919]],"[array([[ 0.48431154, 19.92311364]]), 63.812379877191795]","[nan, nan]","['rbf.variance', 'rbf.lengthscale', 'Gaussian_noise.variance']",[21948.22482443    56.06140541    46.89224243    83.11278054],1723
2,[41.66604842],[[1.88797991]],"[array([[42.71639204,  4.32786844]]), 63.521300055435944]","[nan, nan]","['rbf.variance', 'rbf.lengthscale', 'Gaussian_noise.variance']",[21946.2489771     55.90853105    48.80497736    74.11687284],1723
3,[42.26769019],[[2.88885311]],"[array([[90.22334413, 73.26234344]]), 67.941676964049]","[nan, nan]","['rbf.variance', 'rbf.lengthscale', 'Gaussian_noise.variance']",[21944.80891392    56.42269967    48.1492607     53.09743538],1723
4,[41.50416742],[[1.65172676]],"[array([[99.85077799, 93.12924196]]), 65.8092554496623]","[nan, nan]","['rbf.variance', 'rbf.lengthscale', 'Gaussian_noise.variance']",[21942.21917662    58.51595015    49.09338192    54.75289193],1723
5,[43.2904307],[[4.98145169]],"[array([[68.51563162, 28.72895978]]), 73.50096584110548]","[nan, nan]","['rbf.variance', 'rbf.lengthscale', 'Gaussian_noise.variance']",[2.19416765e+04 4.39495145e+01 4.34444294e+01 1.95881365e+01],1723
