,X_r,OC,KG,DL,HP_names,HP_vars,file_number
0,[31.54321932],[[10.82317749]],"[array([[99.88737569, 38.32948503]]), 81.8988149617564]","[nan, nan]","['rbf.variance', 'rbf.lengthscale', 'Gaussian_noise.variance']",[9.99998164e+03 2.77962963e+01 2.72955488e+01 1.00000000e-02],1958
1,[23.66201686],[[26.56735466]],"[array([[ 2.11477401, 67.52410622]]), 52.05599754378966]","[nan, nan]","['rbf.variance', 'rbf.lengthscale', 'Gaussian_noise.variance']",[13616.64554281    54.63677445    42.91512865   618.40503347],1958
