,X_r,OC,KG,DL,HP_names,HP_vars,file_number
0,[36.05400921],[[2.58684687]],"[array([[24.10822581, 39.59815559]]), 44.90754930309262]","[nan, nan]","['rbf.variance', 'rbf.lengthscale', 'Gaussian_noise.variance']",[1.21098665e+04 5.24534062e+01 3.23250576e+01 3.06160938e-05],1683
1,[40.12615677],[[0.2673167]],"[array([[52.4496751 , 39.99093392]]), 63.984827870230646]","[nan, nan]","['rbf.variance', 'rbf.lengthscale', 'Gaussian_noise.variance']",[1.32589132e+04 4.93634544e+01 3.46103794e+01 1.00000000e-03],1683
2,[34.14529745],[[5.79889826]],"[array([[34.14475377, 79.36606886]]), 46.63024278298735]","[nan, nan]","['rbf.variance', 'rbf.lengthscale', 'Gaussian_noise.variance']",[13254.74283754    56.34497664    32.28389244    38.51050057],1683
3,[34.18084378],[[5.73357501]],"[array([[34.15070204, 92.24689205]]), 46.969681028767546]","[nan, nan]","['rbf.variance', 'rbf.lengthscale', 'Gaussian_noise.variance']",[13252.65183058    55.88063293    33.79756413    30.52319439],1683
4,[33.11538091],[[7.74307856]],"[array([[46.13698944, 40.24063837]]), 54.807181755795646]","[nan, nan]","['rbf.variance', 'rbf.lengthscale', 'Gaussian_noise.variance']",[9.29275127e+03 4.08155091e+01 3.01377881e+01 1.00000000e-03],1683
5,[36.15427263],[[2.44095764]],"[array([[36.15605329, 62.83817414]]), 51.72601725510036]","[nan, nan]","['rbf.variance', 'rbf.lengthscale', 'Gaussian_noise.variance']",[12781.23753427    53.08495366    34.58997537    38.35091425],1683
6,[35.93570428],[[2.76272278]],"[array([[35.90903235, 98.13502731]]), 52.014827308454045]","[nan, nan]","['rbf.variance', 'rbf.lengthscale', 'Gaussian_noise.variance']",[12400.50563357    51.91489812    34.35347216    31.52484035],1683
7,[35.83625639],[[2.91356336]],"[array([[35.96356716, 19.91043674]]), 52.29465276596693]","[nan, nan]","['rbf.variance', 'rbf.lengthscale', 'Gaussian_noise.variance']",[12467.97791593    51.78377899    34.8696696     27.47989726],1683
