,X_r,OC,KG,DL,HP_names,HP_vars,file_number
0,[26.71361324],[[20.46420705]],"[array([[ 1.28922328, 26.52679799]]), 76.84730144379459]","[nan, nan]","['rbf.variance', 'rbf.lengthscale', 'Gaussian_noise.variance']",[19049.65529383    50.73287399    44.23840816   299.31839215],1656
1,[32.99416232],[[7.9770057]],"[array([[9.90953954e-07, 9.96185683e+01]]), 70.3436399797482]","[nan, nan]","['rbf.variance', 'rbf.lengthscale', 'Gaussian_noise.variance']",[18847.71833862    49.46198341    45.98104391   301.63857282],1656
2,[35.25597047],[[3.84262357]],"[array([[45.80549889, 40.5327863 ]]), 73.44844306995653]","[nan, nan]","['rbf.variance', 'rbf.lengthscale', 'Gaussian_noise.variance']",[18775.19379703    34.49612059    43.21567919   134.21164704],1656
3,[33.44897687],[[7.10401075]],"[array([[33.43671214, 66.3053132 ]]), 67.33574531141716]","[nan, nan]","['rbf.variance', 'rbf.lengthscale', 'Gaussian_noise.variance']",[17881.14716916    48.30459492    45.73206403   194.03120956],1656
4,[34.64195744],[[4.90062523]],"[array([[27.51960764, 37.04740215]]), 58.86632693201291]","[nan, nan]","['rbf.variance', 'rbf.lengthscale', 'Gaussian_noise.variance']",[1.78811432e+04 3.58727143e+01 3.32396121e+01 9.33040014e-03],1656
5,[37.26128362],[[1.05800378]],"[array([[29.86226001, 44.54236421]]), 58.363034424286624]","[nan, nan]","['rbf.variance', 'rbf.lengthscale', 'Gaussian_noise.variance']",[8.31569498e+03 3.15122540e+01 2.51515838e+01 3.68914006e-01],1656
6,[35.03615875],[[4.21362606]],"[array([[35.04072472, 94.31750977]]), 60.311582851261534]","[nan, nan]","['rbf.variance', 'rbf.lengthscale', 'Gaussian_noise.variance']",[1.29172263e+04 3.43532896e+01 3.36089610e+01 1.20186543e+01],1656
7,[35.27198345],[[3.81597081]],"[array([[35.30800639, 15.74694532]]), 60.365791964366274]","[nan, nan]","['rbf.variance', 'rbf.lengthscale', 'Gaussian_noise.variance']",[1.32637523e+04 3.54540473e+01 3.46045761e+01 1.20280558e+01],1656
