,X_r,OC,KG,DL,HP_names,HP_vars,file_number
0,[11.22159731],[[51.4481935]],"[array([[ 0.58188248, 35.50324563]]), 89.19944601320586]","[nan, nan]","['rbf.variance', 'rbf.lengthscale', 'Gaussian_noise.variance']",[1.00003557e+04 5.44407504e+01 2.16908958e+01 2.78383321e-03],1688
1,[38.89567688],[[0.02782546]],"[array([[65.94138456, 38.61754934]]), 78.84493893457389]","[nan, nan]","['rbf.variance', 'rbf.lengthscale', 'Gaussian_noise.variance']",[1.00003775e+04 4.20307941e+01 2.47023055e+01 9.91895008e-03],1688
2,[36.45613789],[[2.02047873]],"[array([[11.1215729, 38.6803017]]), 70.56568244467947]","[nan, nan]","['rbf.variance', 'rbf.lengthscale', 'Gaussian_noise.variance']",[1.15731738e+04 4.78092236e+01 2.55866666e+01 1.00000000e-03],1688
3,[38.55902704],[[0.12251232]],"[array([[99.21334135, 39.72941478]]), 63.81856798510628]","[nan, nan]","['rbf.variance', 'rbf.lengthscale', 'Gaussian_noise.variance']",[1.08096827e+04 4.64717933e+01 2.52485447e+01 1.00000000e-03],1688
4,[37.83817768],[[0.537453]],"[array([[37.75549482, 59.54202816]]), 71.13943374582468]","[nan, nan]","['rbf.variance', 'rbf.lengthscale', 'Gaussian_noise.variance']",[8541.14833156   39.41036926   25.83484142  110.25589279],1688
5,[37.36416133],[[0.9539588]],"[array([[37.3732604 , 56.88116552]]), 68.60261461544263]","[nan, nan]","['rbf.variance', 'rbf.lengthscale', 'Gaussian_noise.variance']",[9739.39934814   42.4758259    28.05821399  102.02642507],1688
6,[37.67647099],[[0.66752558]],"[array([[ 0.09392029, 53.57596001]]), 69.62845427500343]","[nan, nan]","['rbf.variance', 'rbf.lengthscale', 'Gaussian_noise.variance']",[9037.84001403   41.08806499   27.01332292   75.5244875 ],1688
7,[38.268255],[[0.2562402]],"[array([[38.28525878, 23.05746631]]), 70.12850747263555]","[nan, nan]","['rbf.variance', 'rbf.lengthscale', 'Gaussian_noise.variance']",[8171.50566102   39.64188013   26.21685298   64.87428075],1688
