,X_r,OC,KG,DL,HP_names,HP_vars,file_number
0,[8.08418976],[[57.72300865]],"[array([[ 0.78856594, 38.89156452]]), 113.89625481789575]","[nan, nan]","['rbf.variance', 'rbf.lengthscale', 'Gaussian_noise.variance']",[1.76143882e+04 7.16770702e+01 4.06179407e+01 1.04210555e-04],1922
1,[31.11812397],[[11.66682745]],"[array([[15.33668133, 41.40000229]]), 83.78489953377809]","[nan, nan]","['rbf.variance', 'rbf.lengthscale', 'Gaussian_noise.variance']",[1.76084123e+04 4.27901043e+01 5.55253279e+01 8.03362737e+00],1922
