,X_r,OC,KG,DL,HP_names,HP_vars,file_number
0,[41.31075715],[[1.38884025]],"[array([[ 7.73695456, 36.41854468]]), 59.895036463821306]","[nan, nan]","['rbf.variance', 'rbf.lengthscale', 'Gaussian_noise.variance']",[1.49752382e+04 4.56519914e+01 4.45874305e+01 1.36920084e-05],1944
1,[41.08372607],[[1.10791456]],"[array([[75.62420947, 23.32073307]]), 65.62436707276949]","[nan, nan]","['rbf.variance', 'rbf.lengthscale', 'Gaussian_noise.variance']",[1.49750824e+04 4.20949691e+01 4.76959420e+01 8.81714054e-05],1944
