,X_r,OC,KG,DL,HP_names,HP_vars,file_number
0,[34.58271696],[[5.00600868]],"[array([[ 0.14722598, 23.43543516]]), 56.617733564376884]","[nan, nan]","['rbf.variance', 'rbf.lengthscale', 'Gaussian_noise.variance']",[20728.25550508    50.19054379    52.9469407    239.2615141 ],1711
1,[36.90009129],[[1.45876367]],"[array([[99.0361743 ,  9.39438205]]), 56.80172900714017]","[nan, nan]","['rbf.variance', 'rbf.lengthscale', 'Gaussian_noise.variance']",[20779.70874041    51.53218764    53.48650117   191.05054013],1711
2,[36.79958838],[[1.57957096]],"[array([[36.81168114, 47.94655012]]), 57.01935975593395]","[nan, nan]","['rbf.variance', 'rbf.lengthscale', 'Gaussian_noise.variance']",[20662.10862697    52.95086549    53.67658472   165.10853993],1711
3,[50.66419353],[[25.88549416]],"[array([[68.29858245, 42.8152284 ]]), 90.2728297309627]","[nan, nan]","['rbf.variance', 'rbf.lengthscale', 'Gaussian_noise.variance']",[1.23753200e+04 3.34374904e+01 3.18484207e+01 1.00000000e-03],1711
4,[37.61121036],[[0.72361234]],"[array([[ 7.27572827, 39.95151628]]), 70.50071212029087]","[nan, nan]","['rbf.variance', 'rbf.lengthscale', 'Gaussian_noise.variance']",[1.23753064e+04 3.40504485e+01 1.93099893e+01 1.02020777e-02],1711
5,[34.45436238],[[5.23606901]],"[array([[34.46828659, 49.75049275]]), 56.39569412839442]","[nan, nan]","['rbf.variance', 'rbf.lengthscale', 'Gaussian_noise.variance']",[23435.50341272    54.46162015    61.25347563   142.84696837],1711
