,X_r,OC,KG,DL,HP_names,HP_vars,file_number
0,[55.82584952],[[41.36893758]],"[array([[54.5209983 , 33.72373076]]), 48.56300292130755]","[nan, nan]","['rbf.variance', 'rbf.lengthscale', 'Gaussian_noise.variance']",[1.28953422e+04 3.40463553e+01 5.03257882e+01 7.56621643e+00],1764
1,[46.83686094],[[14.4880102]],"[array([[72.85656755, 20.41562191]]), 41.20165554289398]","[nan, nan]","['rbf.variance', 'rbf.lengthscale', 'Gaussian_noise.variance']",[2.37854630e+04 5.03237449e+01 5.58800838e+01 1.29296839e+01],1764
2,[48.80915024],[[20.33146351]],"[array([[48.83646579, 23.32932249]]), 42.37300361852688]","[nan, nan]","['rbf.variance', 'rbf.lengthscale', 'Gaussian_noise.variance']",[4.35527482e+04 5.16713423e+01 6.25384045e+01 1.00000000e-03],1764
3,[37.78524603],[[0.57861484]],"[array([[37.85888985, 99.670003  ]]), 42.57345374732765]","[nan, nan]","['rbf.variance', 'rbf.lengthscale', 'Gaussian_noise.variance']",[43543.7792588     70.25360099    58.74098413   131.84977679],1764
4,[37.35660778],[[0.96143924]],"[array([[ 5.10468651, 48.21144789]]), 44.119056454545685]","[nan, nan]","['rbf.variance', 'rbf.lengthscale', 'Gaussian_noise.variance']",[12940.19272162    52.54896554    38.15170554   138.61010367],1764
5,[37.53747937],[[0.78940684]],"[array([[87.13060659,  1.22707422]]), 42.56178794329127]","[nan, nan]","['rbf.variance', 'rbf.lengthscale', 'Gaussian_noise.variance']",[15308.96572836    55.7985193     43.10582035   131.95212321],1764
