,X_r,OC,KG,DL,HP_names,HP_vars,file_number
0,[36.46217436],[[2.01237231]],"[array([[52.5921374 , 33.38532766]]), 73.07147927210639]","[nan, nan]","['rbf.variance', 'rbf.lengthscale', 'Gaussian_noise.variance']",[1.59978017e+04 3.06421345e+01 4.36689317e+01 1.41187596e-03],1775
1,[36.50657195],[[1.95312976]],"[array([[ 8.90626659, 57.94575392]]), 73.60742951660451]","[nan, nan]","['rbf.variance', 'rbf.lengthscale', 'Gaussian_noise.variance']",[1.59976918e+04 3.33964087e+01 4.21146224e+01 3.14895723e-05],1775
2,[37.18530224],[[1.13780013]],"[array([[37.18428976,  5.3481944 ]]), 70.13458280705302]","[nan, nan]","['rbf.variance', 'rbf.lengthscale', 'Gaussian_noise.variance']",[1.67461503e+04 3.16457359e+01 4.81749401e+01 1.00000000e-03],1775
3,[36.59801828],[[1.83324714]],"[array([[ 0.08464115, 32.89688978]]), 70.1588679506318]","[nan, nan]","['rbf.variance', 'rbf.lengthscale', 'Gaussian_noise.variance']",[1.67461523e+04 3.64138809e+01 3.18425345e+01 1.19849973e-02],1775
4,[36.93790674],[[1.4143221]],"[array([[73.98740119, 43.09889424]]), 73.10740463746728]","[nan, nan]","['rbf.variance', 'rbf.lengthscale', 'Gaussian_noise.variance']",[13784.046782      34.43550168    35.47109151    22.00666866],1775
5,[37.89459655],[[0.49512014]],"[array([[99.99998711, 40.26412758]]), 82.35304629488884]","[nan, nan]","['rbf.variance', 'rbf.lengthscale', 'Gaussian_noise.variance']",[1.37840475e+04 2.84076236e+01 3.18266622e+01 1.04573129e-02],1775
