,X_r,OC,KG,DL,HP_names,HP_vars,file_number
0,[18.59479482],[[36.70179853]],"[array([[30.55921243, 44.91410045]]), 41.7503979237931]","[nan, nan]","['rbf.variance', 'rbf.lengthscale', 'Gaussian_noise.variance']",[1.18876664e+04 2.80981808e+01 4.89944529e+01 9.90748220e-03],1954
1,[25.00034766],[[23.89069609]],"[array([[ 4.79179873, 68.64150425]]), 57.620492252218476]","[nan, nan]","['rbf.variance', 'rbf.lengthscale', 'Gaussian_noise.variance']",[9515.76325294   26.97384257   39.7539756    90.35310012],1954
