,X_r,OC,KG,DL,HP_names,HP_vars,file_number
0,[34.04896069],[[5.97664925]],"[array([[37.00617797, 34.836942  ]]), 83.82723826487887]","[nan, nan]","['rbf.variance', 'rbf.lengthscale', 'Gaussian_noise.variance']",[1.38043709e+04 3.98698380e+01 3.47684834e+01 9.90800375e-05],1684
1,[99.99855518],[[173.88705371]],"[array([[99.96593642, 41.51271639]]), 55.79180267685407]","[nan, nan]","['rbf.variance', 'rbf.lengthscale', 'Gaussian_noise.variance']",[8.96183966e+03 5.08195995e+04 1.19737253e+01 1.22418728e+01],1684
2,[0.00049359],[[73.89040099]],"[array([[77.36083422, 34.78263272]]), -49.962487214922845]","[nan, nan]","['rbf.variance', 'rbf.lengthscale', 'Gaussian_noise.variance']",[7.94814029e+03 5.08195964e+04 4.99127157e+00 1.00000000e-03],1684
3,[36.84292413],[[1.5270048]],"[array([[20.97781177, 22.03109057]]), 71.94554082712187]","[nan, nan]","['rbf.variance', 'rbf.lengthscale', 'Gaussian_noise.variance']",[8545.91545428   35.18096085   26.03254845   41.11093069],1684
4,[33.46792957],[[7.06793346]],"[array([[33.36082166, 58.73403943]]), 69.81137858944322]","[nan, nan]","['rbf.variance', 'rbf.lengthscale', 'Gaussian_noise.variance']",[9836.97624582   38.75316186   28.47093112   57.18069921],1684
5,[33.18885208],[[7.60171168]],"[array([[33.18938092, 15.8496313 ]]), 65.85612568067825]","[nan, nan]","['rbf.variance', 'rbf.lengthscale', 'Gaussian_noise.variance']",[8550.36998954   38.82792792   26.26907216   48.34909573],1684
6,[33.3179525],[[7.35412902]],"[array([[33.31781347, 82.63989897]]), 65.96693693339165]","[nan, nan]","['rbf.variance', 'rbf.lengthscale', 'Gaussian_noise.variance']",[8544.32191696   39.02926751   26.80477145   38.52378622],1684
7,[41.37444501],[[1.47304268]],"[array([[56.65673565, 46.48678457]]), 67.04745512800764]","[nan, nan]","['rbf.variance', 'rbf.lengthscale', 'Gaussian_noise.variance']",[8543.87945001   28.17160882   21.2932252    15.4604552 ],1684
