,X_r,OC,KG,DL,HP_names,HP_vars,file_number
0,[31.69831942],[[10.51610295]],"[array([[39.39718972, 38.66946893]]), 60.793542553133534]","[nan, nan]","['rbf.variance', 'rbf.lengthscale', 'Gaussian_noise.variance']",[1.72770399e+05 8.20736110e+01 7.93595275e+01 1.65279569e-05],1771
1,[33.98521298],[[6.09482118]],"[array([[33.99910049, 27.88079604]]), 68.76458822831515]","[nan, nan]","['rbf.variance', 'rbf.lengthscale', 'Gaussian_noise.variance']",[1.72765634e+05 7.39888073e+01 7.16727969e+01 1.08350556e+02],1771
2,[34.05323113],[[5.96874798]],"[array([[34.03754573, 85.13480095]]), 66.72349289667034]","[nan, nan]","['rbf.variance', 'rbf.lengthscale', 'Gaussian_noise.variance']",[1.72762256e+05 7.40021734e+01 7.35882709e+01 9.75162430e+01],1771
3,[32.12293311],[[9.67811006]],"[array([[32.10085291, 70.05809448]]), 64.12383755250397]","[nan, nan]","['rbf.variance', 'rbf.lengthscale', 'Gaussian_noise.variance']",[1.72758945e+05 7.97170420e+01 7.15511479e+01 1.70278709e+02],1771
4,[32.47310901],[[8.99081905]],"[array([[32.46429124, 29.31411923]]), 64.65461692360427]","[nan, nan]","['rbf.variance', 'rbf.lengthscale', 'Gaussian_noise.variance']",[1.72758867e+05 8.07395038e+01 6.89479836e+01 1.31193912e+02],1771
5,[42.82065181],[[3.96480884]],"[array([[54.84925058, 40.31929196]]), 81.1122517912895]","[nan, nan]","['rbf.variance', 'rbf.lengthscale', 'Gaussian_noise.variance']",[8893.17342119   29.73258379   25.7259964     9.83690916],1771
