,X_r,OC,KG,DL,HP_names,HP_vars,file_number
0,[0.00113124],[[73.8891257]],"[array([[ 0.0450378, 30.9117796]]), 68.69296897334851]","[nan, nan]","['rbf.variance', 'rbf.lengthscale', 'Gaussian_noise.variance']",[7017.08273035   65.10675462   28.72088811   87.76940475],1949
1,[25.89711032],[[22.0971809]],"[array([[ 5.87404763, 47.88296497]]), 40.847982638060486]","[nan, nan]","['rbf.variance', 'rbf.lengthscale', 'Gaussian_noise.variance']",[5978.04954272   41.76390352   29.08646024  116.951699  ],1949
