,X_r,OC,KG,DL,HP_names,HP_vars,file_number
0,[45.00285808],[[9.28329482]],"[array([[30.63520458, 28.80921957]]), 49.35444845808897]","[nan, nan]","['rbf.variance', 'rbf.lengthscale', 'Gaussian_noise.variance']",[2.70870797e+04 5.50986756e+01 6.30582498e+01 2.61623750e+00],1918
1,[37.84462221],[[0.53253667]],"[array([[37.87886733, 95.74907747]]), 58.390721309953655]","[nan, nan]","['rbf.variance', 'rbf.lengthscale', 'Gaussian_noise.variance']",[26249.7093762     56.49671571    58.68423176   287.86996597],1918
