,X_r,OC,KG,DL,HP_names,HP_vars,file_number
0,[41.49974119],[[1.64547285]],"[array([[37.53075643, 40.96675537]]), 63.88513132005248]","[nan, nan]","['rbf.variance', 'rbf.lengthscale', 'Gaussian_noise.variance']",[1.72714056e+04 4.32871541e+01 5.11531973e+01 3.92516854e-05],1641
1,[40.37741206],[[0.43279644]],"[array([[40.45316398, 60.9799363 ]]), 63.997776488902645]","[nan, nan]","['rbf.variance', 'rbf.lengthscale', 'Gaussian_noise.variance']",[1.72708450e+04 4.47429552e+01 5.08744396e+01 6.36230638e-07],1641
2,[41.20977653],[[1.26015341]],"[array([[41.8193428 , 21.40451521]]), 63.614904354136584]","[nan, nan]","['rbf.variance', 'rbf.lengthscale', 'Gaussian_noise.variance']",[1.72689606e+04 4.50399409e+01 4.64874562e+01 1.00977349e+01],1641
3,[42.46351823],[[3.25383259]],"[array([[ 0.32223575, 40.62650427]]), 62.28513882420246]","[nan, nan]","['rbf.variance', 'rbf.lengthscale', 'Gaussian_noise.variance']",[1.12828351e+04 4.43349026e+01 2.48793508e+01 1.00000000e-03],1641
4,[42.75914446],[[3.83835806]],"[array([[43.14477674, 19.33324511]]), 60.911140822126214]","[nan, nan]","['rbf.variance', 'rbf.lengthscale', 'Gaussian_noise.variance']",[1.22388869e+04 4.75588743e+01 2.52626197e+01 1.00000000e-03],1641
5,[36.47785012],[[1.99137855]],"[array([[85.99402356, 28.69246262]]), 53.40022526119831]","[nan, nan]","['rbf.variance', 'rbf.lengthscale', 'Gaussian_noise.variance']",[12445.37958466    54.81629446    32.10969689   186.66113795],1641
6,[36.20396216],[[2.36977098]],"[array([[36.19874197, 51.27689274]]), 49.81203069794215]","[nan, nan]","['rbf.variance', 'rbf.lengthscale', 'Gaussian_noise.variance']",[14372.94386329    60.99760052    37.06045164   211.01456801],1641
7,[37.39797005],[[0.92078991]],"[array([[37.37372999, 75.18629271]]), 52.48677908827078]","[nan, nan]","['rbf.variance', 'rbf.lengthscale', 'Gaussian_noise.variance']",[13473.06918118    59.93240778    33.12723508   154.37419531],1641
