,X_r,OC,KG,DL,HP_names,HP_vars,file_number
0,[15.70783959],[[42.47570901]],"[array([[ 2.45573665, 32.91286749]]), 54.72556737644831]","[nan, nan]","['rbf.variance', 'rbf.lengthscale', 'Gaussian_noise.variance']",[5.23856903e+03 5.22865124e+01 3.24025683e+01 1.95799802e-04],1673
1,[31.42855869],[[11.05046448]],"[array([[ 9.77330863, 53.78091432]]), 38.55611805412644]","[nan, nan]","['rbf.variance', 'rbf.lengthscale', 'Gaussian_noise.variance']",[6423.8445866    52.2187066    40.07293337  123.21474403],1673
2,[31.77140542],[[10.37156829]],"[array([[32.69767365, 20.57788238]]), 58.783365864606935]","[nan, nan]","['rbf.variance', 'rbf.lengthscale', 'Gaussian_noise.variance']",[3.41177867e+04 5.71543782e+01 7.17656150e+01 1.00000000e-03],1673
3,[32.41665042],[[9.10135272]],"[array([[99.68682326, 99.40496475]]), 38.36108758142261]","[nan, nan]","['rbf.variance', 'rbf.lengthscale', 'Gaussian_noise.variance']",[8231.78732049   54.35977139   44.98129856   77.31054406],1673
4,[32.51393782],[[8.91095918]],"[array([[32.45617654, 99.99999845]]), 42.19536642665018]","[nan, nan]","['rbf.variance', 'rbf.lengthscale', 'Gaussian_noise.variance']",[13577.67660113    57.68852683    56.1094167     55.2032349 ],1673
5,[32.73812466],[[8.47364581]],"[array([[32.7385846 ,  9.20904952]]), 39.75767609709694]","[nan, nan]","['rbf.variance', 'rbf.lengthscale', 'Gaussian_noise.variance']",[13577.41238966    60.6778326     55.38519774    63.92959557],1673
6,[24.65196626],[[24.5874575]],"[array([[24.64699777, 82.44805408]]), 23.156335297171417]","[nan, nan]","['rbf.variance', 'rbf.lengthscale', 'Gaussian_noise.variance']",[10732.19241081    71.18454135    52.93768547   361.19556098],1673
7,[27.05003335],[[19.79139527]],"[array([[27.05023168, 74.89857267]]), 25.345631315521764]","[nan, nan]","['rbf.variance', 'rbf.lengthscale', 'Gaussian_noise.variance']",[11712.40422568    69.45289926    53.72390833   304.59021934],1673
