,X_r,OC,KG,DL,HP_names,HP_vars,file_number
0,[32.56107451],[[8.81884002]],"[array([[16.84399459, 47.04590044]]), 57.14606773579917]","[nan, nan]","['rbf.variance', 'rbf.lengthscale', 'Gaussian_noise.variance']",[7.84664847e+03 2.99469699e+01 3.23895196e+01 6.75972095e-04],161
1,[32.87805494],[[8.20181698]],"[array([[48.5528428 , 47.96532313]]), 54.709491945525606]","[nan, nan]","['rbf.variance', 'rbf.lengthscale', 'Gaussian_noise.variance']",[7.69312923e+03 3.22666012e+01 3.13549817e+01 1.00000000e-03],161
2,[41.20620878],[[1.2557155]],"[array([[26.33476355, 46.16235196]]), 94.40402837035802]","[nan, nan]","['rbf.variance', 'rbf.lengthscale', 'Gaussian_noise.variance']",[7.67603772e+03 2.64332613e+01 2.61852062e+01 1.00000000e-03],161
3,[44.59474432],[[8.19098072]],"[array([[60.08420131, 43.99041668]]), 85.4617503945589]","[nan, nan]","['rbf.variance', 'rbf.lengthscale', 'Gaussian_noise.variance']",[6.77732002e+03 2.28754461e+01 2.40806072e+01 7.86618929e-01],161
4,[45.11515656],[[9.58940286]],"[array([[31.71748119, 44.25932509]]), 86.94562999049312]","[nan, nan]","['rbf.variance', 'rbf.lengthscale', 'Gaussian_noise.variance']",[6.77738534e+03 2.36916604e+01 2.56799129e+01 7.14145990e-01],161
5,[46.23147853],[[12.73103791]],"[array([[53.88737711, 44.29829563]]), 83.52718576971732]","[nan, nan]","['rbf.variance', 'rbf.lengthscale', 'Gaussian_noise.variance']",[7.14035574e+03 2.27743737e+01 2.70220906e+01 1.00000000e-03],161
6,[42.12963376],[[2.64273844]],"[array([[42.28483556, 92.78068275]]), 75.12317745800456]","[nan, nan]","['rbf.variance', 'rbf.lengthscale', 'Gaussian_noise.variance']",[8600.28411577   28.60790646   31.4734964    49.13359061],161
7,[41.90931815],[[2.26994121]],"[array([[41.90835777, 60.2607434 ]]), 74.70749320789231]","[nan, nan]","['rbf.variance', 'rbf.lengthscale', 'Gaussian_noise.variance']",[8825.86091482   29.19687075   33.98170017   49.25476379],161
