,X_r,OC,KG,DL,HP_names,HP_vars,file_number
0,[23.87197401],[[26.14744065]],"[array([[99.99999785, 39.72731436]]), 48.12372084199802]","[nan, nan]","['rbf.variance', 'rbf.lengthscale', 'Gaussian_noise.variance']",[1.57266042e+04 3.52749749e+01 6.51444483e+01 9.81966774e-05],1953
1,[28.25964512],[[17.37248679]],"[array([[38.65875901, 44.91658963]]), 43.01029040217685]","[nan, nan]","['rbf.variance', 'rbf.lengthscale', 'Gaussian_noise.variance']",[2.65587657e+04 4.95937484e+01 6.34338629e+01 1.00000000e-03],1953
