,X_r,OC,KG,DL,HP_names,HP_vars,file_number
0,[14.62443428],[[44.6425194]],"[array([[ 2.90542355, 38.37012104]]), 145.58842416261024]","[nan, nan]","['rbf.variance', 'rbf.lengthscale', 'Gaussian_noise.variance']",[2.60604692e+04 5.33157568e+01 1.50272390e+01 5.45186209e-03],1733
1,[44.75911705],[[8.62690083]],"[array([[67.11140471, 38.57014383]]), 111.21134001521133]","[nan, nan]","['rbf.variance', 'rbf.lengthscale', 'Gaussian_noise.variance']",[2.60604433e+04 4.45208199e+01 1.52120984e+01 1.00559383e-02],1733
2,[36.21492675],[[2.35416428]],"[array([[35.85347248,  5.95950824]]), 57.16963140101755]","[nan, nan]","['rbf.variance', 'rbf.lengthscale', 'Gaussian_noise.variance']",[19292.75370753    54.81361278    44.0014977    633.90850531],1733
3,[34.06859176],[[5.94034506]],"[array([[99.70154761, 86.52916533]]), 56.67321014049777]","[nan, nan]","['rbf.variance', 'rbf.lengthscale', 'Gaussian_noise.variance']",[19740.46142329    57.32845406    44.39592242   623.02863779],1733
4,[31.73536722],[[10.44282346]],"[array([[31.72209757, 78.7994669 ]]), 54.2520875088919]","[nan, nan]","['rbf.variance', 'rbf.lengthscale', 'Gaussian_noise.variance']",[20637.86013917    62.12272242    45.27297986   654.66467642],1733
5,[34.23716709],[[5.63037138]],"[array([[34.25318005, 66.54615823]]), 52.98123860968627]","[nan, nan]","['rbf.variance', 'rbf.lengthscale', 'Gaussian_noise.variance']",[20624.96055889    59.77229294    44.01308756   606.790649  ],1733
