,X_r,OC,KG,DL,HP_names,HP_vars,file_number
0,[9.67247942],[[54.54642911]],"[array([[ 0.12585607, 39.98794583]]), 79.42946665942242]","[nan, nan]","['rbf.variance', 'rbf.lengthscale', 'Gaussian_noise.variance']",[8.23648106e+03 6.04088357e+01 2.68221941e+01 1.00000000e-03],1985
1,[32.48722589],[[8.96319978]],"[array([[15.48842108, 39.40985368]]), 47.477224573767565]","[nan, nan]","['rbf.variance', 'rbf.lengthscale', 'Gaussian_noise.variance']",[8.23649400e+03 4.70410045e+01 3.21978631e+01 9.95173326e-03],1985
