,X_r,OC,KG,DL,HP_names,HP_vars,file_number
0,[35.38004318],[[3.63751422]],"[array([[ 0.14256535, 19.56619732]]), 61.87962702737211]","[nan, nan]","['rbf.variance', 'rbf.lengthscale', 'Gaussian_noise.variance']",[15616.59526824    49.0228244     52.285674      60.06241511],1776
1,[35.46747074],[[3.49497932]],"[array([[ 0.18187895, 61.32453745]]), 60.435942494050266]","[nan, nan]","['rbf.variance', 'rbf.lengthscale', 'Gaussian_noise.variance']",[15573.28655209    50.65135512    52.43827567    70.82605538],1776
2,[35.28000924],[[3.80263213]],"[array([[35.16328721,  4.82268699]]), 60.66695547709077]","[nan, nan]","['rbf.variance', 'rbf.lengthscale', 'Gaussian_noise.variance']",[15565.73000662    54.37138286    52.21152227    64.68375986],1776
3,[34.87119705],[[4.49794708]],"[array([[34.94923281, 99.57507073]]), 60.44495766452226]","[nan, nan]","['rbf.variance', 'rbf.lengthscale', 'Gaussian_noise.variance']",[15553.03091577    56.04332455    53.00575161    54.91419063],1776
4,[35.46264088],[[3.50280911]],"[array([[100.        ,  85.99892855]]), 59.72075611063357]","[nan, nan]","['rbf.variance', 'rbf.lengthscale', 'Gaussian_noise.variance']",[13645.72615432    53.86754922    49.21357967    55.11746952],1776
5,[36.09145899],[[2.53200847]],"[array([[36.09678949,  8.63111841]]), 61.57137367071171]","[nan, nan]","['rbf.variance', 'rbf.lengthscale', 'Gaussian_noise.variance']",[20046.88097961    57.31482078    49.50905321    74.62508985],1776
