,X_r,OC,KG,DL,HP_names,HP_vars,file_number
0,[0.90282473],[[72.08573835]],"[array([[ 0.28795595, 48.46724499]]), 93.97160605303176]","[nan, nan]","['rbf.variance', 'rbf.lengthscale', 'Gaussian_noise.variance']",[10786.15538695    51.7261046     36.45916577   315.84654886],1655
1,[30.10809281],[[13.67901774]],"[array([[77.86479594,  3.95263172]]), 42.11465676158813]","[nan, nan]","['rbf.variance', 'rbf.lengthscale', 'Gaussian_noise.variance']",[7705.51291895   44.07458752   36.90386893  758.85075431],1655
2,[30.13605024],[[13.62322773]],"[array([[ 0.91032823, 99.74272977]]), 47.6353992795496]","[nan, nan]","['rbf.variance', 'rbf.lengthscale', 'Gaussian_noise.variance']",[13371.57123551    50.92123367    45.5100872    463.18173253],1655
3,[30.09336939],[[13.70840034]],"[array([[2.05524366, 0.80814613]]), 50.871115477216826]","[nan, nan]","['rbf.variance', 'rbf.lengthscale', 'Gaussian_noise.variance']",[11223.76162875    49.20690491    39.62874153   352.89799727],1655
4,[30.46115792],[[12.97477267]],"[array([[98.26637557,  1.29893453]]), 51.59452547943003]","[nan, nan]","['rbf.variance', 'rbf.lengthscale', 'Gaussian_noise.variance']",[10847.42294429    48.77203789    38.82174867   288.50473323],1655
5,[32.43485711],[[9.06569511]],"[array([[32.42208042, 49.19398269]]), 42.115179066638895]","[nan, nan]","['rbf.variance', 'rbf.lengthscale', 'Gaussian_noise.variance']",[25566.67023114    70.38337221    57.38465656   505.50727486],1655
6,[32.34519146],[[9.24141502]],"[array([[32.28743157, 99.99999559]]), 42.15523124278808]","[nan, nan]","['rbf.variance', 'rbf.lengthscale', 'Gaussian_noise.variance']",[25558.18588313    70.889504      56.97599174   440.39987293],1655
7,[32.56303674],[[8.81500712]],"[array([[32.5777631 , 78.29852935]]), 42.901288878237544]","[nan, nan]","['rbf.variance', 'rbf.lengthscale', 'Gaussian_noise.variance']",[25551.77813015    71.4312014     56.68036989   420.86268216],1655
