,X_r,OC,KG,DL,HP_names,HP_vars,file_number
0,[11.976005],[[49.93937808]],"[array([[ 4.31567274, 28.52566188]]), 82.65619411958312]","[nan, nan]","['rbf.variance', 'rbf.lengthscale', 'Gaussian_noise.variance']",[1.41044918e+04 5.77823019e+01 3.39952824e+01 1.01189874e-02],1754
1,[22.35660291],[[29.17818228]],"[array([[37.45740799, 21.09292365]]), 55.26022171186778]","[nan, nan]","['rbf.variance', 'rbf.lengthscale', 'Gaussian_noise.variance']",[1.41044245e+04 2.82875741e+01 5.23400365e+01 1.27860338e-02],1754
2,[28.84143764],[[16.20933757]],"[array([[16.84071904, 22.67553266]]), 72.54100323772019]","[nan, nan]","['rbf.variance', 'rbf.lengthscale', 'Gaussian_noise.variance']",[7.62437252e+03 2.87034184e+01 3.21173496e+01 1.00000000e-03],1754
3,[27.21913838],[[19.45320518]],"[array([[47.75387931, 53.03442492]]), 89.89830717825791]","[nan, nan]","['rbf.variance', 'rbf.lengthscale', 'Gaussian_noise.variance']",[7.86144820e+03 2.87603546e+01 3.04129347e+01 2.43219601e+00],1754
4,[28.79724475],[[16.29767841]],"[array([[11.48922988, 49.08496554]]), 97.5477180989075]","[nan, nan]","['rbf.variance', 'rbf.lengthscale', 'Gaussian_noise.variance']",[8.14333279e+03 3.13348694e+01 3.00086988e+01 2.82478448e+00],1754
5,[33.13468399],[[7.70590575]],"[array([[56.74712099, 43.62032049]]), 79.12319553355562]","[nan, nan]","['rbf.variance', 'rbf.lengthscale', 'Gaussian_noise.variance']",[6688.40113494   29.46982354   28.62552991   10.75916491],1754
