,X_r,OC,KG,DL,HP_names,HP_vars,file_number
0,[48.91521471],[[20.64831162]],"[array([[ 0.03491543, 34.30425184]]), 77.91058561440369]","[nan, nan]","['rbf.variance', 'rbf.lengthscale', 'Gaussian_noise.variance']",[1.31482725e+04 3.37324782e+01 4.37847045e+01 2.31628116e-04],1992
1,[41.78735467],[[2.07446803]],"[array([[60.46064152, 45.40481016]]), 68.17924526068342]","[nan, nan]","['rbf.variance', 'rbf.lengthscale', 'Gaussian_noise.variance']",[1.31482357e+04 3.94074839e+01 3.71438537e+01 2.55657776e-04],1992
