,X_r,OC,KG,DL,HP_names,HP_vars,file_number
0,[8.89794608],[[56.09549593]],"[array([[ 0.45970387, 36.12604533]]), 128.8094309817294]","[nan, nan]","['rbf.variance', 'rbf.lengthscale', 'Gaussian_noise.variance']",[2.14443226e+04 4.94568759e+01 3.98207824e+01 9.38292181e-04],1740
1,[33.62809028],[[6.7641655]],"[array([[15.83659285, 46.19403274]]), 70.39804722063406]","[nan, nan]","['rbf.variance', 'rbf.lengthscale', 'Gaussian_noise.variance']",[12273.94518168    38.27253528    36.02616204   532.11550588],1740
2,[37.80271444],[[0.56487694]],"[array([[39.96789251, 37.09503468]]), 84.4932312758375]","[nan, nan]","['rbf.variance', 'rbf.lengthscale', 'Gaussian_noise.variance']",[1.04364738e+04 2.97426600e+01 2.66573933e+01 1.00000000e-03],1740
3,[47.37321359],[[16.06378138]],"[array([[48.71704368, 33.89020753]]), 126.35015963625415]","[nan, nan]","['rbf.variance', 'rbf.lengthscale', 'Gaussian_noise.variance']",[8.36980960e+03 1.36541184e+01 3.70712904e+01 1.00000000e-03],1740
4,[37.60119433],[[0.73239985]],"[array([[37.57414976, 54.85430303]]), 88.09931500929015]","[nan, nan]","['rbf.variance', 'rbf.lengthscale', 'Gaussian_noise.variance']",[9932.60187334   29.72418251   26.18208861  102.02899211],1740
5,[36.99689271],[[1.34612979]],"[array([[36.99690534, 97.46885554]]), 80.33346031495306]","[nan, nan]","['rbf.variance', 'rbf.lengthscale', 'Gaussian_noise.variance']",[8895.03580839   29.6658385    22.84163188  156.9830655 ],1740
