,X_r,OC,KG,DL,HP_names,HP_vars,file_number
0,[19.25026521],[[35.39085776]],"[array([[ 0.28394703, 37.51342826]]), 86.18708663983742]","[nan, nan]","['rbf.variance', 'rbf.lengthscale', 'Gaussian_noise.variance']",[7394.55639668   47.19079758   31.06191109  336.96323971],1829
1,[42.72564514],[[3.77017229]],"[array([[53.11402282, 40.37006625]]), 75.69044406985834]","[nan, nan]","['rbf.variance', 'rbf.lengthscale', 'Gaussian_noise.variance']",[5.06195948e+03 2.89472093e+01 1.92722535e+01 2.92797066e-03],1829
2,[31.01616254],[[11.86954398]],"[array([[43.08769935, 62.18751295]]), 67.9139213241578]","[nan, nan]","['rbf.variance', 'rbf.lengthscale', 'Gaussian_noise.variance']",[5144.10606679   30.1792879    26.57655114  388.3054046 ],1829
3,[39.50950798],[[0.02969939]],"[array([[79.06774314, 41.02741413]]), 81.83899178453333]","[nan, nan]","['rbf.variance', 'rbf.lengthscale', 'Gaussian_noise.variance']",[5.14411300e+03 1.36222658e+01 3.27940739e+01 9.83727696e-03],1829
