,X_r,OC,KG,DL,HP_names,HP_vars,file_number
0,[25.09814383],[[23.69510423]],"[array([[ 0.50232771, 45.75379132]]), 89.4013093476632]","[nan, nan]","['rbf.variance', 'rbf.lengthscale', 'Gaussian_noise.variance']",[1.75647046e+04 5.26510897e+01 3.97083509e+01 1.85589769e-05],1977
1,[33.91165816],[[6.23169457]],"[array([[16.16214176, 42.1959561 ]]), 78.70260471720651]","[nan, nan]","['rbf.variance', 'rbf.lengthscale', 'Gaussian_noise.variance']",[1.05346396e+04 3.77261150e+01 3.21510763e+01 1.00000000e-03],1977
