,X_r,OC,KG,DL,HP_names,HP_vars,file_number
0,[88.06721072],[[138.0930203]],"[array([[99.99999995, 42.03969693]]), 62.93229180603255]","[nan, nan]","['rbf.variance', 'rbf.lengthscale', 'Gaussian_noise.variance']",[2.70733792e+04 7.74318590e+01 4.15775863e+01 1.19705157e-04],190
1,[42.18556652],[[2.74131195]],"[array([[43.02128827, 38.09558198]]), 60.980778230533]","[nan, nan]","['rbf.variance', 'rbf.lengthscale', 'Gaussian_noise.variance']",[1.22655674e+04 3.39468048e+01 3.07851010e+01 1.91082567e-02],190
