,X_r,OC,KG,DL,HP_names,HP_vars,file_number
0,[35.9663633],[[2.71676554]],"[array([[54.16324242, 46.66911502]]), 47.84570195994326]","[nan, nan]","['rbf.variance', 'rbf.lengthscale', 'Gaussian_noise.variance']",[3.35436650e+04 7.40549933e+01 6.24007255e+01 1.00080782e-02],1766
1,[38.77578013],[[0.05397514]],"[array([[100.        ,  60.45045107]]), 48.304081588001544]","[nan, nan]","['rbf.variance', 'rbf.lengthscale', 'Gaussian_noise.variance']",[3.35436257e+04 7.52136756e+01 6.28271683e+01 1.56713464e+01],1766
2,[40.21720689],[[0.32269679]],"[array([[40.20354642, 70.13184562]]), 47.95721397353323]","[nan, nan]","['rbf.variance', 'rbf.lengthscale', 'Gaussian_noise.variance']",[3.35435761e+04 7.35008634e+01 6.51085695e+01 1.75400156e+01],1766
3,[40.9133927],[[0.91722837]],"[array([[40.9208973 ,  3.66127546]]), 46.94605580191462]","[nan, nan]","['rbf.variance', 'rbf.lengthscale', 'Gaussian_noise.variance']",[3.35435392e+04 7.32378805e+01 6.25572439e+01 3.04482103e+01],1766
4,[41.15768869],[[1.1961066]],"[array([[18.84385197, 16.31307573]]), 48.32612330413171]","[nan, nan]","['rbf.variance', 'rbf.lengthscale', 'Gaussian_noise.variance']",[3.35435578e+04 7.57939064e+01 6.10654389e+01 2.49024463e+01],1766
5,[37.14147203],[[1.18494886]],"[array([[17.73472829, 35.40264205]]), 60.95684595664255]","[nan, nan]","['rbf.variance', 'rbf.lengthscale', 'Gaussian_noise.variance']",[1.85962857e+04 4.80765545e+01 4.03009458e+01 1.00000000e-03],1766
