,X_r,OC,KG,DL,HP_names,HP_vars,file_number
0,[6.12519215],[[61.64100356]],"[array([[8.19508719e-05, 2.91720255e+01]]), 20.743025265751]","[nan, nan]","['rbf.variance', 'rbf.lengthscale', 'Gaussian_noise.variance']",[4440.84910698   51.80290231   35.59148372  687.45127421],1991
1,[11.02009024],[[51.85120736]],"[array([[ 0.25107859, 92.01710242]]), 13.011894695474275]","[nan, nan]","['rbf.variance', 'rbf.lengthscale', 'Gaussian_noise.variance']",[4592.14369811   55.70052035   38.89623536  629.37758156],1991
