,X_r,OC,KG,DL,HP_names,HP_vars,file_number
0,[21.00725591],[[31.8768762]],"[array([[ 0.71122118, 41.28164758]]), 51.760232094880074]","[nan, nan]","['rbf.variance', 'rbf.lengthscale', 'Gaussian_noise.variance']",[18283.09504847    56.60896848    52.43486383    22.77263409],171
1,[28.06389401],[[17.76389987]],"[array([[ 0.81056467, 24.95483107]]), 50.251976239594036]","[nan, nan]","['rbf.variance', 'rbf.lengthscale', 'Gaussian_noise.variance']",[12682.25044497    44.13711573    48.89017168    23.52281894],171
2,[27.91607937],[[18.05947515]],"[array([[17.41339239, 43.65458426]]), 50.9485875269254]","[nan, nan]","['rbf.variance', 'rbf.lengthscale', 'Gaussian_noise.variance']",[1.32389504e+04 4.70923237e+01 4.65930618e+01 1.00000000e-03],171
3,[28.86131848],[[16.16959684]],"[array([[28.8807729 , 75.96004494]]), 47.00692836826388]","[nan, nan]","['rbf.variance', 'rbf.lengthscale', 'Gaussian_noise.variance']",[13234.15454961    43.58204682    51.93737891    30.5705981 ],171
4,[30.58713431],[[12.72368066]],"[array([[83.71678763,  2.09972547]]), 51.39526508518082]","[nan, nan]","['rbf.variance', 'rbf.lengthscale', 'Gaussian_noise.variance']",[10886.61243257    35.70266025    53.96585727    11.7249824 ],171
5,[28.24149365],[[17.40878038]],"[array([[28.37577635,  4.09504456]]), 44.73176812585361]","[nan, nan]","['rbf.variance', 'rbf.lengthscale', 'Gaussian_noise.variance']",[18112.54585445    49.78204829    60.08015779    34.99907971],171
