,X_r,OC,KG,DL,HP_names,HP_vars,file_number
0,[0.00167414],[[73.88803987]],"[array([[ 0.48618268, 39.62223731]]), 81.17980001212288]","[nan, nan]","['rbf.variance', 'rbf.lengthscale', 'Gaussian_noise.variance']",[1.93876683e+04 1.18266705e+02 2.47302425e+01 3.01179340e-04],657
1,[74.50216672],[[97.3978883]],"[0, -90000000000.0]","[nan, nan]","['rbf.variance', 'rbf.lengthscale', 'Gaussian_noise.variance']",[7.91239045e+03 1.01606003e+02 4.98147898e-15 1.00000000e-03],657
