,X_r,OC,KG,DL,HP_names,HP_vars,file_number
0,[39.88236398],[[0.14476528]],"[array([[88.26920182, 40.75900674]]), 49.21414346748074]","[nan, nan]","['rbf.variance', 'rbf.lengthscale', 'Gaussian_noise.variance']",[7.57564706e+04 9.58920797e+01 6.69710595e+01 5.87617079e-05],1619
1,[39.16837023],[[0.00028329]],"[array([[ 0.96446029, 76.9714847 ]]), 51.43511655254529]","[nan, nan]","['rbf.variance', 'rbf.lengthscale', 'Gaussian_noise.variance']",[7.57564388e+04 8.86493827e+01 7.38471616e+01 1.96603089e+01],1619
2,[41.10046874],[[1.12759438]],"[array([[41.0925814 , 64.74776127]]), 48.21523072133339]","[nan, nan]","['rbf.variance', 'rbf.lengthscale', 'Gaussian_noise.variance']",[7.57563758e+04 8.17977389e+01 6.67887720e+01 1.23908056e+01],1619
3,[42.53209706],[[3.38591387]],"[array([[42.53171995, 16.67101573]]), 51.66599503069235]","[nan, nan]","['rbf.variance', 'rbf.lengthscale', 'Gaussian_noise.variance']",[7.57562850e+04 7.71362160e+01 6.67962381e+01 6.42909410e+00],1619
4,[40.29879234],[[0.37675174]],"[array([[3.51282721e-05, 9.99999035e+01]]), 49.6961365150913]","[nan, nan]","['rbf.variance', 'rbf.lengthscale', 'Gaussian_noise.variance']",[7.57561529e+04 7.51844252e+01 7.50180818e+01 3.53921799e+01],1619
5,[40.43532697],[[0.47655833]],"[array([[40.38302214, 99.99999696]]), 49.53010892539475]","[nan, nan]","['rbf.variance', 'rbf.lengthscale', 'Gaussian_noise.variance']",[7.57561098e+04 7.41858753e+01 7.82331328e+01 3.14164105e+01],1619
6,[40.44875182],[[0.48700186]],"[array([[40.45234308, 32.72455901]]), 49.47860181859889]","[nan, nan]","['rbf.variance', 'rbf.lengthscale', 'Gaussian_noise.variance']",[7.57560739e+04 7.49420006e+01 7.91877413e+01 2.75252997e+01],1619
7,[40.43238052],[[0.47428128]],"[array([[40.44247189, 61.31763574]]), 58.36316675838578]","[nan, nan]","['rbf.variance', 'rbf.lengthscale', 'Gaussian_noise.variance']",[25993.95268391    60.59849008    56.88799207    44.30961881],1619
