,X_r,OC,KG,DL,HP_names,HP_vars,file_number
0,[33.89558018],[[6.26168513]],"[array([[ 0.58000161, 42.6916877 ]]), 71.35575123778833]","[nan, nan]","['rbf.variance', 'rbf.lengthscale', 'Gaussian_noise.variance']",[26216.82723903    47.98521235    54.35782158   122.29466412],1934
1,[36.53331103],[[1.91777538]],"[array([[99.95841252, 50.18438693]]), 63.82689799892844]","[nan, nan]","['rbf.variance', 'rbf.lengthscale', 'Gaussian_noise.variance']",[26131.6916614     49.14246926    54.64563057   133.98030773],1934
