,X_r,OC,KG,DL,HP_names,HP_vars,file_number
0,[20.04790491],[[33.79557826]],"[array([[28.1873392 , 25.56626094]]), 72.9208955410547]","[nan, nan]","['rbf.variance', 'rbf.lengthscale', 'Gaussian_noise.variance']",[7.45042114e+03 3.56178693e+01 2.36403149e+01 1.01200652e-02],175
1,[34.52399398],[[5.11097516]],"[array([[12.01382455, 22.78660475]]), 85.1425607416129]","[nan, nan]","['rbf.variance', 'rbf.lengthscale', 'Gaussian_noise.variance']",[8.86712164e+03 3.19021887e+01 2.76807636e+01 1.00000000e-03],175
2,[36.71885579],[[1.67938475]],"[array([[69.99105794, 41.34391589]]), 74.60238634771765]","[nan, nan]","['rbf.variance', 'rbf.lengthscale', 'Gaussian_noise.variance']",[9.23687565e+03 3.17295352e+01 2.94258693e+01 1.34178578e+00],175
3,[38.4156102],[[0.18259357]],"[array([[24.13425742, 47.33607022]]), 85.64860497404274]","[nan, nan]","['rbf.variance', 'rbf.lengthscale', 'Gaussian_noise.variance']",[9.32221561e+03 3.25227286e+01 2.97301672e+01 1.20344617e+00],175
4,[39.92747884],[[0.16461748]],"[array([[76.2128286 , 40.24516159]]), 80.06478935709171]","[nan, nan]","['rbf.variance', 'rbf.lengthscale', 'Gaussian_noise.variance']",[9.59562461e+03 3.26970569e+01 3.07043933e+01 4.28365751e-01],175
5,[28.68920122],[[16.51366512]],"[array([[38.84089329, 47.34863176]]), 51.990587670823714]","[nan, nan]","['rbf.variance', 'rbf.lengthscale', 'Gaussian_noise.variance']",[1.01719019e+04 2.30907172e+01 5.43722127e+01 2.06699242e+00],175
