,X_r,OC,KG,DL,HP_names,HP_vars,file_number
0,[39.66917488],[[0.06829353]],"[array([[16.15485311, 36.84476797]]), 32.76382778855524]","[nan, nan]","['rbf.variance', 'rbf.lengthscale', 'Gaussian_noise.variance']",[1.14320724e+04 3.61237070e+01 4.59898679e+01 9.98613863e-03],1983
1,[30.36509734],[[13.16630977]],"[array([[39.84017287, 36.0036116 ]]), 43.866764492484734]","[nan, nan]","['rbf.variance', 'rbf.lengthscale', 'Gaussian_noise.variance']",[1.14320686e+04 3.55235353e+01 4.49990032e+01 1.00105333e-02],1983
