,X_r,OC,KG,DL,HP_names,HP_vars,file_number
0,[39.29836839],[[0.00303296]],"[array([[33.67939648, 38.99683206]]), 77.6387198851492]","[nan, nan]","['rbf.variance', 'rbf.lengthscale', 'Gaussian_noise.variance']",[1.19503903e+04 3.22313927e+01 4.35144760e+01 3.23574023e-05],1950
1,[40.86133663],[[0.86244105]],"[array([[45.58255513, 39.33301519]]), 73.83827160409307]","[nan, nan]","['rbf.variance', 'rbf.lengthscale', 'Gaussian_noise.variance']",[1.12654270e+04 3.28427365e+01 4.35421930e+01 1.00000000e-03],1950
