,X_r,OC,KG,DL,HP_names,HP_vars,file_number
0,[43.61835708],[[5.73987752]],"[array([[ 0.52800332, 40.32055181]]), 44.593507377777975]","[nan, nan]","['rbf.variance', 'rbf.lengthscale', 'Gaussian_noise.variance']",[9992.41431423   44.34829939   36.79143614   56.26866468],1999
1,[41.83535694],[[2.15045768]],"[array([[24.20025944, 35.85584649]]), 43.9787353484327]","[nan, nan]","['rbf.variance', 'rbf.lengthscale', 'Gaussian_noise.variance']",[8973.83018579   46.74158714   36.12852087   57.37022861],1999
