,X_r,OC,KG,DL,HP_names,HP_vars,file_number
0,[46.0784403],[[12.29167806]],"[array([[9.20024539e-08, 4.02249498e+01]]), 51.34549981218353]","[nan, nan]","['rbf.variance', 'rbf.lengthscale', 'Gaussian_noise.variance']",[1.91711744e+04 4.10359745e+01 5.93112115e+01 8.40456137e-06],168
1,[46.69757342],[[14.08141945]],"[array([[50.32269881, 28.20466804]]), 49.18004497195913]","[nan, nan]","['rbf.variance', 'rbf.lengthscale', 'Gaussian_noise.variance']",[1.91713314e+04 4.23249492e+01 6.02857830e+01 2.60601354e-04],168
2,[46.37936263],[[13.15761812]],"[array([[46.37901827, 15.39115346]]), 50.01365110493705]","[nan, nan]","['rbf.variance', 'rbf.lengthscale', 'Gaussian_noise.variance']",[2.94237457e+04 4.84059050e+01 6.80161781e+01 1.09753955e+01],168
3,[40.30137065],[[0.37852823]],"[array([[99.84235231, 16.49735424]]), 53.27457800331721]","[nan, nan]","['rbf.variance', 'rbf.lengthscale', 'Gaussian_noise.variance']",[13402.23961087    41.59838222    42.21035832   259.14573741],168
4,[40.73520992],[[0.73654028]],"[array([[40.99847598, 86.90565993]]), 49.467389519700596]","[nan, nan]","['rbf.variance', 'rbf.lengthscale', 'Gaussian_noise.variance']",[19375.56699488    51.04896306    49.83987265   257.39334123],168
5,[39.97182176],[[0.18538067]],"[array([[39.99588685, 26.92260273]]), 50.72447253550811]","[nan, nan]","['rbf.variance', 'rbf.lengthscale', 'Gaussian_noise.variance']",[19374.01192712    51.51278806    46.90284101   245.5814675 ],168
6,[39.09443026],[[0.00332032]],"[array([[39.09409379, 84.13235802]]), 55.78259885676891]","[nan, nan]","['rbf.variance', 'rbf.lengthscale', 'Gaussian_noise.variance']",[16649.17927577    51.40352167    41.6881226    199.10631226],168
7,[39.02548363],[[0.00913482]],"[array([[39.04336283, 32.84264974]]), 57.3107952112722]","[nan, nan]","['rbf.variance', 'rbf.lengthscale', 'Gaussian_noise.variance']",[16150.31944108    51.3613428     40.04234623   166.00753617],168
