,X_r,OC,KG,DL,HP_names,HP_vars,file_number
0,[31.88867801],[[10.13989112]],"[array([[6.97508144e-07, 4.19985098e+01]]), 34.433355493883944]","[nan, nan]","['rbf.variance', 'rbf.lengthscale', 'Gaussian_noise.variance']",[1.82635948e+04 6.65346786e+01 3.82131842e+01 4.25005208e-04],1828
1,[32.97400333],[[8.01598748]],"[array([[33.0119568 , 44.27893643]]), 42.07588653681465]","[nan, nan]","['rbf.variance', 'rbf.lengthscale', 'Gaussian_noise.variance']",[1.82635842e+04 6.54950085e+01 3.45932091e+01 1.00070272e-02],1828
2,[35.39580126],[[3.61169903]],"[array([[35.47790607, 26.16743173]]), 53.04572236204428]","[nan, nan]","['rbf.variance', 'rbf.lengthscale', 'Gaussian_noise.variance']",[9420.28262996   47.33376408   27.3566882    30.38391116],1828
3,[34.69992811],[[4.79801064]],"[array([[83.09995198, 35.57219122]]), 56.494410216489555]","[nan, nan]","['rbf.variance', 'rbf.lengthscale', 'Gaussian_noise.variance']",[9543.65981035   42.52516606   30.70782808   33.16373877],1828
