,X_r,OC,KG,DL,HP_names,HP_vars,file_number
0,[27.10983239],[[19.67180378]],"[array([[16.69336936, 37.81688886]]), 48.65903828591747]","[nan, nan]","['rbf.variance', 'rbf.lengthscale', 'Gaussian_noise.variance']",[9.58008610e+03 3.89163422e+01 3.29031075e+01 1.02605739e-02],1786
1,[30.09700368],[[13.70114788]],"[array([[41.90962802, 39.32546819]]), 52.86580814196686]","[nan, nan]","['rbf.variance', 'rbf.lengthscale', 'Gaussian_noise.variance']",[8.35328863e+03 3.05481259e+01 3.79105006e+01 1.12680235e+00],1786
2,[42.60566487],[[3.52999649]],"[array([[37.38753982, 39.32329293]]), 79.9035092620213]","[nan, nan]","['rbf.variance', 'rbf.lengthscale', 'Gaussian_noise.variance']",[9.35037293e+03 3.12884518e+01 3.22798992e+01 1.00000000e-03],1786
3,[41.9853389],[[2.3957489]],"[array([[41.99437765, 33.0696182 ]]), 79.66271078489589]","[nan, nan]","['rbf.variance', 'rbf.lengthscale', 'Gaussian_noise.variance']",[9.08700690e+03 3.17202511e+01 3.24559831e+01 1.00000000e-03],1786
4,[41.99428295],[[2.41074816]],"[array([[41.99412709, 32.81898311]]), 80.29878867610249]","[nan, nan]","['rbf.variance', 'rbf.lengthscale', 'Gaussian_noise.variance']",[8.32199322e+03 3.13163490e+01 3.14408498e+01 1.00000000e-03],1786
5,[41.40315513],[[1.511763]],"[array([[41.39834845, 70.4367447 ]]), 78.6196129006102]","[nan, nan]","['rbf.variance', 'rbf.lengthscale', 'Gaussian_noise.variance']",[9.23313267e+03 3.12909192e+01 3.34952036e+01 9.19396081e+00],1786
