,X_r,OC,KG,DL,HP_names,HP_vars,file_number
0,[30.66139096],[[12.57572978]],"[array([[51.82199356, 37.88654693]]), 45.122275852891356]","[nan, nan]","['rbf.variance', 'rbf.lengthscale', 'Gaussian_noise.variance']",[18502.88029289    59.03605366    39.75037527    26.30435324],1620
1,[26.34300848],[[21.20539745]],"[array([[ 0.19668533, 23.84344097]]), 40.56351383483616]","[nan, nan]","['rbf.variance', 'rbf.lengthscale', 'Gaussian_noise.variance']",[23627.45995187    66.22845731    44.73989184    27.14419758],1620
2,[29.40456169],[[15.08392349]],"[array([[29.45827663, 99.2684705 ]]), 41.54513701082152]","[nan, nan]","['rbf.variance', 'rbf.lengthscale', 'Gaussian_noise.variance']",[23626.25102852    64.40421839    44.94794626    25.1813191 ],1620
3,[29.32922899],[[15.23444337]],"[array([[99.99997826, 27.34900479]]), 41.388583329326345]","[nan, nan]","['rbf.variance', 'rbf.lengthscale', 'Gaussian_noise.variance']",[2.36258044e+04 6.38008667e+01 4.03452344e+01 9.78834229e+00],1620
4,[28.62467694],[[16.64265978]],"[array([[28.18327427, 15.92751351]]), 38.7013810134582]","[nan, nan]","['rbf.variance', 'rbf.lengthscale', 'Gaussian_noise.variance']",[2.36258449e+04 7.14237642e+01 3.87609385e+01 8.28813269e+00],1620
5,[28.86999391],[[16.15225544]],"[array([[37.70394151, 33.96665746]]), 40.98650875651261]","[nan, nan]","['rbf.variance', 'rbf.lengthscale', 'Gaussian_noise.variance']",[2.77611973e+04 4.46992291e+01 6.59790493e+01 1.00000000e-03],1620
6,[32.3505597],[[9.2308873]],"[array([[1.54574515e-06, 6.86412020e+01]]), 50.46416712251621]","[nan, nan]","['rbf.variance', 'rbf.lengthscale', 'Gaussian_noise.variance']",[14106.4745425     51.20925099    40.72557309   175.86531962],1620
7,[31.9500454],[[10.0187842]],"[array([[31.94942037, 34.47079557]]), 49.34987868305032]","[nan, nan]","['rbf.variance', 'rbf.lengthscale', 'Gaussian_noise.variance']",[14104.93770386    51.27562213    43.20343029   173.58444464],1620
