,X_r,OC,KG,DL,HP_names,HP_vars,file_number
0,[6.90440229],[[60.08258361]],"[array([[8.23132826e-07, 5.47240435e+01]]), 31.715539371090365]","[nan, nan]","['rbf.variance', 'rbf.lengthscale', 'Gaussian_noise.variance']",[10807.93539892    53.55224668    40.06180516   462.96039   ],1743
1,[45.29588388],[[10.08650131]],"[array([[29.71079695, 31.2625536 ]]), 55.72633794552106]","[nan, nan]","['rbf.variance', 'rbf.lengthscale', 'Gaussian_noise.variance']",[1.08079503e+04 3.78685000e+01 2.81041403e+01 9.97553207e-03],1743
2,[42.42015701],[[3.17144788]],"[array([[59.18464158, 35.55548625]]), 90.3230550553343]","[nan, nan]","['rbf.variance', 'rbf.lengthscale', 'Gaussian_noise.variance']",[1.08079525e+04 3.88244750e+01 2.52406530e+01 1.01048338e-02],1743
3,[31.4180887],[[11.07122951]],"[array([[ 1.18713765, 12.71115805]]), 57.21227777055353]","[nan, nan]","['rbf.variance', 'rbf.lengthscale', 'Gaussian_noise.variance']",[11686.48084237    51.75022705    31.86118045   303.10746555],1743
4,[31.23487995],[[11.43485362]],"[array([[31.23379574, 53.90279224]]), 54.661706561137635]","[nan, nan]","['rbf.variance', 'rbf.lengthscale', 'Gaussian_noise.variance']",[11702.8264648     51.73012168    33.16441507   293.35266738],1743
5,[31.54163182],[[10.82632294]],"[array([[98.5351058 , 16.77469689]]), 54.57581906527408]","[nan, nan]","['rbf.variance', 'rbf.lengthscale', 'Gaussian_noise.variance']",[12589.69522865    53.26254586    33.97428038   242.81914412],1743
