,X_r,OC,KG,DL,HP_names,HP_vars,file_number
0,[20.38610445],[[33.11917919]],"[array([[15.9671068 , 36.75327305]]), 69.8981706426714]","[nan, nan]","['rbf.variance', 'rbf.lengthscale', 'Gaussian_noise.variance']",[7.68108478e+03 2.74696272e+01 3.65423730e+01 9.99461894e-03],1927
1,[34.94196012],[[4.37539546]],"[array([[46.92003712, 41.82211999]]), 68.18072416096004]","[nan, nan]","['rbf.variance', 'rbf.lengthscale', 'Gaussian_noise.variance']",[7.68108334e+03 2.66775572e+01 3.18523846e+01 1.01181149e-02],1927
