,X_r,OC,KG,DL,HP_names,HP_vars,file_number
0,[42.66230097],[[3.64257657]],"[array([[59.62487319, 35.36620268]]), 57.05775325122274]","[nan, nan]","['rbf.variance', 'rbf.lengthscale', 'Gaussian_noise.variance']",[2.51381119e+04 8.74989777e+01 3.56515792e+01 1.02477243e-02],1645
1,[0.00181575],[[73.88775634]],"[array([[99.7832752 ,  0.90516556]]), 57.82180188903587]","[nan, nan]","['rbf.variance', 'rbf.lengthscale', 'Gaussian_noise.variance']",[25005.21138793    99.17479754    42.11460807   185.59285065],1645
2,[0.00181575],[[73.88775634]],"[array([[1.18264784e-08, 5.99877864e+01]]), 56.49031500824469]","[nan, nan]","['rbf.variance', 'rbf.lengthscale', 'Gaussian_noise.variance']",[50768.65591976   130.2473342     51.79529964   144.50088666],1645
3,[29.48952342],[[14.91417955]],"[array([[99.64797556, 41.03579094]]), 47.79444763848504]","[nan, nan]","['rbf.variance', 'rbf.lengthscale', 'Gaussian_noise.variance']",[5.07684379e+04 1.10448811e+02 4.64437125e+01 1.34401503e+02],1645
4,[31.85966792],[[10.19717261]],"[array([[31.8729713 , 77.43432405]]), 51.55240416709481]","[nan, nan]","['rbf.variance', 'rbf.lengthscale', 'Gaussian_noise.variance']",[5.07674776e+04 9.31704673e+01 4.59019317e+01 1.22041111e+02],1645
5,[31.7541264],[[10.40572892]],"[array([[31.77388547, 32.30566955]]), 51.85647867242826]","[nan, nan]","['rbf.variance', 'rbf.lengthscale', 'Gaussian_noise.variance']",[5.07590124e+04 9.37980560e+01 4.50677923e+01 1.06749159e+02],1645
6,[29.99660076],[[13.90153982]],"[array([[29.98670857, 91.60816803]]), 57.96812795197396]","[nan, nan]","['rbf.variance', 'rbf.lengthscale', 'Gaussian_noise.variance']",[5.07586191e+04 9.15377758e+01 4.33941568e+01 1.79147285e+02],1645
7,[31.274026],[[11.35711729]],"[array([[31.28749479, 22.19078377]]), 58.54840461927562]","[nan, nan]","['rbf.variance', 'rbf.lengthscale', 'Gaussian_noise.variance']",[27918.63950215    75.67021864    38.49708884   224.80512519],1645
