,X_r,OC,KG,DL,HP_names,HP_vars,file_number
0,[4.97472202],[[63.94194414]],"[array([[ 0.24714898, 29.26589205]]), 87.28425688387217]","[nan, nan]","['rbf.variance', 'rbf.lengthscale', 'Gaussian_noise.variance']",[2.39424524e+04 7.93287877e+01 3.40067338e+01 3.67319433e-04],1613
1,[34.98378143],[[4.30337817]],"[array([[99.45183168, 92.49044469]]), 40.628145382507064]","[nan, nan]","['rbf.variance', 'rbf.lengthscale', 'Gaussian_noise.variance']",[35083.76652787    70.59449119    63.4049999    163.47133943],1613
2,[33.0818338],[[7.80773404]],"[array([[3.30800079e+01, 5.85905701e-05]]), 39.93601834497167]","[nan, nan]","['rbf.variance', 'rbf.lengthscale', 'Gaussian_noise.variance']",[35055.08957939    70.32654288    66.63338155   190.24406799],1613
3,[33.13519015],[[7.70493141]],"[array([[1.23051471, 0.67956498]]), 54.082833789662104]","[nan, nan]","['rbf.variance', 'rbf.lengthscale', 'Gaussian_noise.variance']",[35044.21943225    74.40090497    47.23848298   101.53905205],1613
4,[34.70928709],[[4.78149264]],"[array([[75.12528123,  9.71317522]]), 63.438478634299656]","[nan, nan]","['rbf.variance', 'rbf.lengthscale', 'Gaussian_noise.variance']",[3.50403399e+04 6.03298669e+01 4.00201231e+01 2.64570158e+01],1613
5,[35.63246097],[[3.23075093]],"[array([[10.48519026, 38.63755658]]), 64.85591293953914]","[nan, nan]","['rbf.variance', 'rbf.lengthscale', 'Gaussian_noise.variance']",[3.50377958e+04 4.97454147e+01 3.41563548e+01 5.17813363e+01],1613
6,[36.17310126],[[2.4138951]],"[array([[36.17344347, 49.70200591]]), 54.3653861631049]","[nan, nan]","['rbf.variance', 'rbf.lengthscale', 'Gaussian_noise.variance']",[35033.84761802    67.05039575    41.73880207    64.54293687],1613
7,[36.18037949],[[2.40346274]],"[array([[36.17965597, 30.74188332]]), 59.824591180900896]","[nan, nan]","['rbf.variance', 'rbf.lengthscale', 'Gaussian_noise.variance']",[35032.87401546    63.15523863    42.68651164    50.89466924],1613
