,X_r,Decision,best_r_quality,top_quality,OC,mean_input,P5_input,P95_input,KG,DL,HP_names,HP_vars,fp,file_number,results_name
0,[4.75552915],False,0,0,-0.06132263696753042,[39.62182443  6.21832414],[38.77665112  3.487664  ],[40.40891342 11.14122367],"[array([[1.62837844e-07, 4.52078556e+01, 9.25007549e+00]]), 0.0649227789783855]","[0, 0]","['rbf.variance', 'rbf.lengthscale', 'Gaussian_noise.variance']","[7.35606198e-01 5.24007971e+01 2.30586655e+01 2.86858900e+05
 1.00002487e-04]",20,12,Newsvendor_BICO_RESULTS
1,[26.53194218],False,0,0,0.4005985610767152,[39.64153234  6.30439271],[38.74972172  3.45029324],[40.65941281  9.82517266],"[array([[21.46660395, 49.41808828, 10.08027159]]), 0.014718244253464068]","[0, 0]","['rbf.variance', 'rbf.lengthscale', 'Gaussian_noise.variance']","[6.31728140e-01 4.89852842e+01 2.15673022e+01 2.86858900e+05
 1.00026429e-04]",20,12,Newsvendor_BICO_RESULTS
2,[29.44980388],False,0,0,0.46247429659895495,[39.56401242  6.30751877],[38.64996945  3.77320284],[40.53819012 10.21998756],"[array([[59.52426328, 45.46313055,  8.92533155]]), 0.004822821444913028]","[0, 0.00016213353206327664]","['rbf.variance', 'rbf.lengthscale', 'Gaussian_noise.variance']","[6.82142985e-01 4.62524226e+01 2.32144966e+01 2.86858900e+05
 1.00003362e-04]",20,12,Newsvendor_BICO_RESULTS
3,[34.68844627],False,0,0,0.5703976479028321,[39.65773608  6.19898549],[38.7617422   3.68898224],[40.57752114 10.88747853],"[array([[12.26231203, 43.4782455 ,  8.01977622]]), 0.0026952521585109634]","[0, 0]","['rbf.variance', 'rbf.lengthscale', 'Gaussian_noise.variance']","[7.29761189e-01 4.15959934e+01 2.51018815e+01 2.86858900e+05
 1.00015960e-04]",20,12,Newsvendor_BICO_RESULTS
4,[35.55634525],False,0,0,0.5859517881132125,[39.57217387  6.076888  ],[38.81647249  3.42018045],[40.42564466 10.39764649],"[array([[55.13246718, 41.48873064,  5.84872404]]), 7.71968891715713e-05]","[0, 0]","['rbf.variance', 'rbf.lengthscale', 'Gaussian_noise.variance']","[7.21288338e-01 4.20271855e+01 2.55232103e+01 2.86858900e+05
 1.00000108e-04]",20,12,Newsvendor_BICO_RESULTS
