,X_r,Decision,best_r_quality,top_quality,OC,mean_input,P5_input,P95_input,KG,DL,HP_names,HP_vars,fp,file_number,results_name
0,[33.88319656],False,0,0,0.5548377278446908,[38.51885971 12.29490815],[35.95974585  2.6119695 ],[40.39502019 35.19742067],"[array([[20.68211631, 37.81083911, 23.91019101]]), 0.012012284561755682]","[0, 0.0007180488279812597]","['rbf.variance', 'rbf.lengthscale', 'Gaussian_noise.variance']","[1.21910011e+00 3.35673437e+01 4.34894131e+01 2.41725313e+05
 3.43591818e-03]",5,1,Newsvendor_BICO_RESULTS
1,[34.98128887],True,0,0,0.5758106897503353,[38.17589747 12.34354937],[35.51512886  2.8782506 ],[40.32284639 28.11576147],"[array([[21.03406682, 37.39131923, 22.30607175]]), 0.001180530994023432]","[0, 0.001983764079593489]","['rbf.variance', 'rbf.lengthscale', 'Gaussian_noise.variance']","[1.23576868e+00 3.38874929e+01 4.50168803e+01 2.41725313e+05
 3.43171101e-03]",5,1,Newsvendor_BICO_RESULTS
2,[35.61761774],False,0,0,0.5869854718215246,[38.71464636  8.30698753],[36.61119291  2.62706204],[40.95015241 24.50738065],"[array([[21.93876652, 37.14811622, 19.92349106]]), 0.0010418083038437054]","[0, 0.0007846431722449248]","['rbf.variance', 'rbf.lengthscale', 'Gaussian_noise.variance']","[1.23606711e+00 3.38881772e+01 4.50231426e+01 2.41725313e+05
 3.43205498e-03]",5,1,Newsvendor_BICO_RESULTS
3,[35.69546046],False,0,0,0.5882868007150514,[38.72915542  8.66022117],[37.23516558  2.47811342],[40.28832867 25.44586871],"[array([[53.99086604, 43.59588497,  4.12297166]]), 0.0004720414288357233]","[0, 0]","['rbf.variance', 'rbf.lengthscale', 'Gaussian_noise.variance']","[1.18983030e+00 3.29294074e+01 4.43943344e+01 4.12812455e+05
 2.72389421e-03]",5,1,Newsvendor_BICO_RESULTS
4,[35.57835349],True,0,0,0.5863231291488027,[38.641076    8.69287945],[37.20938161  2.24338663],[40.10024728 23.2475284 ],"[array([[20.78980268, 39.11427453,  8.50803417]]), 0.00028550439335012223]","[0, 0.001110243790555907]","['rbf.variance', 'rbf.lengthscale', 'Gaussian_noise.variance']","[1.17862332e+00 3.30025352e+01 4.40570587e+01 5.07598007e+05
 2.37016341e-03]",5,1,Newsvendor_BICO_RESULTS
5,[36.13349084],False,0,0,0.5952941232693686,[39.10343499  8.082674  ],[37.69042586  2.67384051],[40.45246118 26.05265096],"[array([[22.39051909, 38.80531892,  6.27203509]]), 0.00025560952723185926]","[0, 0]","['rbf.variance', 'rbf.lengthscale', 'Gaussian_noise.variance']","[1.17877837e+00 3.30018642e+01 4.40617960e+01 5.07598007e+05
 2.37029586e-03]",5,1,Newsvendor_BICO_RESULTS
