,X_r,Decision,best_r_quality,top_quality,OC,mean_input,P5_input,P95_input,KG,DL,HP_names,HP_vars,fp,file_number,results_name
0,[34.67501814],False,0,0,0.5701418140392949,[39.23083429  8.32300456],[37.61787763  3.35403578],[40.46629163 17.03681823],"[array([[21.29882131, 37.79089406, 22.96623631]]), 0.012565490471855456]","[0, 0]","['rbf.variance', 'rbf.lengthscale', 'Gaussian_noise.variance']","[1.21910011e+00 3.35673437e+01 4.34894131e+01 2.41725313e+05
 3.43591818e-03]",10,1,Newsvendor_BICO_RESULTS
1,[36.01571611],False,0,0,0.5934654429729672,[39.12669639  7.74485079],[37.46709715  3.22162601],[40.50602577 16.88858189],"[array([[22.28720352, 37.20497087, 21.27323699]]), 0.0012622084534805178]","[0, 0]","['rbf.variance', 'rbf.lengthscale', 'Gaussian_noise.variance']","[1.23748579e+00 3.39263974e+01 4.50260114e+01 2.41725313e+05
 3.43113816e-03]",10,1,Newsvendor_BICO_RESULTS
