,X_r,Decision,best_r_quality,top_quality,OC,mean_input,P5_input,P95_input,KG,Best_ext_src,DL,HP_names,HP_vars,fp,file_number,results_name
0,[83.50467284],False,0,0,0.9816354839850124,[39.06781356],[35.27705541],[42.4824965],"[array([[27.07181898, 39.09314675, 40.25765175]]), 0.36084365159921034]",0,"[0, 0]","['rbf.variance', 'rbf.lengthscale', 'Gaussian_noise.variance']",[ 1.   10.   10.   10.    0.01],4,5,synthetic_different_vars_RESULTS
1,[83.35389476],False,0,0,0.9659312744887861,[39.10262052],[35.61612322],[42.3874775],"[array([[27.29214608, 39.09027626, 40.05508756]]), 0.361804702644126]",1,"[1, 0.0005817953322833587]","['rbf.variance', 'rbf.lengthscale', 'Gaussian_noise.variance']",[ 1.   10.   10.   10.    0.01],4,5,synthetic_different_vars_RESULTS
2,[83.56260011],False,0,0,0.9696980164164392,[39.09941988],[35.23904781],[42.4264853],"[array([[27.04232148, 39.11025825, 40.30211787]]), 0.36241470867976666]",0,"[0, 0.0009887463258752593]","['rbf.variance', 'rbf.lengthscale', 'Gaussian_noise.variance']",[ 1.   10.   10.   10.    0.01],4,5,synthetic_different_vars_RESULTS
3,[83.31548117],False,0,0,0.9775295897700058,[38.69640595],[34.60592118],[42.3814763],"[array([[27.08728468, 38.7260032 , 40.27027899]]), 0.35775299953008743]",0,"[0, 0]","['rbf.variance', 'rbf.lengthscale', 'Gaussian_noise.variance']",[ 1.   10.   10.   10.    0.01],4,5,synthetic_different_vars_RESULTS
4,[83.43330679],False,0,0,0.9776623784886641,[39.0196706],[35.42508502],[42.5085017],"[array([[27.15990756, 39.03006388, 40.21007324]]), 0.3620033961876952]",0,"[0, 0.00013367672210949652]","['rbf.variance', 'rbf.lengthscale', 'Gaussian_noise.variance']",[ 1.   10.   10.   10.    0.01],4,5,synthetic_different_vars_RESULTS
5,[83.33440914],False,0,0,0.9784354314957053,[38.94018804],[35.35207041],[42.5215043],"[array([[27.18126096, 38.93406267, 40.13614526]]), 0.3600439191777002]",0,"[0, 0.00020143201551646163]","['rbf.variance', 'rbf.lengthscale', 'Gaussian_noise.variance']",[ 1.   10.   10.   10.    0.01],4,5,synthetic_different_vars_RESULTS
