,X_r,OC,KG,DL,HP_names,HP_vars,file_number
0,[35.90480545],[[2.80930229]],"[array([[ 0.12290826, 32.80031152]]), 46.05701167643348]","[0, 77.6155595706002]","['rbf.variance', 'rbf.lengthscale', 'Gaussian_noise.variance']",[11763.05774854    37.08048643    35.06086671    77.85544689],0
